<specification name="airlocklab.fdr2">
    <initialXNodes> 
        <initialXNode> 
            <ikey value="GP_HashMD5_A388EC30DC4A9686EFE6F1B85E622402"/> 
        </initialNNode> 
        <initialXNode> 
            <ikey value="GP_HashMD5_A388EC30DC4A9686EFE6F1B85E622402"/> 
        </initialNNode> 
    </initialXnodes> 

    <xnodes> 
        <xnode> 
            <key value="root"/> 
            <event value="root"/> 
            <next value="GP_HashMD5_A388EC30DC4A9686EFE6F1B85E622402"/> 
        </xnode> 
        <xnode> 
            <key value="GP_HashMD5_0689D92A4D52560BA254ACD8C78E860E"/> 
            <event value="outer.door.close"/> 
            <next value="GP_HashMD5_A2DB35BFD1029E89DF68C7CBA1A4D4F6"/> 
        </xnode> 
        <xnode> 
            <key value="GP_HashMD5_0689D92A4D52560BA254ACD8C78E860E"/> 
            <event value="inner.valve.open"/> 
            <next value="GP_HashMD5_8BCDC58BE0506DA01B5E9BE39F1D3DB1"/> 
        </xnode> 
        <xnode> 
            <key value="GP_HashMD5_0689D92A4D52560BA254ACD8C78E860E"/> 
            <event value="outer.valve.open"/> 
            <next value="GP_HashMD5_3E87832FC2EDBA14A00B074E55988F51"/> 
        </xnode> 
        <xnode> 
            <key value="GP_HashMD5_071A312DB4A25F835EC8840581A61158"/> 
            <event value="outer.door.open"/> 
            <next value="GP_HashMD5_3E87832FC2EDBA14A00B074E55988F51"/> 
        </xnode> 
        <xnode> 
            <key value="GP_HashMD5_071A312DB4A25F835EC8840581A61158"/> 
            <event value="outer.valve.close"/> 
            <next value="GP_HashMD5_A2DB35BFD1029E89DF68C7CBA1A4D4F6"/> 
        </xnode> 
        <xnode> 
            <key value="GP_HashMD5_091A878FAB2BDA74D459FA30EDEEBF80"/> 
            <event value="inner.door.close"/> 
            <next value="GP_HashMD5_DFB028280442C89CB15A66514C442E48"/> 
        </xnode> 
        <xnode> 
            <key value="GP_HashMD5_091A878FAB2BDA74D459FA30EDEEBF80"/> 
            <event value="inner.valve.open"/> 
            <next value="GP_HashMD5_6D5999EAD8011B8A61AFD8C1508EF77E"/> 
        </xnode> 
        <xnode> 
            <key value="GP_HashMD5_091A878FAB2BDA74D459FA30EDEEBF80"/> 
            <event value="outer.valve.open"/> 
            <next value="GP_HashMD5_892677083DBACCBECA0AD66D84C8FF19"/> 
        </xnode> 
        <xnode> 
            <key value="GP_HashMD5_0A20AE2A492BE5D3DB6597A8A2A19082"/> 
            <event value="inner.door.open"/> 
            <next value="GP_HashMD5_6D5999EAD8011B8A61AFD8C1508EF77E"/> 
        </xnode> 
        <xnode> 
            <key value="GP_HashMD5_0A20AE2A492BE5D3DB6597A8A2A19082"/> 
            <event value="inner.valve.close"/> 
            <next value="GP_HashMD5_DFB028280442C89CB15A66514C442E48"/> 
        </xnode> 
        <xnode> 
            <key value="GP_HashMD5_173452979D5C2DB366F247DA71844DF7"/> 
            <event value="inner.door.open"/> 
            <next value="GP_HashMD5_6E620EB0AA59D0F5188D5F4DE104A4E3"/> 
        </xnode> 
        <xnode> 
            <key value="GP_HashMD5_173452979D5C2DB366F247DA71844DF7"/> 
            <event value="inner.valve.close"/> 
            <next value="GP_HashMD5_C9714EC04F35FEF7F9A6992D067582F6"/> 
        </xnode> 
        <xnode> 
            <key value="GP_HashMD5_19D15A1FFD95148FBA8E6B62BBA06F87"/> 
            <event value="inner.door.close"/> 
            <next value="GP_HashMD5_98431F1467C1FD07BD29A13248338DCC"/> 
        </xnode> 
        <xnode> 
            <key value="GP_HashMD5_19D15A1FFD95148FBA8E6B62BBA06F87"/> 
            <event value="inner.valve.open"/> 
            <next value="GP_HashMD5_708F576BE2723B8A35F4925D6734F5E7"/> 
        </xnode> 
        <xnode> 
            <key value="GP_HashMD5_19D15A1FFD95148FBA8E6B62BBA06F87"/> 
            <event value="outer.valve.open"/> 
            <next value="GP_HashMD5_892677083DBACCBECA0AD66D84C8FF19"/> 
        </xnode> 
        <xnode> 
            <key value="GP_HashMD5_1CAC13E027490746A52D4F1869F3B399"/> 
            <event value="outer.door.open"/> 
            <next value="GP_HashMD5_68B410B5FE4A3095AC5C854FB24E3C91"/> 
        </xnode> 
        <xnode> 
            <key value="GP_HashMD5_1CAC13E027490746A52D4F1869F3B399"/> 
            <event value="outer.valve.close"/> 
            <next value="GP_HashMD5_DF90D94303B0FC3B0BB7D2417529D1B7"/> 
        </xnode> 
        <xnode> 
            <key value="GP_HashMD5_1D0E8774531E4EBEF58DD5EBE5AA8B4D"/> 
            <event value="inner.door.close"/> 
            <next value="GP_HashMD5_A2DB35BFD1029E89DF68C7CBA1A4D4F6"/> 
        </xnode> 
        <xnode> 
            <key value="GP_HashMD5_1D0E8774531E4EBEF58DD5EBE5AA8B4D"/> 
            <event value="inner.valve.open"/> 
            <next value="GP_HashMD5_6E620EB0AA59D0F5188D5F4DE104A4E3"/> 
        </xnode> 
        <xnode> 
            <key value="GP_HashMD5_1D0E8774531E4EBEF58DD5EBE5AA8B4D"/> 
            <event value="outer.valve.open"/> 
            <next value="GP_HashMD5_46108727DDFCB81404636C99C09BBEFE"/> 
        </xnode> 
        <xnode> 
            <key value="GP_HashMD5_3E87832FC2EDBA14A00B074E55988F51"/> 
            <event value="outer.door.close"/> 
            <next value="GP_HashMD5_071A312DB4A25F835EC8840581A61158"/> 
        </xnode> 
        <xnode> 
            <key value="GP_HashMD5_3E87832FC2EDBA14A00B074E55988F51"/> 
            <event value="outer.valve.close"/> 
            <next value="GP_HashMD5_0689D92A4D52560BA254ACD8C78E860E"/> 
        </xnode> 
        <xnode> 
            <key value="GP_HashMD5_426B2CE0F31183540931BE4D84054003"/> 
            <event value="outer.door.open"/> 
            <next value="GP_HashMD5_727B5C54E0E678936D870CE18FC961E1"/> 
        </xnode> 
        <xnode> 
            <key value="GP_HashMD5_426B2CE0F31183540931BE4D84054003"/> 
            <event value="outer.valve.close"/> 
            <next value="GP_HashMD5_6C8848C8DCAEDC70F15EA90CDA7A6F66"/> 
        </xnode> 
        <xnode> 
            <key value="GP_HashMD5_46108727DDFCB81404636C99C09BBEFE"/> 
            <event value="inner.door.close"/> 
            <next value="GP_HashMD5_071A312DB4A25F835EC8840581A61158"/> 
        </xnode> 
        <xnode> 
            <key value="GP_HashMD5_46108727DDFCB81404636C99C09BBEFE"/> 
            <event value="outer.valve.close"/> 
            <next value="GP_HashMD5_1D0E8774531E4EBEF58DD5EBE5AA8B4D"/> 
        </xnode> 
        <xnode> 
            <key value="GP_HashMD5_4E2682C151A0A83BD540E6E2BC239153"/> 
            <event value="inner.valve.open"/> 
            <next value="GP_HashMD5_D9F480B883F2582458F3601C29BCCE1B"/> 
        </xnode> 
        <xnode> 
            <key value="GP_HashMD5_4E2682C151A0A83BD540E6E2BC239153"/> 
            <event value="outer.valve.open"/> 
            <next value="GP_HashMD5_1CAC13E027490746A52D4F1869F3B399"/> 
        </xnode> 
        <xnode> 
            <key value="GP_HashMD5_68B410B5FE4A3095AC5C854FB24E3C91"/> 
            <event value="outer.door.close"/> 
            <next value="GP_HashMD5_7F2C88E1A90BA83F1D42CE0C62499872"/> 
        </xnode> 
        <xnode> 
            <key value="GP_HashMD5_68B410B5FE4A3095AC5C854FB24E3C91"/> 
            <event value="outer.valve.close"/> 
            <next value="GP_HashMD5_CAD8BF6C21AB5BAC7BBEAD4D450B6480"/> 
        </xnode> 
        <xnode> 
            <key value="GP_HashMD5_6C8848C8DCAEDC70F15EA90CDA7A6F66"/> 
            <event value="inner.valve.open"/> 
            <next value="GP_HashMD5_FBF7FD773A7CFF1E8B09E96EB52DC53A"/> 
        </xnode> 
        <xnode> 
            <key value="GP_HashMD5_6C8848C8DCAEDC70F15EA90CDA7A6F66"/> 
            <event value="outer.valve.open"/> 
            <next value="GP_HashMD5_426B2CE0F31183540931BE4D84054003"/> 
        </xnode> 
        <xnode> 
            <key value="GP_HashMD5_6D23A68E40FD7B169BB85CF6E89228EF"/> 
            <event value="outer.door.open"/> 
            <next value="GP_HashMD5_3E87832FC2EDBA14A00B074E55988F51"/> 
        </xnode> 
        <xnode> 
            <key value="GP_HashMD5_6D23A68E40FD7B169BB85CF6E89228EF"/> 
            <event value="outer.valve.close"/> 
            <next value="GP_HashMD5_98431F1467C1FD07BD29A13248338DCC"/> 
        </xnode> 
        <xnode> 
            <key value="GP_HashMD5_6D5999EAD8011B8A61AFD8C1508EF77E"/> 
            <event value="inner.door.close"/> 
            <next value="GP_HashMD5_0A20AE2A492BE5D3DB6597A8A2A19082"/> 
        </xnode> 
        <xnode> 
            <key value="GP_HashMD5_6D5999EAD8011B8A61AFD8C1508EF77E"/> 
            <event value="inner.valve.close"/> 
            <next value="GP_HashMD5_091A878FAB2BDA74D459FA30EDEEBF80"/> 
        </xnode> 
        <xnode> 
            <key value="GP_HashMD5_6E620EB0AA59D0F5188D5F4DE104A4E3"/> 
            <event value="inner.door.close"/> 
            <next value="GP_HashMD5_784A3A7FD45C7A61BEBB213EF665E05A"/> 
        </xnode> 
        <xnode> 
            <key value="GP_HashMD5_6E620EB0AA59D0F5188D5F4DE104A4E3"/> 
            <event value="inner.valve.close"/> 
            <next value="GP_HashMD5_1D0E8774531E4EBEF58DD5EBE5AA8B4D"/> 
        </xnode> 
        <xnode> 
            <key value="GP_HashMD5_708F576BE2723B8A35F4925D6734F5E7"/> 
            <event value="inner.door.close"/> 
            <next value="GP_HashMD5_B8E956AD6456B6BB93BBFF2676FCBFA1"/> 
        </xnode> 
        <xnode> 
            <key value="GP_HashMD5_708F576BE2723B8A35F4925D6734F5E7"/> 
            <event value="inner.valve.close"/> 
            <next value="GP_HashMD5_19D15A1FFD95148FBA8E6B62BBA06F87"/> 
        </xnode> 
        <xnode> 
            <key value="GP_HashMD5_727B5C54E0E678936D870CE18FC961E1"/> 
            <event value="outer.door.close"/> 
            <next value="GP_HashMD5_ACB33C1A94D58E7349A89D3AB2359EBB"/> 
        </xnode> 
        <xnode> 
            <key value="GP_HashMD5_727B5C54E0E678936D870CE18FC961E1"/> 
            <event value="outer.valve.close"/> 
            <next value="GP_HashMD5_E315525E616FF27FE95037A8F7131273"/> 
        </xnode> 
        <xnode> 
            <key value="GP_HashMD5_784A3A7FD45C7A61BEBB213EF665E05A"/> 
            <event value="inner.door.open"/> 
            <next value="GP_HashMD5_6E620EB0AA59D0F5188D5F4DE104A4E3"/> 
        </xnode> 
        <xnode> 
            <key value="GP_HashMD5_784A3A7FD45C7A61BEBB213EF665E05A"/> 
            <event value="inner.valve.close"/> 
            <next value="GP_HashMD5_A2DB35BFD1029E89DF68C7CBA1A4D4F6"/> 
        </xnode> 
        <xnode> 
            <key value="GP_HashMD5_7F2C88E1A90BA83F1D42CE0C62499872"/> 
            <event value="outer.door.open"/> 
            <next value="GP_HashMD5_68B410B5FE4A3095AC5C854FB24E3C91"/> 
        </xnode> 
        <xnode> 
            <key value="GP_HashMD5_7F2C88E1A90BA83F1D42CE0C62499872"/> 
            <event value="outer.valve.close"/> 
            <next value="GP_HashMD5_C9714EC04F35FEF7F9A6992D067582F6"/> 
        </xnode> 
        <xnode> 
            <key value="GP_HashMD5_892677083DBACCBECA0AD66D84C8FF19"/> 
            <event value="inner.door.close"/> 
            <next value="GP_HashMD5_6D23A68E40FD7B169BB85CF6E89228EF"/> 
        </xnode> 
        <xnode> 
            <key value="GP_HashMD5_892677083DBACCBECA0AD66D84C8FF19"/> 
            <event value="outer.valve.close"/> 
            <next value="GP_HashMD5_19D15A1FFD95148FBA8E6B62BBA06F87"/> 
        </xnode> 
        <xnode> 
            <key value="GP_HashMD5_8BCDC58BE0506DA01B5E9BE39F1D3DB1"/> 
            <event value="outer.door.close"/> 
            <next value="GP_HashMD5_784A3A7FD45C7A61BEBB213EF665E05A"/> 
        </xnode> 
        <xnode> 
            <key value="GP_HashMD5_8BCDC58BE0506DA01B5E9BE39F1D3DB1"/> 
            <event value="inner.valve.close"/> 
            <next value="GP_HashMD5_0689D92A4D52560BA254ACD8C78E860E"/> 
        </xnode> 
        <xnode> 
            <key value="GP_HashMD5_98431F1467C1FD07BD29A13248338DCC"/> 
            <event value="inner.valve.open"/> 
            <next value="GP_HashMD5_B8E956AD6456B6BB93BBFF2676FCBFA1"/> 
        </xnode> 
        <xnode> 
            <key value="GP_HashMD5_98431F1467C1FD07BD29A13248338DCC"/> 
            <event value="outer.valve.open"/> 
            <next value="GP_HashMD5_6D23A68E40FD7B169BB85CF6E89228EF"/> 
        </xnode> 
        <xnode> 
            <key value="GP_HashMD5_A2DB35BFD1029E89DF68C7CBA1A4D4F6"/> 
            <event value="inner.valve.open"/> 
            <next value="GP_HashMD5_784A3A7FD45C7A61BEBB213EF665E05A"/> 
        </xnode> 
        <xnode> 
            <key value="GP_HashMD5_A2DB35BFD1029E89DF68C7CBA1A4D4F6"/> 
            <event value="outer.valve.open"/> 
            <next value="GP_HashMD5_071A312DB4A25F835EC8840581A61158"/> 
        </xnode> 
        <xnode> 
            <key value="GP_HashMD5_A388EC30DC4A9686EFE6F1B85E622402"/> 
            <event value="inner.valve.open"/> 
            <next value="GP_HashMD5_D9F480B883F2582458F3601C29BCCE1B"/> 
        </xnode> 
        <xnode> 
            <key value="GP_HashMD5_A388EC30DC4A9686EFE6F1B85E622402"/> 
            <event value="outer.valve.open"/> 
            <next value="GP_HashMD5_426B2CE0F31183540931BE4D84054003"/> 
        </xnode> 
        <xnode> 
            <key value="GP_HashMD5_ACB33C1A94D58E7349A89D3AB2359EBB"/> 
            <event value="outer.door.open"/> 
            <next value="GP_HashMD5_727B5C54E0E678936D870CE18FC961E1"/> 
        </xnode> 
        <xnode> 
            <key value="GP_HashMD5_ACB33C1A94D58E7349A89D3AB2359EBB"/> 
            <event value="outer.valve.close"/> 
            <next value="GP_HashMD5_AFBAAD5CF07B054980F202FD6A142FF5"/> 
        </xnode> 
        <xnode> 
            <key value="GP_HashMD5_AFBAAD5CF07B054980F202FD6A142FF5"/> 
            <event value="inner.valve.open"/> 
            <next value="GP_HashMD5_173452979D5C2DB366F247DA71844DF7"/> 
        </xnode> 
        <xnode> 
            <key value="GP_HashMD5_AFBAAD5CF07B054980F202FD6A142FF5"/> 
            <event value="outer.valve.open"/> 
            <next value="GP_HashMD5_ACB33C1A94D58E7349A89D3AB2359EBB"/> 
        </xnode> 
        <xnode> 
            <key value="GP_HashMD5_B8E956AD6456B6BB93BBFF2676FCBFA1"/> 
            <event value="inner.door.open"/> 
            <next value="GP_HashMD5_708F576BE2723B8A35F4925D6734F5E7"/> 
        </xnode> 
        <xnode> 
            <key value="GP_HashMD5_B8E956AD6456B6BB93BBFF2676FCBFA1"/> 
            <event value="inner.valve.close"/> 
            <next value="GP_HashMD5_98431F1467C1FD07BD29A13248338DCC"/> 
        </xnode> 
        <xnode> 
            <key value="GP_HashMD5_C9714EC04F35FEF7F9A6992D067582F6"/> 
            <event value="inner.valve.open"/> 
            <next value="GP_HashMD5_173452979D5C2DB366F247DA71844DF7"/> 
        </xnode> 
        <xnode> 
            <key value="GP_HashMD5_C9714EC04F35FEF7F9A6992D067582F6"/> 
            <event value="outer.valve.open"/> 
            <next value="GP_HashMD5_7F2C88E1A90BA83F1D42CE0C62499872"/> 
        </xnode> 
        <xnode> 
            <key value="GP_HashMD5_CAD8BF6C21AB5BAC7BBEAD4D450B6480"/> 
            <event value="outer.door.close"/> 
            <next value="GP_HashMD5_C9714EC04F35FEF7F9A6992D067582F6"/> 
        </xnode> 
        <xnode> 
            <key value="GP_HashMD5_CAD8BF6C21AB5BAC7BBEAD4D450B6480"/> 
            <event value="inner.valve.open"/> 
            <next value="GP_HashMD5_E71432723FDF5FFCC14D8CA19FE50521"/> 
        </xnode> 
        <xnode> 
            <key value="GP_HashMD5_CAD8BF6C21AB5BAC7BBEAD4D450B6480"/> 
            <event value="outer.valve.open"/> 
            <next value="GP_HashMD5_68B410B5FE4A3095AC5C854FB24E3C91"/> 
        </xnode> 
        <xnode> 
            <key value="GP_HashMD5_D9F480B883F2582458F3601C29BCCE1B"/> 
            <event value="inner.door.open"/> 
            <next value="GP_HashMD5_6D5999EAD8011B8A61AFD8C1508EF77E"/> 
        </xnode> 
        <xnode> 
            <key value="GP_HashMD5_D9F480B883F2582458F3601C29BCCE1B"/> 
            <event value="inner.valve.close"/> 
            <next value="GP_HashMD5_4E2682C151A0A83BD540E6E2BC239153"/> 
        </xnode> 
        <xnode> 
            <key value="GP_HashMD5_DF90D94303B0FC3B0BB7D2417529D1B7"/> 
            <event value="inner.valve.open"/> 
            <next value="GP_HashMD5_FBF7FD773A7CFF1E8B09E96EB52DC53A"/> 
        </xnode> 
        <xnode> 
            <key value="GP_HashMD5_DF90D94303B0FC3B0BB7D2417529D1B7"/> 
            <event value="outer.valve.open"/> 
            <next value="GP_HashMD5_1CAC13E027490746A52D4F1869F3B399"/> 
        </xnode> 
        <xnode> 
            <key value="GP_HashMD5_DFB028280442C89CB15A66514C442E48"/> 
            <event value="inner.valve.open"/> 
            <next value="GP_HashMD5_0A20AE2A492BE5D3DB6597A8A2A19082"/> 
        </xnode> 
        <xnode> 
            <key value="GP_HashMD5_DFB028280442C89CB15A66514C442E48"/> 
            <event value="outer.valve.open"/> 
            <next value="GP_HashMD5_6D23A68E40FD7B169BB85CF6E89228EF"/> 
        </xnode> 
        <xnode> 
            <key value="GP_HashMD5_E315525E616FF27FE95037A8F7131273"/> 
            <event value="outer.door.close"/> 
            <next value="GP_HashMD5_AFBAAD5CF07B054980F202FD6A142FF5"/> 
        </xnode> 
        <xnode> 
            <key value="GP_HashMD5_E315525E616FF27FE95037A8F7131273"/> 
            <event value="inner.valve.open"/> 
            <next value="GP_HashMD5_E71432723FDF5FFCC14D8CA19FE50521"/> 
        </xnode> 
        <xnode> 
            <key value="GP_HashMD5_E315525E616FF27FE95037A8F7131273"/> 
            <event value="outer.valve.open"/> 
            <next value="GP_HashMD5_727B5C54E0E678936D870CE18FC961E1"/> 
        </xnode> 
        <xnode> 
            <key value="GP_HashMD5_E71432723FDF5FFCC14D8CA19FE50521"/> 
            <event value="outer.door.close"/> 
            <next value="GP_HashMD5_173452979D5C2DB366F247DA71844DF7"/> 
        </xnode> 
        <xnode> 
            <key value="GP_HashMD5_E71432723FDF5FFCC14D8CA19FE50521"/> 
            <event value="inner.valve.close"/> 
            <next value="GP_HashMD5_CAD8BF6C21AB5BAC7BBEAD4D450B6480"/> 
        </xnode> 
        <xnode> 
            <key value="GP_HashMD5_FBF7FD773A7CFF1E8B09E96EB52DC53A"/> 
            <event value="inner.door.open"/> 
            <next value="GP_HashMD5_708F576BE2723B8A35F4925D6734F5E7"/> 
        </xnode> 
        <xnode> 
            <key value="GP_HashMD5_FBF7FD773A7CFF1E8B09E96EB52DC53A"/> 
            <event value="inner.valve.close"/> 
            <next value="GP_HashMD5_DF90D94303B0FC3B0BB7D2417529D1B7"/> 
        </xnode> 
    </xnodes> 
</specification>