<specification name="crossinglab.fdr2">
    <initialXNodes> 
        <initialXNode> 
            <ikey value="GP_HashMD5_2E209EB271E65E480E1C5C9754371EAE"/> 
        </initialNNode> 
        <initialXNode> 
            <ikey value="GP_HashMD5_2E209EB271E65E480E1C5C9754371EAE"/> 
        </initialNNode> 
    </initialXnodes> 

    <xnodes> 
        <xnode> 
            <key value="root"/> 
            <event value="root"/> 
            <next value="GP_HashMD5_2E209EB271E65E480E1C5C9754371EAE"/> 
        </xnode> 
        <xnode> 
            <key value="GP_HashMD5_03C11BF4B4126EF1D4DA8048CCB18A72"/> 
            <event value="gate.down"/> 
            <next value="GP_HashMD5_73870513A3E41347543E3A9691941A70"/> 
        </xnode> 
        <xnode> 
            <key value="GP_HashMD5_048D3CCA9E00E6B122F0382011FD18D9"/> 
            <event value="car.approach"/> 
            <next value="GP_HashMD5_53C4CB26CCED3FAF22DF894D7A585F1B"/> 
        </xnode> 
        <xnode> 
            <key value="GP_HashMD5_048D3CCA9E00E6B122F0382011FD18D9"/> 
            <event value="gate.lower"/> 
            <next value="GP_HashMD5_8DCFAD9D5DF9C9C9733B0E1B3D61224D"/> 
        </xnode> 
        <xnode> 
            <key value="GP_HashMD5_04F1DCA0155908180255AB7FE32C1963"/> 
            <event value="car.approach"/> 
            <next value="GP_HashMD5_0652339024BB160715526682AEFE6ADC"/> 
        </xnode> 
        <xnode> 
            <key value="GP_HashMD5_04F1DCA0155908180255AB7FE32C1963"/> 
            <event value="train.enter"/> 
            <next value="GP_HashMD5_7890E9724101A39EEAC2CA90F57CDC4B"/> 
        </xnode> 
        <xnode> 
            <key value="GP_HashMD5_04F1DCA0155908180255AB7FE32C1963"/> 
            <event value="train.approach"/> 
            <next value="GP_HashMD5_DC09CC42CC7CEABE97D4CC5BE5A090B1"/> 
        </xnode> 
        <xnode> 
            <key value="GP_HashMD5_0507652AB4B39679A68E5F63316D2C32"/> 
            <event value="gate.raise"/> 
            <next value="GP_HashMD5_F4B1D78B8B9CFF69CDB7974DC997B4B2"/> 
        </xnode> 
        <xnode> 
            <key value="GP_HashMD5_0604367FF109012A93EA578A989B47D1"/> 
            <event value="train.leave"/> 
            <next value="GP_HashMD5_6BB0CE2E5084FDE25FE9F5A5DC2EF817"/> 
        </xnode> 
        <xnode> 
            <key value="GP_HashMD5_0604367FF109012A93EA578A989B47D1"/> 
            <event value="train.approach"/> 
            <next value="GP_HashMD5_7736C8FEC4FC84185C72127BC85733C4"/> 
        </xnode> 
        <xnode> 
            <key value="GP_HashMD5_0652339024BB160715526682AEFE6ADC"/> 
            <event value="train.enter"/> 
            <next value="GP_HashMD5_AAA28994E2E70D9C9C6E701344B37203"/> 
        </xnode> 
        <xnode> 
            <key value="GP_HashMD5_0652339024BB160715526682AEFE6ADC"/> 
            <event value="train.approach"/> 
            <next value="GP_HashMD5_8CFE54C90B3FF8B6DA32B4BFD1CE8770"/> 
        </xnode> 
        <xnode> 
            <key value="GP_HashMD5_06F2C64095C82AF390C045966B7B69D4"/> 
            <event value="gate.raise"/> 
            <next value="GP_HashMD5_F4B1D78B8B9CFF69CDB7974DC997B4B2"/> 
        </xnode> 
        <xnode> 
            <key value="GP_HashMD5_071E0984E9BC60F6AF0979A9F9795590"/> 
            <event value="gate.down"/> 
            <next value="GP_HashMD5_8CFE54C90B3FF8B6DA32B4BFD1CE8770"/> 
        </xnode> 
        <xnode> 
            <key value="GP_HashMD5_08DCA9D3FF731952F641CB3A08A18A27"/> 
            <event value="car.leave"/> 
            <next value="GP_HashMD5_FA89F76D263B7039FECA6417581FA3A1"/> 
        </xnode> 
        <xnode> 
            <key value="GP_HashMD5_08DCA9D3FF731952F641CB3A08A18A27"/> 
            <event value="train.enter"/> 
            <next value="GP_HashMD5_626662592522E9339E0A57B6486E6866"/> 
        </xnode> 
        <xnode> 
            <key value="GP_HashMD5_08DCA9D3FF731952F641CB3A08A18A27"/> 
            <event value="train.approach"/> 
            <next value="GP_HashMD5_128463D796F97C3DD4DDA08D4497B71C"/> 
        </xnode> 
        <xnode> 
            <key value="GP_HashMD5_128463D796F97C3DD4DDA08D4497B71C"/> 
            <event value="car.leave"/> 
            <next value="GP_HashMD5_048D3CCA9E00E6B122F0382011FD18D9"/> 
        </xnode> 
        <xnode> 
            <key value="GP_HashMD5_128463D796F97C3DD4DDA08D4497B71C"/> 
            <event value="gate.lower"/> 
            <next value="GP_HashMD5_1B963AA676A5776B7DB70FF26C3C6FAA"/> 
        </xnode> 
        <xnode> 
            <key value="GP_HashMD5_13A616547FA8ED4BA2CD0B5DD4615537"/> 
            <event value="car.leave"/> 
            <next value="GP_HashMD5_5E5806528B7726839BF471C052A7F799"/> 
        </xnode> 
        <xnode> 
            <key value="GP_HashMD5_15D28B097D3DA10ABCF661B239E60887"/> 
            <event value="gate.down"/> 
            <next value="GP_HashMD5_0652339024BB160715526682AEFE6ADC"/> 
        </xnode> 
        <xnode> 
            <key value="GP_HashMD5_18E7F39CC201C38FD01DFAA6D6E06B51"/> 
            <event value="car.approach"/> 
            <next value="GP_HashMD5_AAA28994E2E70D9C9C6E701344B37203"/> 
        </xnode> 
        <xnode> 
            <key value="GP_HashMD5_18E7F39CC201C38FD01DFAA6D6E06B51"/> 
            <event value="train.leave"/> 
            <next value="GP_HashMD5_82A20886BDD69B4F6BF7160B0DA9AFB0"/> 
        </xnode> 
        <xnode> 
            <key value="GP_HashMD5_18E7F39CC201C38FD01DFAA6D6E06B51"/> 
            <event value="train.approach"/> 
            <next value="GP_HashMD5_2E865EF6736FD3FF2BEC2C1AA834B1D8"/> 
        </xnode> 
        <xnode> 
            <key value="GP_HashMD5_1A2E038A1FA9D7B03A6EFBD94DC1E0D7"/> 
            <event value="car.enter"/> 
            <next value="GP_HashMD5_1C14FA9481FD7518F3026EE2FB2B24CB"/> 
        </xnode> 
        <xnode> 
            <key value="GP_HashMD5_1A2E038A1FA9D7B03A6EFBD94DC1E0D7"/> 
            <event value="gate.lower"/> 
            <next value="GP_HashMD5_15D28B097D3DA10ABCF661B239E60887"/> 
        </xnode> 
        <xnode> 
            <key value="GP_HashMD5_1B36A669C8E1749DDAB60F3D415960BB"/> 
            <event value="car.enter"/> 
            <next value="GP_HashMD5_626662592522E9339E0A57B6486E6866"/> 
        </xnode> 
        <xnode> 
            <key value="GP_HashMD5_1B36A669C8E1749DDAB60F3D415960BB"/> 
            <event value="train.leave"/> 
            <next value="GP_HashMD5_B4FBAF3A9EA438F51552AC7EA5936EA1"/> 
        </xnode> 
        <xnode> 
            <key value="GP_HashMD5_1B36A669C8E1749DDAB60F3D415960BB"/> 
            <event value="train.approach"/> 
            <next value="GP_HashMD5_451740B22FBFB85785E57209DCE32E0E"/> 
        </xnode> 
        <xnode> 
            <key value="GP_HashMD5_1B963AA676A5776B7DB70FF26C3C6FAA"/> 
            <event value="car.leave"/> 
            <next value="GP_HashMD5_7B285D7277E17B7E9655C1F53E0C7FC0"/> 
        </xnode> 
        <xnode> 
            <key value="GP_HashMD5_1C14FA9481FD7518F3026EE2FB2B24CB"/> 
            <event value="car.leave"/> 
            <next value="GP_HashMD5_37199FE0C5DEC7899BC0BE689CD3ED3D"/> 
        </xnode> 
        <xnode> 
            <key value="GP_HashMD5_1C14FA9481FD7518F3026EE2FB2B24CB"/> 
            <event value="gate.lower"/> 
            <next value="GP_HashMD5_13A616547FA8ED4BA2CD0B5DD4615537"/> 
        </xnode> 
        <xnode> 
            <key value="GP_HashMD5_282370B1BA705FFD04B879B0E25A8549"/> 
            <event value="car.approach"/> 
            <next value="GP_HashMD5_F405AE49CBAD5CFAB8C431F6634F9C35"/> 
        </xnode> 
        <xnode> 
            <key value="GP_HashMD5_282370B1BA705FFD04B879B0E25A8549"/> 
            <event value="train.enter"/> 
            <next value="GP_HashMD5_8078E03DBCE639A0703470E2404A7D19"/> 
        </xnode> 
        <xnode> 
            <key value="GP_HashMD5_282370B1BA705FFD04B879B0E25A8549"/> 
            <event value="train.approach"/> 
            <next value="GP_HashMD5_D4E14D70875C9ECE96E6AC760B6452F6"/> 
        </xnode> 
        <xnode> 
            <key value="GP_HashMD5_2E209EB271E65E480E1C5C9754371EAE"/> 
            <event value="car.approach"/> 
            <next value="GP_HashMD5_AC558CBEEB70B00F1ECFA2716112EE13"/> 
        </xnode> 
        <xnode> 
            <key value="GP_HashMD5_2E209EB271E65E480E1C5C9754371EAE"/> 
            <event value="train.approach"/> 
            <next value="GP_HashMD5_B02650CFFED9BF127DDA732D21775ADF"/> 
        </xnode> 
        <xnode> 
            <key value="GP_HashMD5_2E865EF6736FD3FF2BEC2C1AA834B1D8"/> 
            <event value="car.approach"/> 
            <next value="GP_HashMD5_73870513A3E41347543E3A9691941A70"/> 
        </xnode> 
        <xnode> 
            <key value="GP_HashMD5_2E865EF6736FD3FF2BEC2C1AA834B1D8"/> 
            <event value="train.enter"/> 
            <next value="GP_HashMD5_AE56F1130DD51C293511C5F3D5506C55"/> 
        </xnode> 
        <xnode> 
            <key value="GP_HashMD5_2E865EF6736FD3FF2BEC2C1AA834B1D8"/> 
            <event value="train.leave"/> 
            <next value="GP_HashMD5_E60C71D180C99EBCCE58B9E045BCA6C1"/> 
        </xnode> 
        <xnode> 
            <key value="GP_HashMD5_334CE21C0E06879AAE53101EEEFF6A0C"/> 
            <event value="car.approach"/> 
            <next value="GP_HashMD5_F31637B13C895EFBAC61420880B14D3D"/> 
        </xnode> 
        <xnode> 
            <key value="GP_HashMD5_334CE21C0E06879AAE53101EEEFF6A0C"/> 
            <event value="train.approach"/> 
            <next value="GP_HashMD5_37199FE0C5DEC7899BC0BE689CD3ED3D"/> 
        </xnode> 
        <xnode> 
            <key value="GP_HashMD5_34512FE3E72770BE0EDED140391443E2"/> 
            <event value="car.approach"/> 
            <next value="GP_HashMD5_451740B22FBFB85785E57209DCE32E0E"/> 
        </xnode> 
        <xnode> 
            <key value="GP_HashMD5_34512FE3E72770BE0EDED140391443E2"/> 
            <event value="gate.lower"/> 
            <next value="GP_HashMD5_9EB40AD7974C55D07E4D44E1718C82F5"/> 
        </xnode> 
        <xnode> 
            <key value="GP_HashMD5_37199FE0C5DEC7899BC0BE689CD3ED3D"/> 
            <event value="car.approach"/> 
            <next value="GP_HashMD5_1A2E038A1FA9D7B03A6EFBD94DC1E0D7"/> 
        </xnode> 
        <xnode> 
            <key value="GP_HashMD5_37199FE0C5DEC7899BC0BE689CD3ED3D"/> 
            <event value="gate.lower"/> 
            <next value="GP_HashMD5_E312C6FB9451DC3B27EBC90944422771"/> 
        </xnode> 
        <xnode> 
            <key value="GP_HashMD5_37DA21C759C86B55DAE98055BEE1FA64"/> 
            <event value="car.approach"/> 
            <next value="GP_HashMD5_7736C8FEC4FC84185C72127BC85733C4"/> 
        </xnode> 
        <xnode> 
            <key value="GP_HashMD5_37DA21C759C86B55DAE98055BEE1FA64"/> 
            <event value="train.enter"/> 
            <next value="GP_HashMD5_6BBD3A87DA9D00032138ACFCD8789E7D"/> 
        </xnode> 
        <xnode> 
            <key value="GP_HashMD5_37DA21C759C86B55DAE98055BEE1FA64"/> 
            <event value="train.leave"/> 
            <next value="GP_HashMD5_D2F21EE41CB96697EBCFFDF63DC9547A"/> 
        </xnode> 
        <xnode> 
            <key value="GP_HashMD5_37E529AB92B685B46A7722FC1342F417"/> 
            <event value="car.leave"/> 
            <next value="GP_HashMD5_C7860FDBB29A7332DB39894F048C02D7"/> 
        </xnode> 
        <xnode> 
            <key value="GP_HashMD5_451740B22FBFB85785E57209DCE32E0E"/> 
            <event value="car.enter"/> 
            <next value="GP_HashMD5_C5CEB0AD02B59EBCB20C9FE3E00D47EA"/> 
        </xnode> 
        <xnode> 
            <key value="GP_HashMD5_451740B22FBFB85785E57209DCE32E0E"/> 
            <event value="gate.lower"/> 
            <next value="GP_HashMD5_03C11BF4B4126EF1D4DA8048CCB18A72"/> 
        </xnode> 
        <xnode> 
            <key value="GP_HashMD5_48F6E0DAD4E20792BD67603D7CA1E357"/> 
            <event value="gate.down"/> 
            <next value="GP_HashMD5_F405AE49CBAD5CFAB8C431F6634F9C35"/> 
        </xnode> 
        <xnode> 
            <key value="GP_HashMD5_53C4CB26CCED3FAF22DF894D7A585F1B"/> 
            <event value="car.enter"/> 
            <next value="GP_HashMD5_128463D796F97C3DD4DDA08D4497B71C"/> 
        </xnode> 
        <xnode> 
            <key value="GP_HashMD5_53C4CB26CCED3FAF22DF894D7A585F1B"/> 
            <event value="gate.lower"/> 
            <next value="GP_HashMD5_071E0984E9BC60F6AF0979A9F9795590"/> 
        </xnode> 
        <xnode> 
            <key value="GP_HashMD5_57D613B5BE7D7B2C65160B727ED55DE1"/> 
            <event value="gate.raise"/> 
            <next value="GP_HashMD5_1B36A669C8E1749DDAB60F3D415960BB"/> 
        </xnode> 
        <xnode> 
            <key value="GP_HashMD5_5C8233A4F42CA5399E3D5E60BB9D2F25"/> 
            <event value="car.approach"/> 
            <next value="GP_HashMD5_6BB0CE2E5084FDE25FE9F5A5DC2EF817"/> 
        </xnode> 
        <xnode> 
            <key value="GP_HashMD5_5C8233A4F42CA5399E3D5E60BB9D2F25"/> 
            <event value="gate.raise"/> 
            <next value="GP_HashMD5_D118B356A51A363791B7D9418EC9CE77"/> 
        </xnode> 
        <xnode> 
            <key value="GP_HashMD5_5D3EAB0A427F5F645FD9E65639D8BD5A"/> 
            <event value="car.approach"/> 
            <next value="GP_HashMD5_920AF1BA140B1A41A993172E00A473DD"/> 
        </xnode> 
        <xnode> 
            <key value="GP_HashMD5_5D3EAB0A427F5F645FD9E65639D8BD5A"/> 
            <event value="gate.lower"/> 
            <next value="GP_HashMD5_E312C6FB9451DC3B27EBC90944422771"/> 
        </xnode> 
        <xnode> 
            <key value="GP_HashMD5_5E5806528B7726839BF471C052A7F799"/> 
            <event value="car.approach"/> 
            <next value="GP_HashMD5_48F6E0DAD4E20792BD67603D7CA1E357"/> 
        </xnode> 
        <xnode> 
            <key value="GP_HashMD5_5E5806528B7726839BF471C052A7F799"/> 
            <event value="gate.down"/> 
            <next value="GP_HashMD5_282370B1BA705FFD04B879B0E25A8549"/> 
        </xnode> 
        <xnode> 
            <key value="GP_HashMD5_626662592522E9339E0A57B6486E6866"/> 
            <event value="car.leave"/> 
            <next value="GP_HashMD5_8A72678B61D6E4A798ECA1AF4908D40C"/> 
        </xnode> 
        <xnode> 
            <key value="GP_HashMD5_626662592522E9339E0A57B6486E6866"/> 
            <event value="train.leave"/> 
            <next value="GP_HashMD5_8180DF25F144B0BCD60DC1A5CA8C3BBA"/> 
        </xnode> 
        <xnode> 
            <key value="GP_HashMD5_626662592522E9339E0A57B6486E6866"/> 
            <event value="train.approach"/> 
            <next value="GP_HashMD5_C5CEB0AD02B59EBCB20C9FE3E00D47EA"/> 
        </xnode> 
        <xnode> 
            <key value="GP_HashMD5_62FB2CF1BCFA875D53FC3E882F1C099E"/> 
            <event value="car.approach"/> 
            <next value="GP_HashMD5_1B36A669C8E1749DDAB60F3D415960BB"/> 
        </xnode> 
        <xnode> 
            <key value="GP_HashMD5_62FB2CF1BCFA875D53FC3E882F1C099E"/> 
            <event value="train.leave"/> 
            <next value="GP_HashMD5_D09853DC8F69EE10B70EA3388E68A790"/> 
        </xnode> 
        <xnode> 
            <key value="GP_HashMD5_62FB2CF1BCFA875D53FC3E882F1C099E"/> 
            <event value="train.approach"/> 
            <next value="GP_HashMD5_34512FE3E72770BE0EDED140391443E2"/> 
        </xnode> 
        <xnode> 
            <key value="GP_HashMD5_6BB0CE2E5084FDE25FE9F5A5DC2EF817"/> 
            <event value="gate.raise"/> 
            <next value="GP_HashMD5_B4FBAF3A9EA438F51552AC7EA5936EA1"/> 
        </xnode> 
        <xnode> 
            <key value="GP_HashMD5_6BBD3A87DA9D00032138ACFCD8789E7D"/> 
            <event value="car.approach"/> 
            <next value="GP_HashMD5_C49E594A6967B515420541AC2EA9F04F"/> 
        </xnode> 
        <xnode> 
            <key value="GP_HashMD5_6BBD3A87DA9D00032138ACFCD8789E7D"/> 
            <event value="train.leave"/> 
            <next value="GP_HashMD5_D0B60559049E6EB0DF040624B7D63D48"/> 
        </xnode> 
        <xnode> 
            <key value="GP_HashMD5_733062C7A9D270368D3A9004E67D9EF6"/> 
            <event value="car.approach"/> 
            <next value="GP_HashMD5_B151D1AA8B322ABC531112D66AFB8AD5"/> 
        </xnode> 
        <xnode> 
            <key value="GP_HashMD5_733062C7A9D270368D3A9004E67D9EF6"/> 
            <event value="train.leave"/> 
            <next value="GP_HashMD5_7A38216AE6ACB0B84A7CDF47B584C241"/> 
        </xnode> 
        <xnode> 
            <key value="GP_HashMD5_73870513A3E41347543E3A9691941A70"/> 
            <event value="train.enter"/> 
            <next value="GP_HashMD5_B151D1AA8B322ABC531112D66AFB8AD5"/> 
        </xnode> 
        <xnode> 
            <key value="GP_HashMD5_73870513A3E41347543E3A9691941A70"/> 
            <event value="train.leave"/> 
            <next value="GP_HashMD5_0507652AB4B39679A68E5F63316D2C32"/> 
        </xnode> 
        <xnode> 
            <key value="GP_HashMD5_743EE763437F385629959F50398286C3"/> 
            <event value="car.approach"/> 
            <next value="GP_HashMD5_8CFE54C90B3FF8B6DA32B4BFD1CE8770"/> 
        </xnode> 
        <xnode> 
            <key value="GP_HashMD5_743EE763437F385629959F50398286C3"/> 
            <event value="train.enter"/> 
            <next value="GP_HashMD5_2E865EF6736FD3FF2BEC2C1AA834B1D8"/> 
        </xnode> 
        <xnode> 
            <key value="GP_HashMD5_759AAC3FECFA292F67790C76BA8DA375"/> 
            <event value="car.approach"/> 
            <next value="GP_HashMD5_0507652AB4B39679A68E5F63316D2C32"/> 
        </xnode> 
        <xnode> 
            <key value="GP_HashMD5_759AAC3FECFA292F67790C76BA8DA375"/> 
            <event value="gate.raise"/> 
            <next value="GP_HashMD5_C8AC399FC72C013D1C3E45A18802B6F7"/> 
        </xnode> 
        <xnode> 
            <key value="GP_HashMD5_7736C8FEC4FC84185C72127BC85733C4"/> 
            <event value="train.enter"/> 
            <next value="GP_HashMD5_C49E594A6967B515420541AC2EA9F04F"/> 
        </xnode> 
        <xnode> 
            <key value="GP_HashMD5_7736C8FEC4FC84185C72127BC85733C4"/> 
            <event value="train.leave"/> 
            <next value="GP_HashMD5_06F2C64095C82AF390C045966B7B69D4"/> 
        </xnode> 
        <xnode> 
            <key value="GP_HashMD5_77966391A14A2A804035D37C0DD48E42"/> 
            <event value="train.enter"/> 
            <next value="GP_HashMD5_7736C8FEC4FC84185C72127BC85733C4"/> 
        </xnode> 
        <xnode> 
            <key value="GP_HashMD5_77F756768F74B9FD193128F9E47B0E43"/> 
            <event value="car.approach"/> 
            <next value="GP_HashMD5_03C11BF4B4126EF1D4DA8048CCB18A72"/> 
        </xnode> 
        <xnode> 
            <key value="GP_HashMD5_77F756768F74B9FD193128F9E47B0E43"/> 
            <event value="gate.down"/> 
            <next value="GP_HashMD5_2E865EF6736FD3FF2BEC2C1AA834B1D8"/> 
        </xnode> 
        <xnode> 
            <key value="GP_HashMD5_7890E9724101A39EEAC2CA90F57CDC4B"/> 
            <event value="car.approach"/> 
            <next value="GP_HashMD5_AAA28994E2E70D9C9C6E701344B37203"/> 
        </xnode> 
        <xnode> 
            <key value="GP_HashMD5_7890E9724101A39EEAC2CA90F57CDC4B"/> 
            <event value="train.leave"/> 
            <next value="GP_HashMD5_C57D4D32B64C0953E1EDF8D58E58BC9A"/> 
        </xnode> 
        <xnode> 
            <key value="GP_HashMD5_7890E9724101A39EEAC2CA90F57CDC4B"/> 
            <event value="train.approach"/> 
            <next value="GP_HashMD5_FC22A9E521222196DC07BF1E30FCD18E"/> 
        </xnode> 
        <xnode> 
            <key value="GP_HashMD5_7A38216AE6ACB0B84A7CDF47B584C241"/> 
            <event value="car.approach"/> 
            <next value="GP_HashMD5_FF60166074822B7622FCD0F3F286E17A"/> 
        </xnode> 
        <xnode> 
            <key value="GP_HashMD5_7A38216AE6ACB0B84A7CDF47B584C241"/> 
            <event value="gate.raise"/> 
            <next value="GP_HashMD5_62FB2CF1BCFA875D53FC3E882F1C099E"/> 
        </xnode> 
        <xnode> 
            <key value="GP_HashMD5_7B285D7277E17B7E9655C1F53E0C7FC0"/> 
            <event value="car.approach"/> 
            <next value="GP_HashMD5_82560D4C0080822727E22089412401C2"/> 
        </xnode> 
        <xnode> 
            <key value="GP_HashMD5_7B285D7277E17B7E9655C1F53E0C7FC0"/> 
            <event value="gate.down"/> 
            <next value="GP_HashMD5_D4E14D70875C9ECE96E6AC760B6452F6"/> 
        </xnode> 
        <xnode> 
            <key value="GP_HashMD5_8078E03DBCE639A0703470E2404A7D19"/> 
            <event value="car.approach"/> 
            <next value="GP_HashMD5_0604367FF109012A93EA578A989B47D1"/> 
        </xnode> 
        <xnode> 
            <key value="GP_HashMD5_8078E03DBCE639A0703470E2404A7D19"/> 
            <event value="train.leave"/> 
            <next value="GP_HashMD5_5C8233A4F42CA5399E3D5E60BB9D2F25"/> 
        </xnode> 
        <xnode> 
            <key value="GP_HashMD5_8078E03DBCE639A0703470E2404A7D19"/> 
            <event value="train.approach"/> 
            <next value="GP_HashMD5_37DA21C759C86B55DAE98055BEE1FA64"/> 
        </xnode> 
        <xnode> 
            <key value="GP_HashMD5_8180DF25F144B0BCD60DC1A5CA8C3BBA"/> 
            <event value="car.leave"/> 
            <next value="GP_HashMD5_D118B356A51A363791B7D9418EC9CE77"/> 
        </xnode> 
        <xnode> 
            <key value="GP_HashMD5_8180DF25F144B0BCD60DC1A5CA8C3BBA"/> 
            <event value="train.approach"/> 
            <next value="GP_HashMD5_BB008C2C3C221380B6E862FF3F019328"/> 
        </xnode> 
        <xnode> 
            <key value="GP_HashMD5_82560D4C0080822727E22089412401C2"/> 
            <event value="gate.down"/> 
            <next value="GP_HashMD5_77966391A14A2A804035D37C0DD48E42"/> 
        </xnode> 
        <xnode> 
            <key value="GP_HashMD5_82A20886BDD69B4F6BF7160B0DA9AFB0"/> 
            <event value="car.approach"/> 
            <next value="GP_HashMD5_F7251B5C2B1C1CF78C2B8B0C6A1DF853"/> 
        </xnode> 
        <xnode> 
            <key value="GP_HashMD5_82A20886BDD69B4F6BF7160B0DA9AFB0"/> 
            <event value="gate.raise"/> 
            <next value="GP_HashMD5_D118B356A51A363791B7D9418EC9CE77"/> 
        </xnode> 
        <xnode> 
            <key value="GP_HashMD5_82CB39220D032B49B7F5F34229138897"/> 
            <event value="car.approach"/> 
            <next value="GP_HashMD5_0652339024BB160715526682AEFE6ADC"/> 
        </xnode> 
        <xnode> 
            <key value="GP_HashMD5_82CB39220D032B49B7F5F34229138897"/> 
            <event value="train.enter"/> 
            <next value="GP_HashMD5_18E7F39CC201C38FD01DFAA6D6E06B51"/> 
        </xnode> 
        <xnode> 
            <key value="GP_HashMD5_82CB39220D032B49B7F5F34229138897"/> 
            <event value="train.approach"/> 
            <next value="GP_HashMD5_743EE763437F385629959F50398286C3"/> 
        </xnode> 
        <xnode> 
            <key value="GP_HashMD5_85C14B0995593D8FE22BA014ED2EA635"/> 
            <event value="car.approach"/> 
            <next value="GP_HashMD5_15D28B097D3DA10ABCF661B239E60887"/> 
        </xnode> 
        <xnode> 
            <key value="GP_HashMD5_85C14B0995593D8FE22BA014ED2EA635"/> 
            <event value="gate.down"/> 
            <next value="GP_HashMD5_04F1DCA0155908180255AB7FE32C1963"/> 
        </xnode> 
        <xnode> 
            <key value="GP_HashMD5_8A72678B61D6E4A798ECA1AF4908D40C"/> 
            <event value="car.approach"/> 
            <next value="GP_HashMD5_1B36A669C8E1749DDAB60F3D415960BB"/> 
        </xnode> 
        <xnode> 
            <key value="GP_HashMD5_8A72678B61D6E4A798ECA1AF4908D40C"/> 
            <event value="train.leave"/> 
            <next value="GP_HashMD5_D118B356A51A363791B7D9418EC9CE77"/> 
        </xnode> 
        <xnode> 
            <key value="GP_HashMD5_8A72678B61D6E4A798ECA1AF4908D40C"/> 
            <event value="train.approach"/> 
            <next value="GP_HashMD5_9E172EABDCED682AF108B5B2812DBF8A"/> 
        </xnode> 
        <xnode> 
            <key value="GP_HashMD5_8CFE54C90B3FF8B6DA32B4BFD1CE8770"/> 
            <event value="train.enter"/> 
            <next value="GP_HashMD5_73870513A3E41347543E3A9691941A70"/> 
        </xnode> 
        <xnode> 
            <key value="GP_HashMD5_8DCFAD9D5DF9C9C9733B0E1B3D61224D"/> 
            <event value="car.approach"/> 
            <next value="GP_HashMD5_071E0984E9BC60F6AF0979A9F9795590"/> 
        </xnode> 
        <xnode> 
            <key value="GP_HashMD5_8DCFAD9D5DF9C9C9733B0E1B3D61224D"/> 
            <event value="gate.down"/> 
            <next value="GP_HashMD5_743EE763437F385629959F50398286C3"/> 
        </xnode> 
        <xnode> 
            <key value="GP_HashMD5_920AF1BA140B1A41A993172E00A473DD"/> 
            <event value="car.enter"/> 
            <next value="GP_HashMD5_BB008C2C3C221380B6E862FF3F019328"/> 
        </xnode> 
        <xnode> 
            <key value="GP_HashMD5_920AF1BA140B1A41A993172E00A473DD"/> 
            <event value="gate.lower"/> 
            <next value="GP_HashMD5_15D28B097D3DA10ABCF661B239E60887"/> 
        </xnode> 
        <xnode> 
            <key value="GP_HashMD5_9E172EABDCED682AF108B5B2812DBF8A"/> 
            <event value="car.approach"/> 
            <next value="GP_HashMD5_451740B22FBFB85785E57209DCE32E0E"/> 
        </xnode> 
        <xnode> 
            <key value="GP_HashMD5_9E172EABDCED682AF108B5B2812DBF8A"/> 
            <event value="gate.lower"/> 
            <next value="GP_HashMD5_77F756768F74B9FD193128F9E47B0E43"/> 
        </xnode> 
        <xnode> 
            <key value="GP_HashMD5_9EB40AD7974C55D07E4D44E1718C82F5"/> 
            <event value="car.approach"/> 
            <next value="GP_HashMD5_03C11BF4B4126EF1D4DA8048CCB18A72"/> 
        </xnode> 
        <xnode> 
            <key value="GP_HashMD5_9EB40AD7974C55D07E4D44E1718C82F5"/> 
            <event value="gate.down"/> 
            <next value="GP_HashMD5_FC22A9E521222196DC07BF1E30FCD18E"/> 
        </xnode> 
        <xnode> 
            <key value="GP_HashMD5_AAA28994E2E70D9C9C6E701344B37203"/> 
            <event value="train.leave"/> 
            <next value="GP_HashMD5_F7251B5C2B1C1CF78C2B8B0C6A1DF853"/> 
        </xnode> 
        <xnode> 
            <key value="GP_HashMD5_AAA28994E2E70D9C9C6E701344B37203"/> 
            <event value="train.approach"/> 
            <next value="GP_HashMD5_73870513A3E41347543E3A9691941A70"/> 
        </xnode> 
        <xnode> 
            <key value="GP_HashMD5_AC558CBEEB70B00F1ECFA2716112EE13"/> 
            <event value="car.enter"/> 
            <next value="GP_HashMD5_DA8AB8CF2BE0F2E7F1B99EFA19E1898A"/> 
        </xnode> 
        <xnode> 
            <key value="GP_HashMD5_AC558CBEEB70B00F1ECFA2716112EE13"/> 
            <event value="train.approach"/> 
            <next value="GP_HashMD5_D7DAB8FCFBCDE386055096F7F1824BD2"/> 
        </xnode> 
        <xnode> 
            <key value="GP_HashMD5_AE56F1130DD51C293511C5F3D5506C55"/> 
            <event value="car.approach"/> 
            <next value="GP_HashMD5_B151D1AA8B322ABC531112D66AFB8AD5"/> 
        </xnode> 
        <xnode> 
            <key value="GP_HashMD5_AE56F1130DD51C293511C5F3D5506C55"/> 
            <event value="train.leave"/> 
            <next value="GP_HashMD5_ED48313AA1A1C432F8E519051CD7A359"/> 
        </xnode> 
        <xnode> 
            <key value="GP_HashMD5_B02650CFFED9BF127DDA732D21775ADF"/> 
            <event value="car.approach"/> 
            <next value="GP_HashMD5_D7DAB8FCFBCDE386055096F7F1824BD2"/> 
        </xnode> 
        <xnode> 
            <key value="GP_HashMD5_B02650CFFED9BF127DDA732D21775ADF"/> 
            <event value="gate.lower"/> 
            <next value="GP_HashMD5_85C14B0995593D8FE22BA014ED2EA635"/> 
        </xnode> 
        <xnode> 
            <key value="GP_HashMD5_B151D1AA8B322ABC531112D66AFB8AD5"/> 
            <event value="train.leave"/> 
            <next value="GP_HashMD5_FF60166074822B7622FCD0F3F286E17A"/> 
        </xnode> 
        <xnode> 
            <key value="GP_HashMD5_B456287162446179D8E08D8110EEB6D6"/> 
            <event value="car.approach"/> 
            <next value="GP_HashMD5_071E0984E9BC60F6AF0979A9F9795590"/> 
        </xnode> 
        <xnode> 
            <key value="GP_HashMD5_B456287162446179D8E08D8110EEB6D6"/> 
            <event value="gate.down"/> 
            <next value="GP_HashMD5_DC09CC42CC7CEABE97D4CC5BE5A090B1"/> 
        </xnode> 
        <xnode> 
            <key value="GP_HashMD5_B4FBAF3A9EA438F51552AC7EA5936EA1"/> 
            <event value="car.enter"/> 
            <next value="GP_HashMD5_8180DF25F144B0BCD60DC1A5CA8C3BBA"/> 
        </xnode> 
        <xnode> 
            <key value="GP_HashMD5_B4FBAF3A9EA438F51552AC7EA5936EA1"/> 
            <event value="train.approach"/> 
            <next value="GP_HashMD5_920AF1BA140B1A41A993172E00A473DD"/> 
        </xnode> 
        <xnode> 
            <key value="GP_HashMD5_BB008C2C3C221380B6E862FF3F019328"/> 
            <event value="car.leave"/> 
            <next value="GP_HashMD5_5D3EAB0A427F5F645FD9E65639D8BD5A"/> 
        </xnode> 
        <xnode> 
            <key value="GP_HashMD5_BB008C2C3C221380B6E862FF3F019328"/> 
            <event value="gate.lower"/> 
            <next value="GP_HashMD5_13A616547FA8ED4BA2CD0B5DD4615537"/> 
        </xnode> 
        <xnode> 
            <key value="GP_HashMD5_C49E594A6967B515420541AC2EA9F04F"/> 
            <event value="train.leave"/> 
            <next value="GP_HashMD5_57D613B5BE7D7B2C65160B727ED55DE1"/> 
        </xnode> 
        <xnode> 
            <key value="GP_HashMD5_C57D4D32B64C0953E1EDF8D58E58BC9A"/> 
            <event value="car.approach"/> 
            <next value="GP_HashMD5_F7251B5C2B1C1CF78C2B8B0C6A1DF853"/> 
        </xnode> 
        <xnode> 
            <key value="GP_HashMD5_C57D4D32B64C0953E1EDF8D58E58BC9A"/> 
            <event value="gate.raise"/> 
            <next value="GP_HashMD5_D09853DC8F69EE10B70EA3388E68A790"/> 
        </xnode> 
        <xnode> 
            <key value="GP_HashMD5_C5CEB0AD02B59EBCB20C9FE3E00D47EA"/> 
            <event value="car.leave"/> 
            <next value="GP_HashMD5_9E172EABDCED682AF108B5B2812DBF8A"/> 
        </xnode> 
        <xnode> 
            <key value="GP_HashMD5_C5CEB0AD02B59EBCB20C9FE3E00D47EA"/> 
            <event value="gate.lower"/> 
            <next value="GP_HashMD5_37E529AB92B685B46A7722FC1342F417"/> 
        </xnode> 
        <xnode> 
            <key value="GP_HashMD5_C7860FDBB29A7332DB39894F048C02D7"/> 
            <event value="car.approach"/> 
            <next value="GP_HashMD5_DBDF9EBE0A06E34A92154EAFBE3B1077"/> 
        </xnode> 
        <xnode> 
            <key value="GP_HashMD5_C7860FDBB29A7332DB39894F048C02D7"/> 
            <event value="gate.down"/> 
            <next value="GP_HashMD5_37DA21C759C86B55DAE98055BEE1FA64"/> 
        </xnode> 
        <xnode> 
            <key value="GP_HashMD5_C8AC399FC72C013D1C3E45A18802B6F7"/> 
            <event value="car.approach"/> 
            <next value="GP_HashMD5_F4B1D78B8B9CFF69CDB7974DC997B4B2"/> 
        </xnode> 
        <xnode> 
            <key value="GP_HashMD5_C8AC399FC72C013D1C3E45A18802B6F7"/> 
            <event value="train.enter"/> 
            <next value="GP_HashMD5_62FB2CF1BCFA875D53FC3E882F1C099E"/> 
        </xnode> 
        <xnode> 
            <key value="GP_HashMD5_C8AC399FC72C013D1C3E45A18802B6F7"/> 
            <event value="train.approach"/> 
            <next value="GP_HashMD5_D7CB48F161786B5DB47D9177542C8665"/> 
        </xnode> 
        <xnode> 
            <key value="GP_HashMD5_D09853DC8F69EE10B70EA3388E68A790"/> 
            <event value="car.approach"/> 
            <next value="GP_HashMD5_B4FBAF3A9EA438F51552AC7EA5936EA1"/> 
        </xnode> 
        <xnode> 
            <key value="GP_HashMD5_D09853DC8F69EE10B70EA3388E68A790"/> 
            <event value="train.approach"/> 
            <next value="GP_HashMD5_F74DA9037850F465ABC70C94786D4173"/> 
        </xnode> 
        <xnode> 
            <key value="GP_HashMD5_D0B60559049E6EB0DF040624B7D63D48"/> 
            <event value="car.approach"/> 
            <next value="GP_HashMD5_57D613B5BE7D7B2C65160B727ED55DE1"/> 
        </xnode> 
        <xnode> 
            <key value="GP_HashMD5_D0B60559049E6EB0DF040624B7D63D48"/> 
            <event value="gate.raise"/> 
            <next value="GP_HashMD5_8A72678B61D6E4A798ECA1AF4908D40C"/> 
        </xnode> 
        <xnode> 
            <key value="GP_HashMD5_D118B356A51A363791B7D9418EC9CE77"/> 
            <event value="car.approach"/> 
            <next value="GP_HashMD5_B4FBAF3A9EA438F51552AC7EA5936EA1"/> 
        </xnode> 
        <xnode> 
            <key value="GP_HashMD5_D118B356A51A363791B7D9418EC9CE77"/> 
            <event value="train.approach"/> 
            <next value="GP_HashMD5_5D3EAB0A427F5F645FD9E65639D8BD5A"/> 
        </xnode> 
        <xnode> 
            <key value="GP_HashMD5_D2F21EE41CB96697EBCFFDF63DC9547A"/> 
            <event value="car.approach"/> 
            <next value="GP_HashMD5_06F2C64095C82AF390C045966B7B69D4"/> 
        </xnode> 
        <xnode> 
            <key value="GP_HashMD5_D2F21EE41CB96697EBCFFDF63DC9547A"/> 
            <event value="gate.raise"/> 
            <next value="GP_HashMD5_FA89F76D263B7039FECA6417581FA3A1"/> 
        </xnode> 
        <xnode> 
            <key value="GP_HashMD5_D4E14D70875C9ECE96E6AC760B6452F6"/> 
            <event value="car.approach"/> 
            <next value="GP_HashMD5_77966391A14A2A804035D37C0DD48E42"/> 
        </xnode> 
        <xnode> 
            <key value="GP_HashMD5_D4E14D70875C9ECE96E6AC760B6452F6"/> 
            <event value="train.enter"/> 
            <next value="GP_HashMD5_37DA21C759C86B55DAE98055BEE1FA64"/> 
        </xnode> 
        <xnode> 
            <key value="GP_HashMD5_D7CB48F161786B5DB47D9177542C8665"/> 
            <event value="car.approach"/> 
            <next value="GP_HashMD5_53C4CB26CCED3FAF22DF894D7A585F1B"/> 
        </xnode> 
        <xnode> 
            <key value="GP_HashMD5_D7CB48F161786B5DB47D9177542C8665"/> 
            <event value="gate.lower"/> 
            <next value="GP_HashMD5_B456287162446179D8E08D8110EEB6D6"/> 
        </xnode> 
        <xnode> 
            <key value="GP_HashMD5_D7DAB8FCFBCDE386055096F7F1824BD2"/> 
            <event value="car.enter"/> 
            <next value="GP_HashMD5_1C14FA9481FD7518F3026EE2FB2B24CB"/> 
        </xnode> 
        <xnode> 
            <key value="GP_HashMD5_D7DAB8FCFBCDE386055096F7F1824BD2"/> 
            <event value="gate.lower"/> 
            <next value="GP_HashMD5_15D28B097D3DA10ABCF661B239E60887"/> 
        </xnode> 
        <xnode> 
            <key value="GP_HashMD5_DA8AB8CF2BE0F2E7F1B99EFA19E1898A"/> 
            <event value="car.leave"/> 
            <next value="GP_HashMD5_334CE21C0E06879AAE53101EEEFF6A0C"/> 
        </xnode> 
        <xnode> 
            <key value="GP_HashMD5_DA8AB8CF2BE0F2E7F1B99EFA19E1898A"/> 
            <event value="train.approach"/> 
            <next value="GP_HashMD5_1C14FA9481FD7518F3026EE2FB2B24CB"/> 
        </xnode> 
        <xnode> 
            <key value="GP_HashMD5_DBDF9EBE0A06E34A92154EAFBE3B1077"/> 
            <event value="gate.down"/> 
            <next value="GP_HashMD5_7736C8FEC4FC84185C72127BC85733C4"/> 
        </xnode> 
        <xnode> 
            <key value="GP_HashMD5_DC09CC42CC7CEABE97D4CC5BE5A090B1"/> 
            <event value="car.approach"/> 
            <next value="GP_HashMD5_8CFE54C90B3FF8B6DA32B4BFD1CE8770"/> 
        </xnode> 
        <xnode> 
            <key value="GP_HashMD5_DC09CC42CC7CEABE97D4CC5BE5A090B1"/> 
            <event value="train.enter"/> 
            <next value="GP_HashMD5_FC22A9E521222196DC07BF1E30FCD18E"/> 
        </xnode> 
        <xnode> 
            <key value="GP_HashMD5_E312C6FB9451DC3B27EBC90944422771"/> 
            <event value="car.approach"/> 
            <next value="GP_HashMD5_15D28B097D3DA10ABCF661B239E60887"/> 
        </xnode> 
        <xnode> 
            <key value="GP_HashMD5_E312C6FB9451DC3B27EBC90944422771"/> 
            <event value="gate.down"/> 
            <next value="GP_HashMD5_82CB39220D032B49B7F5F34229138897"/> 
        </xnode> 
        <xnode> 
            <key value="GP_HashMD5_E60C71D180C99EBCCE58B9E045BCA6C1"/> 
            <event value="car.approach"/> 
            <next value="GP_HashMD5_0507652AB4B39679A68E5F63316D2C32"/> 
        </xnode> 
        <xnode> 
            <key value="GP_HashMD5_E60C71D180C99EBCCE58B9E045BCA6C1"/> 
            <event value="gate.raise"/> 
            <next value="GP_HashMD5_FA89F76D263B7039FECA6417581FA3A1"/> 
        </xnode> 
        <xnode> 
            <key value="GP_HashMD5_ED48313AA1A1C432F8E519051CD7A359"/> 
            <event value="car.approach"/> 
            <next value="GP_HashMD5_FF60166074822B7622FCD0F3F286E17A"/> 
        </xnode> 
        <xnode> 
            <key value="GP_HashMD5_ED48313AA1A1C432F8E519051CD7A359"/> 
            <event value="gate.raise"/> 
            <next value="GP_HashMD5_8A72678B61D6E4A798ECA1AF4908D40C"/> 
        </xnode> 
        <xnode> 
            <key value="GP_HashMD5_F31637B13C895EFBAC61420880B14D3D"/> 
            <event value="car.enter"/> 
            <next value="GP_HashMD5_DA8AB8CF2BE0F2E7F1B99EFA19E1898A"/> 
        </xnode> 
        <xnode> 
            <key value="GP_HashMD5_F31637B13C895EFBAC61420880B14D3D"/> 
            <event value="train.approach"/> 
            <next value="GP_HashMD5_1A2E038A1FA9D7B03A6EFBD94DC1E0D7"/> 
        </xnode> 
        <xnode> 
            <key value="GP_HashMD5_F405AE49CBAD5CFAB8C431F6634F9C35"/> 
            <event value="train.enter"/> 
            <next value="GP_HashMD5_0604367FF109012A93EA578A989B47D1"/> 
        </xnode> 
        <xnode> 
            <key value="GP_HashMD5_F405AE49CBAD5CFAB8C431F6634F9C35"/> 
            <event value="train.approach"/> 
            <next value="GP_HashMD5_77966391A14A2A804035D37C0DD48E42"/> 
        </xnode> 
        <xnode> 
            <key value="GP_HashMD5_F4B1D78B8B9CFF69CDB7974DC997B4B2"/> 
            <event value="car.enter"/> 
            <next value="GP_HashMD5_08DCA9D3FF731952F641CB3A08A18A27"/> 
        </xnode> 
        <xnode> 
            <key value="GP_HashMD5_F4B1D78B8B9CFF69CDB7974DC997B4B2"/> 
            <event value="train.enter"/> 
            <next value="GP_HashMD5_1B36A669C8E1749DDAB60F3D415960BB"/> 
        </xnode> 
        <xnode> 
            <key value="GP_HashMD5_F4B1D78B8B9CFF69CDB7974DC997B4B2"/> 
            <event value="train.approach"/> 
            <next value="GP_HashMD5_53C4CB26CCED3FAF22DF894D7A585F1B"/> 
        </xnode> 
        <xnode> 
            <key value="GP_HashMD5_F7251B5C2B1C1CF78C2B8B0C6A1DF853"/> 
            <event value="gate.raise"/> 
            <next value="GP_HashMD5_B4FBAF3A9EA438F51552AC7EA5936EA1"/> 
        </xnode> 
        <xnode> 
            <key value="GP_HashMD5_F74DA9037850F465ABC70C94786D4173"/> 
            <event value="car.approach"/> 
            <next value="GP_HashMD5_920AF1BA140B1A41A993172E00A473DD"/> 
        </xnode> 
        <xnode> 
            <key value="GP_HashMD5_F74DA9037850F465ABC70C94786D4173"/> 
            <event value="gate.lower"/> 
            <next value="GP_HashMD5_85C14B0995593D8FE22BA014ED2EA635"/> 
        </xnode> 
        <xnode> 
            <key value="GP_HashMD5_FA89F76D263B7039FECA6417581FA3A1"/> 
            <event value="car.approach"/> 
            <next value="GP_HashMD5_F4B1D78B8B9CFF69CDB7974DC997B4B2"/> 
        </xnode> 
        <xnode> 
            <key value="GP_HashMD5_FA89F76D263B7039FECA6417581FA3A1"/> 
            <event value="train.enter"/> 
            <next value="GP_HashMD5_8A72678B61D6E4A798ECA1AF4908D40C"/> 
        </xnode> 
        <xnode> 
            <key value="GP_HashMD5_FA89F76D263B7039FECA6417581FA3A1"/> 
            <event value="train.approach"/> 
            <next value="GP_HashMD5_048D3CCA9E00E6B122F0382011FD18D9"/> 
        </xnode> 
        <xnode> 
            <key value="GP_HashMD5_FC22A9E521222196DC07BF1E30FCD18E"/> 
            <event value="car.approach"/> 
            <next value="GP_HashMD5_73870513A3E41347543E3A9691941A70"/> 
        </xnode> 
        <xnode> 
            <key value="GP_HashMD5_FC22A9E521222196DC07BF1E30FCD18E"/> 
            <event value="train.enter"/> 
            <next value="GP_HashMD5_733062C7A9D270368D3A9004E67D9EF6"/> 
        </xnode> 
        <xnode> 
            <key value="GP_HashMD5_FC22A9E521222196DC07BF1E30FCD18E"/> 
            <event value="train.leave"/> 
            <next value="GP_HashMD5_759AAC3FECFA292F67790C76BA8DA375"/> 
        </xnode> 
        <xnode> 
            <key value="GP_HashMD5_FF60166074822B7622FCD0F3F286E17A"/> 
            <event value="gate.raise"/> 
            <next value="GP_HashMD5_1B36A669C8E1749DDAB60F3D415960BB"/> 
        </xnode> 
    </xnodes> 
</specification>