<specification name="estudante2.csp">
    <initialXNodes> 
        <initialXNode> 
            <ikey value="GP_HashMD5_BA71C00B62DAD8A198343BB9B11F5643"/> 
        </initialNNode> 
    </initialXnodes> 

    <xnodes> 
        <xnode> 
            <key value="root"/> 
            <event value="root"/> 
            <next value="GP_HashMD5_BA71C00B62DAD8A198343BB9B11F5643"/> 
        </xnode> 
        <xnode> 
            <key value="GP_HashMD5_0C2ABD2CA7DD62ECCF8BCC455ECF1295"/> 
            <event value="ano.3"/> 
            <next value="GP_HashMD5_CA38FC2D90E5094E0D47DB7A43B1F5C9"/> 
        </xnode> 
        <xnode> 
            <key value="GP_HashMD5_1A4FB65E604FAEE1A12274BD52D0480B"/> 
            <event value="passar"/> 
            <next value="GP_HashMD5_FE2281792313679A1B81FB2249C69BA2"/> 
        </xnode> 
        <xnode> 
            <key value="GP_HashMD5_1A4FB65E604FAEE1A12274BD52D0480B"/> 
            <event value="reprovar"/> 
            <next value="GP_HashMD5_B386CEF6CA87CD8E98F5D3BAADE07E22"/> 
        </xnode> 
        <xnode> 
            <key value="GP_HashMD5_3F7D65E8116D1E54B648B3EE317A46BB"/> 
            <event value="SKIP"/> 
            <next value="GP_HashMD5_3F7D65E8116D1E54B648B3EE317A46BB"/> 
        </xnode> 
        <xnode> 
            <key value="GP_HashMD5_6945A695A7307EB7EB73387446B98FD7"/> 
            <event value="SKIP"/> 
            <next value="GP_HashMD5_6945A695A7307EB7EB73387446B98FD7"/> 
        </xnode> 
        <xnode> 
            <key value="GP_HashMD5_8B01072DB1447A5845B456C0952DF764"/> 
            <event value="ano.1"/> 
            <next value="GP_HashMD5_D40357E0E8CF41EDB66B423E1B9B9FFA"/> 
        </xnode> 
        <xnode> 
            <key value="GP_HashMD5_B386CEF6CA87CD8E98F5D3BAADE07E22"/> 
            <event value="ano.4"/> 
            <next value="GP_HashMD5_1A4FB65E604FAEE1A12274BD52D0480B"/> 
        </xnode> 
        <xnode> 
            <key value="GP_HashMD5_BA71C00B62DAD8A198343BB9B11F5643"/> 
            <event value="entrar"/> 
            <next value="GP_HashMD5_8B01072DB1447A5845B456C0952DF764"/> 
        </xnode> 
        <xnode> 
            <key value="GP_HashMD5_CA38FC2D90E5094E0D47DB7A43B1F5C9"/> 
            <event value="passar"/> 
            <next value="GP_HashMD5_B386CEF6CA87CD8E98F5D3BAADE07E22"/> 
        </xnode> 
        <xnode> 
            <key value="GP_HashMD5_CA38FC2D90E5094E0D47DB7A43B1F5C9"/> 
            <event value="reprovar"/> 
            <next value="GP_HashMD5_0C2ABD2CA7DD62ECCF8BCC455ECF1295"/> 
        </xnode> 
        <xnode> 
            <key value="GP_HashMD5_CC387713BAB7C7209AF3675D51354E42"/> 
            <event value="ano.2"/> 
            <next value="GP_HashMD5_DB12C24406C335A3A47B189FA384B0F1"/> 
        </xnode> 
        <xnode> 
            <key value="GP_HashMD5_D40357E0E8CF41EDB66B423E1B9B9FFA"/> 
            <event value="passar"/> 
            <next value="GP_HashMD5_CC387713BAB7C7209AF3675D51354E42"/> 
        </xnode> 
        <xnode> 
            <key value="GP_HashMD5_D40357E0E8CF41EDB66B423E1B9B9FFA"/> 
            <event value="reprovar"/> 
            <next value="GP_HashMD5_8B01072DB1447A5845B456C0952DF764"/> 
        </xnode> 
        <xnode> 
            <key value="GP_HashMD5_DB12C24406C335A3A47B189FA384B0F1"/> 
            <event value="passar"/> 
            <next value="GP_HashMD5_0C2ABD2CA7DD62ECCF8BCC455ECF1295"/> 
        </xnode> 
        <xnode> 
            <key value="GP_HashMD5_DB12C24406C335A3A47B189FA384B0F1"/> 
            <event value="reprovar"/> 
            <next value="GP_HashMD5_CC387713BAB7C7209AF3675D51354E42"/> 
        </xnode> 
        <xnode> 
            <key value="GP_HashMD5_FE2281792313679A1B81FB2249C69BA2"/> 
            <event value="graduar"/> 
            <next value="GP_HashMD5_6945A695A7307EB7EB73387446B98FD7"/> 
        </xnode> 
    </xnodes> 
</specification>