<specification name="estudantePais.csp">
    <initialXNodes> 
        <initialXNode> 
            <ikey value="GP_HashMD5_BFE35BDEAB11E09F692AAF67A1E4974F"/> 
        </initialNNode> 
    </initialXnodes> 

    <xnodes> 
        <xnode> 
            <key value="root"/> 
            <event value="root"/> 
            <next value="GP_HashMD5_BFE35BDEAB11E09F692AAF67A1E4974F"/> 
        </xnode> 
        <xnode> 
            <key value="GP_HashMD5_0027A4DDB0C91FD849281FF4B821AB29"/> 
            <event value="graduar"/> 
            <next value="GP_HashMD5_A823FB88A7F63B8145EF2BC2F0DFBF85"/> 
        </xnode> 
        <xnode> 
            <key value="GP_HashMD5_0768B9855EADB1F4428E6778F323FEA5"/> 
            <event value="ano.3"/> 
            <next value="GP_HashMD5_699EF45307ECA2787B17FEDD923CE037"/> 
        </xnode> 
        <xnode> 
            <key value="GP_HashMD5_0768B9855EADB1F4428E6778F323FEA5"/> 
            <event value="presente"/> 
            <next value="GP_HashMD5_857F8136EAAA4953F092C12419F21C5C"/> 
        </xnode> 
        <xnode> 
            <key value="GP_HashMD5_0768B9855EADB1F4428E6778F323FEA5"/> 
            <event value="reclamacao"/> 
            <next value="GP_HashMD5_A847800559CFFFF7544CE4C9210B4FA1"/> 
        </xnode> 
        <xnode> 
            <key value="GP_HashMD5_0E8D677D001C2567AA17589EA38FB222"/> 
            <event value="passar"/> 
            <next value="GP_HashMD5_49603E208823815DF3A0FA8C2B3CEB11"/> 
        </xnode> 
        <xnode> 
            <key value="GP_HashMD5_0E8D677D001C2567AA17589EA38FB222"/> 
            <event value="reprovar"/> 
            <next value="GP_HashMD5_A2C7BC18BAEA2AC62204662339A56C75"/> 
        </xnode> 
        <xnode> 
            <key value="GP_HashMD5_17692DA88FE81656E537B00A3FF9A943"/> 
            <event value="presente"/> 
            <next value="GP_HashMD5_60B93DBC17D8ECBDC6654655E265ECB9"/> 
        </xnode> 
        <xnode> 
            <key value="GP_HashMD5_17692DA88FE81656E537B00A3FF9A943"/> 
            <event value="reclamacao"/> 
            <next value="GP_HashMD5_348CBB800290E7C7837035AC8F6ECBB9"/> 
        </xnode> 
        <xnode> 
            <key value="GP_HashMD5_1DA356163DD0C9FEE9527EB11556E805"/> 
            <event value="passar"/> 
            <next value="GP_HashMD5_A847800559CFFFF7544CE4C9210B4FA1"/> 
        </xnode> 
        <xnode> 
            <key value="GP_HashMD5_1DA356163DD0C9FEE9527EB11556E805"/> 
            <event value="reprovar"/> 
            <next value="GP_HashMD5_4D3A08BDF4CB3A4410F1E1839EBE0A4C"/> 
        </xnode> 
        <xnode> 
            <key value="GP_HashMD5_2001921B936CCC579781DD76C8A4DAE4"/> 
            <event value="passar"/> 
            <next value="GP_HashMD5_6B63686342D9BF2ED033392378F8A32B"/> 
        </xnode> 
        <xnode> 
            <key value="GP_HashMD5_2001921B936CCC579781DD76C8A4DAE4"/> 
            <event value="reclamacao"/> 
            <next value="GP_HashMD5_0E8D677D001C2567AA17589EA38FB222"/> 
        </xnode> 
        <xnode> 
            <key value="GP_HashMD5_29AE1B2531C7032D4911C7E4EB215624"/> 
            <event value="ano.4"/> 
            <next value="GP_HashMD5_4A357000A3DFD637D1C57383819EC503"/> 
        </xnode> 
        <xnode> 
            <key value="GP_HashMD5_29AE1B2531C7032D4911C7E4EB215624"/> 
            <event value="presente"/> 
            <next value="GP_HashMD5_A18BA4C6DA69DB5AE1F9E9A5A61A6A7A"/> 
        </xnode> 
        <xnode> 
            <key value="GP_HashMD5_2A7398DBDFE412890877BD09C5C06BA8"/> 
            <event value="ano.1"/> 
            <next value="GP_HashMD5_655BB78EC7B6E59BD759896EE51B3786"/> 
        </xnode> 
        <xnode> 
            <key value="GP_HashMD5_348CBB800290E7C7837035AC8F6ECBB9"/> 
            <event value="presente"/> 
            <next value="GP_HashMD5_1DA356163DD0C9FEE9527EB11556E805"/> 
        </xnode> 
        <xnode> 
            <key value="GP_HashMD5_348CBB800290E7C7837035AC8F6ECBB9"/> 
            <event value="reprovar"/> 
            <next value="GP_HashMD5_960A78254B2CC8A27CB18DCE9242E635"/> 
        </xnode> 
        <xnode> 
            <key value="GP_HashMD5_44A2EC843E81AA394522F9CFF68C7B09"/> 
            <event value="presente"/> 
            <next value="GP_HashMD5_2001921B936CCC579781DD76C8A4DAE4"/> 
        </xnode> 
        <xnode> 
            <key value="GP_HashMD5_44A2EC843E81AA394522F9CFF68C7B09"/> 
            <event value="reclamacao"/> 
            <next value="GP_HashMD5_4A357000A3DFD637D1C57383819EC503"/> 
        </xnode> 
        <xnode> 
            <key value="GP_HashMD5_49603E208823815DF3A0FA8C2B3CEB11"/> 
            <event value="graduar"/> 
            <next value="GP_HashMD5_EB266D3776CBC4FE599CE1734EF88A07"/> 
        </xnode> 
        <xnode> 
            <key value="GP_HashMD5_49603E208823815DF3A0FA8C2B3CEB11"/> 
            <event value="presente"/> 
            <next value="GP_HashMD5_0027A4DDB0C91FD849281FF4B821AB29"/> 
        </xnode> 
        <xnode> 
            <key value="GP_HashMD5_4A357000A3DFD637D1C57383819EC503"/> 
            <event value="presente"/> 
            <next value="GP_HashMD5_0E8D677D001C2567AA17589EA38FB222"/> 
        </xnode> 
        <xnode> 
            <key value="GP_HashMD5_4A357000A3DFD637D1C57383819EC503"/> 
            <event value="reprovar"/> 
            <next value="GP_HashMD5_B9C9D22D09EFDAAF9FF1C5849343B855"/> 
        </xnode> 
        <xnode> 
            <key value="GP_HashMD5_4D14F18853E6B2B1B8E94E3913F8D960"/> 
            <event value="passar"/> 
            <next value="GP_HashMD5_B9C9D22D09EFDAAF9FF1C5849343B855"/> 
        </xnode> 
        <xnode> 
            <key value="GP_HashMD5_4D14F18853E6B2B1B8E94E3913F8D960"/> 
            <event value="reclamacao"/> 
            <next value="GP_HashMD5_D47E46DFF5ECACAAF05024CD1DF981FF"/> 
        </xnode> 
        <xnode> 
            <key value="GP_HashMD5_4D3A08BDF4CB3A4410F1E1839EBE0A4C"/> 
            <event value="ano.2"/> 
            <next value="GP_HashMD5_60B93DBC17D8ECBDC6654655E265ECB9"/> 
        </xnode> 
        <xnode> 
            <key value="GP_HashMD5_4D3A08BDF4CB3A4410F1E1839EBE0A4C"/> 
            <event value="reclamacao"/> 
            <next value="GP_HashMD5_F049664A6B6332E832052DC681062191"/> 
        </xnode> 
        <xnode> 
            <key value="GP_HashMD5_5047440B3485BE8C49A65B97260271EC"/> 
            <event value="presente"/> 
            <next value="GP_HashMD5_868C0EFD90B8606CDF263F8808A19AFD"/> 
        </xnode> 
        <xnode> 
            <key value="GP_HashMD5_5047440B3485BE8C49A65B97260271EC"/> 
            <event value="reclamacao"/> 
            <next value="GP_HashMD5_EB266D3776CBC4FE599CE1734EF88A07"/> 
        </xnode> 
        <xnode> 
            <key value="GP_HashMD5_5836637EBBD4898B07209B0BF9840897"/> 
            <event value="ano.4"/> 
            <next value="GP_HashMD5_8D420F6AE4E4FCBA1F2ED94B80A56B99"/> 
        </xnode> 
        <xnode> 
            <key value="GP_HashMD5_60B93DBC17D8ECBDC6654655E265ECB9"/> 
            <event value="passar"/> 
            <next value="GP_HashMD5_0768B9855EADB1F4428E6778F323FEA5"/> 
        </xnode> 
        <xnode> 
            <key value="GP_HashMD5_60B93DBC17D8ECBDC6654655E265ECB9"/> 
            <event value="reclamacao"/> 
            <next value="GP_HashMD5_1DA356163DD0C9FEE9527EB11556E805"/> 
        </xnode> 
        <xnode> 
            <key value="GP_HashMD5_655BB78EC7B6E59BD759896EE51B3786"/> 
            <event value="passar"/> 
            <next value="GP_HashMD5_E36905D264CCA82F6D6400B5AA8F0B20"/> 
        </xnode> 
        <xnode> 
            <key value="GP_HashMD5_655BB78EC7B6E59BD759896EE51B3786"/> 
            <event value="reprovar"/> 
            <next value="GP_HashMD5_8321DAA1A6E36419BF59661890ECCCDD"/> 
        </xnode> 
        <xnode> 
            <key value="GP_HashMD5_699EF45307ECA2787B17FEDD923CE037"/> 
            <event value="presente"/> 
            <next value="GP_HashMD5_4D14F18853E6B2B1B8E94E3913F8D960"/> 
        </xnode> 
        <xnode> 
            <key value="GP_HashMD5_699EF45307ECA2787B17FEDD923CE037"/> 
            <event value="reclamacao"/> 
            <next value="GP_HashMD5_E3870DE04A349B35AD5FE6605FE23309"/> 
        </xnode> 
        <xnode> 
            <key value="GP_HashMD5_6B63686342D9BF2ED033392378F8A32B"/> 
            <event value="graduar"/> 
            <next value="GP_HashMD5_5047440B3485BE8C49A65B97260271EC"/> 
        </xnode> 
        <xnode> 
            <key value="GP_HashMD5_6B63686342D9BF2ED033392378F8A32B"/> 
            <event value="presente"/> 
            <next value="GP_HashMD5_72C39DC8B9396D0A2C78A085826C2DA8"/> 
        </xnode> 
        <xnode> 
            <key value="GP_HashMD5_6B63686342D9BF2ED033392378F8A32B"/> 
            <event value="reclamacao"/> 
            <next value="GP_HashMD5_49603E208823815DF3A0FA8C2B3CEB11"/> 
        </xnode> 
        <xnode> 
            <key value="GP_HashMD5_7165BC3744C599164DA1631F2A5F6350"/> 
            <event value="ano.4"/> 
            <next value="GP_HashMD5_7ABD7523E59405A1D47758C309B252C4"/> 
        </xnode> 
        <xnode> 
            <key value="GP_HashMD5_7165BC3744C599164DA1631F2A5F6350"/> 
            <event value="presente"/> 
            <next value="GP_HashMD5_5836637EBBD4898B07209B0BF9840897"/> 
        </xnode> 
        <xnode> 
            <key value="GP_HashMD5_72C39DC8B9396D0A2C78A085826C2DA8"/> 
            <event value="graduar"/> 
            <next value="GP_HashMD5_868C0EFD90B8606CDF263F8808A19AFD"/> 
        </xnode> 
        <xnode> 
            <key value="GP_HashMD5_72C39DC8B9396D0A2C78A085826C2DA8"/> 
            <event value="reclamacao"/> 
            <next value="GP_HashMD5_0027A4DDB0C91FD849281FF4B821AB29"/> 
        </xnode> 
        <xnode> 
            <key value="GP_HashMD5_7359C6332EB6B166AA30C8326FD59C7E"/> 
            <event value="passar"/> 
            <next value="GP_HashMD5_7165BC3744C599164DA1631F2A5F6350"/> 
        </xnode> 
        <xnode> 
            <key value="GP_HashMD5_7359C6332EB6B166AA30C8326FD59C7E"/> 
            <event value="reprovar"/> 
            <next value="GP_HashMD5_857F8136EAAA4953F092C12419F21C5C"/> 
        </xnode> 
        <xnode> 
            <key value="GP_HashMD5_7A5D62D0F2A4A7E5674BCBAAA408B81C"/> 
            <event value="passar"/> 
            <next value="GP_HashMD5_CC20EDF80A5BA3C660A3246F65FC9A84"/> 
        </xnode> 
        <xnode> 
            <key value="GP_HashMD5_7A5D62D0F2A4A7E5674BCBAAA408B81C"/> 
            <event value="reprovar"/> 
            <next value="GP_HashMD5_8321DAA1A6E36419BF59661890ECCCDD"/> 
        </xnode> 
        <xnode> 
            <key value="GP_HashMD5_7ABD7523E59405A1D47758C309B252C4"/> 
            <event value="presente"/> 
            <next value="GP_HashMD5_8D420F6AE4E4FCBA1F2ED94B80A56B99"/> 
        </xnode> 
        <xnode> 
            <key value="GP_HashMD5_7ABD7523E59405A1D47758C309B252C4"/> 
            <event value="reprovar"/> 
            <next value="GP_HashMD5_B9C9D22D09EFDAAF9FF1C5849343B855"/> 
        </xnode> 
        <xnode> 
            <key value="GP_HashMD5_81C331A593AB1B0916BCD4283951AD1B"/> 
            <event value="passar"/> 
            <next value="GP_HashMD5_960A78254B2CC8A27CB18DCE9242E635"/> 
        </xnode> 
        <xnode> 
            <key value="GP_HashMD5_81C331A593AB1B0916BCD4283951AD1B"/> 
            <event value="reclamacao"/> 
            <next value="GP_HashMD5_655BB78EC7B6E59BD759896EE51B3786"/> 
        </xnode> 
        <xnode> 
            <key value="GP_HashMD5_8321DAA1A6E36419BF59661890ECCCDD"/> 
            <event value="ano.1"/> 
            <next value="GP_HashMD5_81C331A593AB1B0916BCD4283951AD1B"/> 
        </xnode> 
        <xnode> 
            <key value="GP_HashMD5_8321DAA1A6E36419BF59661890ECCCDD"/> 
            <event value="reclamacao"/> 
            <next value="GP_HashMD5_2A7398DBDFE412890877BD09C5C06BA8"/> 
        </xnode> 
        <xnode> 
            <key value="GP_HashMD5_857F8136EAAA4953F092C12419F21C5C"/> 
            <event value="ano.3"/> 
            <next value="GP_HashMD5_4D14F18853E6B2B1B8E94E3913F8D960"/> 
        </xnode> 
        <xnode> 
            <key value="GP_HashMD5_857F8136EAAA4953F092C12419F21C5C"/> 
            <event value="reclamacao"/> 
            <next value="GP_HashMD5_DC5DE569CFCAD04D7E1A0AA361F14593"/> 
        </xnode> 
        <xnode> 
            <key value="GP_HashMD5_868C0EFD90B8606CDF263F8808A19AFD"/> 
            <event value="reclamacao"/> 
            <next value="GP_HashMD5_A823FB88A7F63B8145EF2BC2F0DFBF85"/> 
        </xnode> 
        <xnode> 
            <key value="GP_HashMD5_8D420F6AE4E4FCBA1F2ED94B80A56B99"/> 
            <event value="passar"/> 
            <next value="GP_HashMD5_9FAEE8BA3FF7E5CE425EBED9127990AD"/> 
        </xnode> 
        <xnode> 
            <key value="GP_HashMD5_8D420F6AE4E4FCBA1F2ED94B80A56B99"/> 
            <event value="reprovar"/> 
            <next value="GP_HashMD5_A2C7BC18BAEA2AC62204662339A56C75"/> 
        </xnode> 
        <xnode> 
            <key value="GP_HashMD5_8E525A825976FE8415ED1BEED5DDE85E"/> 
            <event value="passar"/> 
            <next value="GP_HashMD5_D11537879209CC7736C3FC1CB226975D"/> 
        </xnode> 
        <xnode> 
            <key value="GP_HashMD5_8E525A825976FE8415ED1BEED5DDE85E"/> 
            <event value="reprovar"/> 
            <next value="GP_HashMD5_4D3A08BDF4CB3A4410F1E1839EBE0A4C"/> 
        </xnode> 
        <xnode> 
            <key value="GP_HashMD5_91370497D4062EFA0B0E27C44940855A"/> 
            <event value="presente"/> 
            <next value="GP_HashMD5_7359C6332EB6B166AA30C8326FD59C7E"/> 
        </xnode> 
        <xnode> 
            <key value="GP_HashMD5_91370497D4062EFA0B0E27C44940855A"/> 
            <event value="reprovar"/> 
            <next value="GP_HashMD5_0768B9855EADB1F4428E6778F323FEA5"/> 
        </xnode> 
        <xnode> 
            <key value="GP_HashMD5_955930EB3E6D693730D2F183BEC77C8C"/> 
            <event value="STOP"/> 
            <next value="GP_HashMD5_955930EB3E6D693730D2F183BEC77C8C"/> 
        </xnode> 
        <xnode> 
            <key value="GP_HashMD5_960A78254B2CC8A27CB18DCE9242E635"/> 
            <event value="ano.2"/> 
            <next value="GP_HashMD5_17692DA88FE81656E537B00A3FF9A943"/> 
        </xnode> 
        <xnode> 
            <key value="GP_HashMD5_960A78254B2CC8A27CB18DCE9242E635"/> 
            <event value="presente"/> 
            <next value="GP_HashMD5_4D3A08BDF4CB3A4410F1E1839EBE0A4C"/> 
        </xnode> 
        <xnode> 
            <key value="GP_HashMD5_960A78254B2CC8A27CB18DCE9242E635"/> 
            <event value="reclamacao"/> 
            <next value="GP_HashMD5_E36905D264CCA82F6D6400B5AA8F0B20"/> 
        </xnode> 
        <xnode> 
            <key value="GP_HashMD5_97946796AEE972F5BB46EB55D8140219"/> 
            <event value="presente"/> 
            <next value="GP_HashMD5_955930EB3E6D693730D2F183BEC77C8C"/> 
        </xnode> 
        <xnode> 
            <key value="GP_HashMD5_9FAEE8BA3FF7E5CE425EBED9127990AD"/> 
            <event value="graduar"/> 
            <next value="GP_HashMD5_97946796AEE972F5BB46EB55D8140219"/> 
        </xnode> 
        <xnode> 
            <key value="GP_HashMD5_9FAEE8BA3FF7E5CE425EBED9127990AD"/> 
            <event value="presente"/> 
            <next value="GP_HashMD5_D8000CAF02F9E6CAD07451D9A105AA8A"/> 
        </xnode> 
        <xnode> 
            <key value="GP_HashMD5_A18BA4C6DA69DB5AE1F9E9A5A61A6A7A"/> 
            <event value="ano.4"/> 
            <next value="GP_HashMD5_0E8D677D001C2567AA17589EA38FB222"/> 
        </xnode> 
        <xnode> 
            <key value="GP_HashMD5_A2C7BC18BAEA2AC62204662339A56C75"/> 
            <event value="ano.4"/> 
            <next value="GP_HashMD5_2001921B936CCC579781DD76C8A4DAE4"/> 
        </xnode> 
        <xnode> 
            <key value="GP_HashMD5_A2C7BC18BAEA2AC62204662339A56C75"/> 
            <event value="reclamacao"/> 
            <next value="GP_HashMD5_A18BA4C6DA69DB5AE1F9E9A5A61A6A7A"/> 
        </xnode> 
        <xnode> 
            <key value="GP_HashMD5_A823FB88A7F63B8145EF2BC2F0DFBF85"/> 
            <event value="STOP"/> 
            <next value="GP_HashMD5_A823FB88A7F63B8145EF2BC2F0DFBF85"/> 
        </xnode> 
        <xnode> 
            <key value="GP_HashMD5_A847800559CFFFF7544CE4C9210B4FA1"/> 
            <event value="ano.3"/> 
            <next value="GP_HashMD5_E3870DE04A349B35AD5FE6605FE23309"/> 
        </xnode> 
        <xnode> 
            <key value="GP_HashMD5_A847800559CFFFF7544CE4C9210B4FA1"/> 
            <event value="presente"/> 
            <next value="GP_HashMD5_DC5DE569CFCAD04D7E1A0AA361F14593"/> 
        </xnode> 
        <xnode> 
            <key value="GP_HashMD5_AC6AE4D07100AECB6424DAB85EB6A668"/> 
            <event value="ano.3"/> 
            <next value="GP_HashMD5_7359C6332EB6B166AA30C8326FD59C7E"/> 
        </xnode> 
        <xnode> 
            <key value="GP_HashMD5_B9C9D22D09EFDAAF9FF1C5849343B855"/> 
            <event value="ano.4"/> 
            <next value="GP_HashMD5_44A2EC843E81AA394522F9CFF68C7B09"/> 
        </xnode> 
        <xnode> 
            <key value="GP_HashMD5_B9C9D22D09EFDAAF9FF1C5849343B855"/> 
            <event value="presente"/> 
            <next value="GP_HashMD5_A2C7BC18BAEA2AC62204662339A56C75"/> 
        </xnode> 
        <xnode> 
            <key value="GP_HashMD5_B9C9D22D09EFDAAF9FF1C5849343B855"/> 
            <event value="reclamacao"/> 
            <next value="GP_HashMD5_29AE1B2531C7032D4911C7E4EB215624"/> 
        </xnode> 
        <xnode> 
            <key value="GP_HashMD5_BFE35BDEAB11E09F692AAF67A1E4974F"/> 
            <event value="ano.1"/> 
            <next value="GP_HashMD5_7A5D62D0F2A4A7E5674BCBAAA408B81C"/> 
        </xnode> 
        <xnode> 
            <key value="GP_HashMD5_CAE45CB7C677F6C4D718014C827D962D"/> 
            <event value="presente"/> 
            <next value="GP_HashMD5_8E525A825976FE8415ED1BEED5DDE85E"/> 
        </xnode> 
        <xnode> 
            <key value="GP_HashMD5_CAE45CB7C677F6C4D718014C827D962D"/> 
            <event value="reprovar"/> 
            <next value="GP_HashMD5_960A78254B2CC8A27CB18DCE9242E635"/> 
        </xnode> 
        <xnode> 
            <key value="GP_HashMD5_CC20EDF80A5BA3C660A3246F65FC9A84"/> 
            <event value="ano.2"/> 
            <next value="GP_HashMD5_CAE45CB7C677F6C4D718014C827D962D"/> 
        </xnode> 
        <xnode> 
            <key value="GP_HashMD5_CC20EDF80A5BA3C660A3246F65FC9A84"/> 
            <event value="presente"/> 
            <next value="GP_HashMD5_F5C886AE591F77E50E24165217818F5E"/> 
        </xnode> 
        <xnode> 
            <key value="GP_HashMD5_D11537879209CC7736C3FC1CB226975D"/> 
            <event value="ano.3"/> 
            <next value="GP_HashMD5_91370497D4062EFA0B0E27C44940855A"/> 
        </xnode> 
        <xnode> 
            <key value="GP_HashMD5_D11537879209CC7736C3FC1CB226975D"/> 
            <event value="presente"/> 
            <next value="GP_HashMD5_AC6AE4D07100AECB6424DAB85EB6A668"/> 
        </xnode> 
        <xnode> 
            <key value="GP_HashMD5_D47E46DFF5ECACAAF05024CD1DF981FF"/> 
            <event value="passar"/> 
            <next value="GP_HashMD5_29AE1B2531C7032D4911C7E4EB215624"/> 
        </xnode> 
        <xnode> 
            <key value="GP_HashMD5_D47E46DFF5ECACAAF05024CD1DF981FF"/> 
            <event value="reprovar"/> 
            <next value="GP_HashMD5_857F8136EAAA4953F092C12419F21C5C"/> 
        </xnode> 
        <xnode> 
            <key value="GP_HashMD5_D8000CAF02F9E6CAD07451D9A105AA8A"/> 
            <event value="graduar"/> 
            <next value="GP_HashMD5_955930EB3E6D693730D2F183BEC77C8C"/> 
        </xnode> 
        <xnode> 
            <key value="GP_HashMD5_DC5DE569CFCAD04D7E1A0AA361F14593"/> 
            <event value="ano.3"/> 
            <next value="GP_HashMD5_D47E46DFF5ECACAAF05024CD1DF981FF"/> 
        </xnode> 
        <xnode> 
            <key value="GP_HashMD5_E36905D264CCA82F6D6400B5AA8F0B20"/> 
            <event value="ano.2"/> 
            <next value="GP_HashMD5_348CBB800290E7C7837035AC8F6ECBB9"/> 
        </xnode> 
        <xnode> 
            <key value="GP_HashMD5_E36905D264CCA82F6D6400B5AA8F0B20"/> 
            <event value="presente"/> 
            <next value="GP_HashMD5_F049664A6B6332E832052DC681062191"/> 
        </xnode> 
        <xnode> 
            <key value="GP_HashMD5_E3870DE04A349B35AD5FE6605FE23309"/> 
            <event value="presente"/> 
            <next value="GP_HashMD5_D47E46DFF5ECACAAF05024CD1DF981FF"/> 
        </xnode> 
        <xnode> 
            <key value="GP_HashMD5_E3870DE04A349B35AD5FE6605FE23309"/> 
            <event value="reprovar"/> 
            <next value="GP_HashMD5_0768B9855EADB1F4428E6778F323FEA5"/> 
        </xnode> 
        <xnode> 
            <key value="GP_HashMD5_EB266D3776CBC4FE599CE1734EF88A07"/> 
            <event value="presente"/> 
            <next value="GP_HashMD5_A823FB88A7F63B8145EF2BC2F0DFBF85"/> 
        </xnode> 
        <xnode> 
            <key value="GP_HashMD5_F049664A6B6332E832052DC681062191"/> 
            <event value="ano.2"/> 
            <next value="GP_HashMD5_1DA356163DD0C9FEE9527EB11556E805"/> 
        </xnode> 
        <xnode> 
            <key value="GP_HashMD5_F5C886AE591F77E50E24165217818F5E"/> 
            <event value="ano.2"/> 
            <next value="GP_HashMD5_8E525A825976FE8415ED1BEED5DDE85E"/> 
        </xnode> 
    </xnodes> 
</specification>