<specification name="interleavinVMs.csp">
    <initialXNodes> 
        <initialXNode> 
            <ikey value="GP_HashMD5_F90B72CF3F1160AE2512DAC43672A114"/> 
        </initialNNode> 
        <initialXNode> 
            <ikey value="GP_HashMD5_F90B72CF3F1160AE2512DAC43672A114"/> 
        </initialNNode> 
    </initialXnodes> 

    <xnodes> 
        <xnode> 
            <key value="root"/> 
            <event value="root"/> 
            <next value="GP_HashMD5_F90B72CF3F1160AE2512DAC43672A114"/> 
        </xnode> 
        <xnode> 
            <key value="GP_HashMD5_2B7766058BF80977E7F708B9BFBCD029"/> 
            <event value="chocolate"/> 
            <next value="GP_HashMD5_B7B1562142B1A071AE91DFE36DC59CA1"/> 
        </xnode> 
        <xnode> 
            <key value="GP_HashMD5_2B7766058BF80977E7F708B9BFBCD029"/> 
            <event value="coin"/> 
            <next value="GP_HashMD5_35A282623AC00BBDE8F869433619074B"/> 
        </xnode> 
        <xnode> 
            <key value="GP_HashMD5_2B8D8B5899A7742083DE5D58002AFAE7"/> 
            <event value="coin"/> 
            <next value="GP_HashMD5_2B7766058BF80977E7F708B9BFBCD029"/> 
        </xnode> 
        <xnode> 
            <key value="GP_HashMD5_2B8D8B5899A7742083DE5D58002AFAE7"/> 
            <event value="coin"/> 
            <next value="GP_HashMD5_3347F03E2AA4C53DB4274ED2DE0EEA4C"/> 
        </xnode> 
        <xnode> 
            <key value="GP_HashMD5_3347F03E2AA4C53DB4274ED2DE0EEA4C"/> 
            <event value="coin"/> 
            <next value="GP_HashMD5_35A282623AC00BBDE8F869433619074B"/> 
        </xnode> 
        <xnode> 
            <key value="GP_HashMD5_3347F03E2AA4C53DB4274ED2DE0EEA4C"/> 
            <event value="biscuit"/> 
            <next value="GP_HashMD5_2B8D8B5899A7742083DE5D58002AFAE7"/> 
        </xnode> 
        <xnode> 
            <key value="GP_HashMD5_35A282623AC00BBDE8F869433619074B"/> 
            <event value="chocolate"/> 
            <next value="GP_HashMD5_C7C6C254E72247CD2A26E560953E453B"/> 
        </xnode> 
        <xnode> 
            <key value="GP_HashMD5_35A282623AC00BBDE8F869433619074B"/> 
            <event value="biscuit"/> 
            <next value="GP_HashMD5_2B7766058BF80977E7F708B9BFBCD029"/> 
        </xnode> 
        <xnode> 
            <key value="GP_HashMD5_96B3B5575A6A3D5F5C5D54700FFC18E4"/> 
            <event value="coin"/> 
            <next value="GP_HashMD5_DD2BF79202F4CA5CB008BCAE2DA2E0C7"/> 
        </xnode> 
        <xnode> 
            <key value="GP_HashMD5_96B3B5575A6A3D5F5C5D54700FFC18E4"/> 
            <event value="coin"/> 
            <next value="GP_HashMD5_C7C6C254E72247CD2A26E560953E453B"/> 
        </xnode> 
        <xnode> 
            <key value="GP_HashMD5_B7B1562142B1A071AE91DFE36DC59CA1"/> 
            <event value="coin"/> 
            <next value="GP_HashMD5_2B7766058BF80977E7F708B9BFBCD029"/> 
        </xnode> 
        <xnode> 
            <key value="GP_HashMD5_B7B1562142B1A071AE91DFE36DC59CA1"/> 
            <event value="coin"/> 
            <next value="GP_HashMD5_C7C6C254E72247CD2A26E560953E453B"/> 
        </xnode> 
        <xnode> 
            <key value="GP_HashMD5_C7C6C254E72247CD2A26E560953E453B"/> 
            <event value="coin"/> 
            <next value="GP_HashMD5_35A282623AC00BBDE8F869433619074B"/> 
        </xnode> 
        <xnode> 
            <key value="GP_HashMD5_C7C6C254E72247CD2A26E560953E453B"/> 
            <event value="biscuit"/> 
            <next value="GP_HashMD5_B7B1562142B1A071AE91DFE36DC59CA1"/> 
        </xnode> 
        <xnode> 
            <key value="GP_HashMD5_DD2BF79202F4CA5CB008BCAE2DA2E0C7"/> 
            <event value="chocolate"/> 
            <next value="GP_HashMD5_96B3B5575A6A3D5F5C5D54700FFC18E4"/> 
        </xnode> 
        <xnode> 
            <key value="GP_HashMD5_DD2BF79202F4CA5CB008BCAE2DA2E0C7"/> 
            <event value="coin"/> 
            <next value="GP_HashMD5_35A282623AC00BBDE8F869433619074B"/> 
        </xnode> 
        <xnode> 
            <key value="GP_HashMD5_F90B72CF3F1160AE2512DAC43672A114"/> 
            <event value="coin"/> 
            <next value="GP_HashMD5_DD2BF79202F4CA5CB008BCAE2DA2E0C7"/> 
        </xnode> 
        <xnode> 
            <key value="GP_HashMD5_F90B72CF3F1160AE2512DAC43672A114"/> 
            <event value="coin"/> 
            <next value="GP_HashMD5_3347F03E2AA4C53DB4274ED2DE0EEA4C"/> 
        </xnode> 
    </xnodes> 
</specification>