<specification name="leftright.csp">
    <initialXNodes> 
        <initialXNode> 
            <ikey value="GP_HashMD5_9184BECAC3F50BBF1D76686FFE9110E1"/> 
        </initialNNode> 
        <initialXNode> 
            <ikey value="GP_HashMD5_9184BECAC3F50BBF1D76686FFE9110E1"/> 
        </initialNNode> 
    </initialXnodes> 

    <xnodes> 
        <xnode> 
            <key value="root"/> 
            <event value="root"/> 
            <next value="GP_HashMD5_9184BECAC3F50BBF1D76686FFE9110E1"/> 
        </xnode> 
        <xnode> 
            <key value="GP_HashMD5_00C11642D3DB40F0802FCDFEDFB4AB8B"/> 
            <event value="jump.0.1.2"/> 
            <next value="GP_HashMD5_F17FD03849D6A3E07AA056E8D9091A82"/> 
        </xnode> 
        <xnode> 
            <key value="GP_HashMD5_00C11642D3DB40F0802FCDFEDFB4AB8B"/> 
            <event value="jump.4.3.2"/> 
            <next value="GP_HashMD5_4F5EDD24B42E07E46EC4AAB8112FA954"/> 
        </xnode> 
        <xnode> 
            <key value="GP_HashMD5_00CA0113E90F4AAF2ED1ACDDEC1C6727"/> 
            <event value="jump.6.7.8"/> 
            <next value="GP_HashMD5_C5BB6A4DD6CED6F71EFBBA29D8A328D0"/> 
        </xnode> 
        <xnode> 
            <key value="GP_HashMD5_00E28F37BB923DDFB5D76F51743883D3"/> 
            <event value="move.5.6"/> 
            <next value="GP_HashMD5_27ACE78887E9BD802F0DBED84C8E35A5"/> 
        </xnode> 
        <xnode> 
            <key value="GP_HashMD5_00E28F37BB923DDFB5D76F51743883D3"/> 
            <event value="move.7.6"/> 
            <next value="GP_HashMD5_EEF4E5088F59175722B1C86025603555"/> 
        </xnode> 
        <xnode> 
            <key value="GP_HashMD5_02AF5098233B9921BAEDF78F9613FC77"/> 
            <event value="move.7.6"/> 
            <next value="GP_HashMD5_BEB80D40E9E4C2804DB0D4B6A87BD91E"/> 
        </xnode> 
        <xnode> 
            <key value="GP_HashMD5_030A03F3325E16D30D3BF2F09DD59177"/> 
            <event value="move.5.6"/> 
            <next value="GP_HashMD5_AFB91E661F21443362FDAD04200926AF"/> 
        </xnode> 
        <xnode> 
            <key value="GP_HashMD5_0437667069DBF4D011B8EA999C6AC7E7"/> 
            <event value="move.6.5"/> 
            <next value="GP_HashMD5_CD467B4BAC1D23B1D3390459A202B983"/> 
        </xnode> 
        <xnode> 
            <key value="GP_HashMD5_053A262A8087F44543F39C7EBA8232CC"/> 
            <event value="STOP"/> 
            <next value="GP_HashMD5_053A262A8087F44543F39C7EBA8232CC"/> 
        </xnode> 
        <xnode> 
            <key value="GP_HashMD5_083F6722EE33BB89F4B6194259387FF8"/> 
            <event value="STOP"/> 
            <next value="GP_HashMD5_083F6722EE33BB89F4B6194259387FF8"/> 
        </xnode> 
        <xnode> 
            <key value="GP_HashMD5_0A32AFAC871F8BF0141F62C533C70343"/> 
            <event value="move.1.2"/> 
            <next value="GP_HashMD5_631A5D79D089F41CA9E138FEE4E1186B"/> 
        </xnode> 
        <xnode> 
            <key value="GP_HashMD5_0B2E12ABBC606396EDD8AD58E2F40F9A"/> 
            <event value="move.4.3"/> 
            <next value="GP_HashMD5_CCEF773D3C550BF3A2F9EFDFC196AC72"/> 
        </xnode> 
        <xnode> 
            <key value="GP_HashMD5_0C5A58281D552115218A7E71AD3A8352"/> 
            <event value="jump.8.7.6"/> 
            <next value="GP_HashMD5_7F496A9346E08BD0C489F828E92D3214"/> 
        </xnode> 
        <xnode> 
            <key value="GP_HashMD5_0C5A58281D552115218A7E71AD3A8352"/> 
            <event value="move.5.6"/> 
            <next value="GP_HashMD5_1E0D31BA97A1EF8E7D71C96BC90A1306"/> 
        </xnode> 
        <xnode> 
            <key value="GP_HashMD5_0CDA5912AA0187D4D3D069636E6F1DAD"/> 
            <event value="jump.4.5.6"/> 
            <next value="GP_HashMD5_5BB7690726B8B0FA0EBD8B2D42988F42"/> 
        </xnode> 
        <xnode> 
            <key value="GP_HashMD5_0CDA5912AA0187D4D3D069636E6F1DAD"/> 
            <event value="move.7.6"/> 
            <next value="GP_HashMD5_0F1A4EB5FC135782A985D785E9B5E5EC"/> 
        </xnode> 
        <xnode> 
            <key value="GP_HashMD5_0E7D9AC216ADC91A80A8F098ABEE61B8"/> 
            <event value="jump.5.6.7"/> 
            <next value="GP_HashMD5_0437667069DBF4D011B8EA999C6AC7E7"/> 
        </xnode> 
        <xnode> 
            <key value="GP_HashMD5_0F1A4EB5FC135782A985D785E9B5E5EC"/> 
            <event value="move.8.7"/> 
            <next value="GP_HashMD5_CD5998332416B2552AA182CCD8C9F688"/> 
        </xnode> 
        <xnode> 
            <key value="GP_HashMD5_0FA748431AC3C56CBD13E42FBB30C6B1"/> 
            <event value="jump.7.6.5"/> 
            <next value="GP_HashMD5_6F376949A667A4E621CF641DD5947707"/> 
        </xnode> 
        <xnode> 
            <key value="GP_HashMD5_0FA748431AC3C56CBD13E42FBB30C6B1"/> 
            <event value="move.4.5"/> 
            <next value="GP_HashMD5_54E02F306A87221FA401923F066935F5"/> 
        </xnode> 
        <xnode> 
            <key value="GP_HashMD5_10477281CB8879D970E313CD18A17B41"/> 
            <event value="move.8.7"/> 
            <next value="GP_HashMD5_507CA3C8D7CC09C8A161AE7FCE9FB929"/> 
        </xnode> 
        <xnode> 
            <key value="GP_HashMD5_1081703430FF8DA77D45E1937FDE394F"/> 
            <event value="jump.6.5.4"/> 
            <next value="GP_HashMD5_C4AF4BC34318585330C552435384FBD0"/> 
        </xnode> 
        <xnode> 
            <key value="GP_HashMD5_1081703430FF8DA77D45E1937FDE394F"/> 
            <event value="move.3.4"/> 
            <next value="GP_HashMD5_7A49ABC3C81C3B16179F62FAEBEC0851"/> 
        </xnode> 
        <xnode> 
            <key value="GP_HashMD5_10CC8BE467AAEF82F0AAA2A97E1B408C"/> 
            <event value="STOP"/> 
            <next value="GP_HashMD5_10CC8BE467AAEF82F0AAA2A97E1B408C"/> 
        </xnode> 
        <xnode> 
            <key value="GP_HashMD5_110E25FD88A8224BECFABC86EC17F14A"/> 
            <event value="jump.6.5.4"/> 
            <next value="GP_HashMD5_7E37171B7FAD0E60B022B38E0F3AC4B1"/> 
        </xnode> 
        <xnode> 
            <key value="GP_HashMD5_110E25FD88A8224BECFABC86EC17F14A"/> 
            <event value="move.3.4"/> 
            <next value="GP_HashMD5_A6F0F85258C04A0511EBB3B397AAE8FD"/> 
        </xnode> 
        <xnode> 
            <key value="GP_HashMD5_11CE795DFDDEAAE0BC5B959647739E47"/> 
            <event value="jump.5.4.3"/> 
            <next value="GP_HashMD5_0FA748431AC3C56CBD13E42FBB30C6B1"/> 
        </xnode> 
        <xnode> 
            <key value="GP_HashMD5_11CE795DFDDEAAE0BC5B959647739E47"/> 
            <event value="move.2.3"/> 
            <next value="GP_HashMD5_84DBEE67F97CF11F910A434A21476DF8"/> 
        </xnode> 
        <xnode> 
            <key value="GP_HashMD5_16FC85B3B472DD6998948EF96795A23A"/> 
            <event value="STOP"/> 
            <next value="GP_HashMD5_16FC85B3B472DD6998948EF96795A23A"/> 
        </xnode> 
        <xnode> 
            <key value="GP_HashMD5_181A7D14F89E569CD22A887364B18081"/> 
            <event value="jump.5.4.3"/> 
            <next value="GP_HashMD5_BB4297C98D854831CCF133759BEF34F9"/> 
        </xnode> 
        <xnode> 
            <key value="GP_HashMD5_18ABA874A8A19DBA584B0B68410BEDB7"/> 
            <event value="jump.6.5.4"/> 
            <next value="GP_HashMD5_1ED00520FA3B4B92E2E041371DA83519"/> 
        </xnode> 
        <xnode> 
            <key value="GP_HashMD5_18ABA874A8A19DBA584B0B68410BEDB7"/> 
            <event value="move.3.4"/> 
            <next value="GP_HashMD5_806BE32BBE7317F833F32C8A492761DF"/> 
        </xnode> 
        <xnode> 
            <key value="GP_HashMD5_1C88DA10C0968B714B8378C5C8DE6A00"/> 
            <event value="move.1.0"/> 
            <next value="GP_HashMD5_B82BD047D20879B81D46D43C68B84C8A"/> 
        </xnode> 
        <xnode> 
            <key value="GP_HashMD5_1D2E22A8D93E10EA8EB0F4A63CC35B34"/> 
            <event value="jump.2.3.4"/> 
            <next value="GP_HashMD5_25EBB8DD6C7E4061B49DBFC4ACF66082"/> 
        </xnode> 
        <xnode> 
            <key value="GP_HashMD5_1D2E22A8D93E10EA8EB0F4A63CC35B34"/> 
            <event value="move.5.4"/> 
            <next value="GP_HashMD5_B25C13D752C38187F076B558129E2F88"/> 
        </xnode> 
        <xnode> 
            <key value="GP_HashMD5_1E0D31BA97A1EF8E7D71C96BC90A1306"/> 
            <event value="STOP"/> 
            <next value="GP_HashMD5_1E0D31BA97A1EF8E7D71C96BC90A1306"/> 
        </xnode> 
        <xnode> 
            <key value="GP_HashMD5_1E47F0C7CFC97900BD25C842F2416E9D"/> 
            <event value="jump.5.4.3"/> 
            <next value="GP_HashMD5_4FC1148C785BC1B701BD43EB4203F5E2"/> 
        </xnode> 
        <xnode> 
            <key value="GP_HashMD5_1EBEBBBA11E0854BD4B8EB593A27EC1A"/> 
            <event value="jump.3.2.1"/> 
            <next value="GP_HashMD5_BEEA6C5A6AA0C0E90FB24EED7F278F6C"/> 
        </xnode> 
        <xnode> 
            <key value="GP_HashMD5_1ED00520FA3B4B92E2E041371DA83519"/> 
            <event value="jump.8.7.6"/> 
            <next value="GP_HashMD5_307FF4F0DE02C510835E0FDF838BA6C0"/> 
        </xnode> 
        <xnode> 
            <key value="GP_HashMD5_1ED00520FA3B4B92E2E041371DA83519"/> 
            <event value="move.5.6"/> 
            <next value="GP_HashMD5_E2E2CE89780766075B7CA3EE47CEC72F"/> 
        </xnode> 
        <xnode> 
            <key value="GP_HashMD5_1F82EBAE79ABCBDDA6582F2EC0938908"/> 
            <event value="jump.1.2.3"/> 
            <next value="GP_HashMD5_F29F1299B0655C1EE2B3D15D3FF6F63A"/> 
        </xnode> 
        <xnode> 
            <key value="GP_HashMD5_1F82EBAE79ABCBDDA6582F2EC0938908"/> 
            <event value="move.4.3"/> 
            <next value="GP_HashMD5_6099BCEDB1153C51F6E5E67420BDE2E3"/> 
        </xnode> 
        <xnode> 
            <key value="GP_HashMD5_22C34F471E5ED4DC234C7936229319C6"/> 
            <event value="jump.4.5.6"/> 
            <next value="GP_HashMD5_9E6C4F1845C98374D10BD9B7E7FBB496"/> 
        </xnode> 
        <xnode> 
            <key value="GP_HashMD5_22C34F471E5ED4DC234C7936229319C6"/> 
            <event value="jump.8.7.6"/> 
            <next value="GP_HashMD5_FE5974702B820240BCC6CC93355B6C16"/> 
        </xnode> 
        <xnode> 
            <key value="GP_HashMD5_24A66F95B257051C84DF7CD496F394F1"/> 
            <event value="jump.7.6.5"/> 
            <next value="GP_HashMD5_7EB2E00866C5009C74026B17026B8417"/> 
        </xnode> 
        <xnode> 
            <key value="GP_HashMD5_24A66F95B257051C84DF7CD496F394F1"/> 
            <event value="move.4.5"/> 
            <next value="GP_HashMD5_16FC85B3B472DD6998948EF96795A23A"/> 
        </xnode> 
        <xnode> 
            <key value="GP_HashMD5_25EBB8DD6C7E4061B49DBFC4ACF66082"/> 
            <event value="jump.0.1.2"/> 
            <next value="GP_HashMD5_9923763CC4C1049D7362BC048BB8EB3D"/> 
        </xnode> 
        <xnode> 
            <key value="GP_HashMD5_25EBB8DD6C7E4061B49DBFC4ACF66082"/> 
            <event value="move.3.2"/> 
            <next value="GP_HashMD5_89EBE746EA4F9027318FA2ADAE824DA5"/> 
        </xnode> 
        <xnode> 
            <key value="GP_HashMD5_260E60702DFA20811E9D294B9170A25B"/> 
            <event value="STOP"/> 
            <next value="GP_HashMD5_260E60702DFA20811E9D294B9170A25B"/> 
        </xnode> 
        <xnode> 
            <key value="GP_HashMD5_27ACE78887E9BD802F0DBED84C8E35A5"/> 
            <event value="jump.7.6.5"/> 
            <next value="GP_HashMD5_99A3E9BD0100B95714BDA7F769D2C593"/> 
        </xnode> 
        <xnode> 
            <key value="GP_HashMD5_28838F9B049D6CE153A2AE09E3C2BDB0"/> 
            <event value="jump.3.2.1"/> 
            <next value="GP_HashMD5_11CE795DFDDEAAE0BC5B959647739E47"/> 
        </xnode> 
        <xnode> 
            <key value="GP_HashMD5_28838F9B049D6CE153A2AE09E3C2BDB0"/> 
            <event value="move.0.1"/> 
            <next value="GP_HashMD5_B57DA58A3C539B4A2F6F485B0FDC9EDD"/> 
        </xnode> 
        <xnode> 
            <key value="GP_HashMD5_29178807A6FFE45A29CD2D6690DBCF6B"/> 
            <event value="STOP"/> 
            <next value="GP_HashMD5_29178807A6FFE45A29CD2D6690DBCF6B"/> 
        </xnode> 
        <xnode> 
            <key value="GP_HashMD5_2F24432FFF020D88247A6E2809E5FD97"/> 
            <event value="jump.8.7.6"/> 
            <next value="GP_HashMD5_EE4C9279F0B9E450F40A2C75C780C0CF"/> 
        </xnode> 
        <xnode> 
            <key value="GP_HashMD5_2F24432FFF020D88247A6E2809E5FD97"/> 
            <event value="move.5.6"/> 
            <next value="GP_HashMD5_C3B21E4D5CBE0D9EF2CE4CF101C6A06A"/> 
        </xnode> 
        <xnode> 
            <key value="GP_HashMD5_307FF4F0DE02C510835E0FDF838BA6C0"/> 
            <event value="move.7.8"/> 
            <next value="GP_HashMD5_75EBADE0558AED4EEE97CA9E584D09E1"/> 
        </xnode> 
        <xnode> 
            <key value="GP_HashMD5_32611144EC8B575ADFD74897647CBF12"/> 
            <event value="jump.3.4.5"/> 
            <next value="GP_HashMD5_52DCF92814DE9461ABAFA4972CA8A7B8"/> 
        </xnode> 
        <xnode> 
            <key value="GP_HashMD5_32611144EC8B575ADFD74897647CBF12"/> 
            <event value="move.6.5"/> 
            <next value="GP_HashMD5_678D47A6F2C209E171F001641AA4C8BC"/> 
        </xnode> 
        <xnode> 
            <key value="GP_HashMD5_35F63F6E6269A6EBEFDC9788B66785C8"/> 
            <event value="move.7.6"/> 
            <next value="GP_HashMD5_10477281CB8879D970E313CD18A17B41"/> 
        </xnode> 
        <xnode> 
            <key value="GP_HashMD5_36C88B41C429C33B8F6B9F27067D9FFA"/> 
            <event value="jump.4.3.2"/> 
            <next value="GP_HashMD5_110E25FD88A8224BECFABC86EC17F14A"/> 
        </xnode> 
        <xnode> 
            <key value="GP_HashMD5_3CF29658BE466F71E9E0A34F7DCB62C8"/> 
            <event value="jump.6.5.4"/> 
            <next value="GP_HashMD5_2F24432FFF020D88247A6E2809E5FD97"/> 
        </xnode> 
        <xnode> 
            <key value="GP_HashMD5_3CF29658BE466F71E9E0A34F7DCB62C8"/> 
            <event value="move.3.4"/> 
            <next value="GP_HashMD5_C62C35659021BA59964684C3726947D3"/> 
        </xnode> 
        <xnode> 
            <key value="GP_HashMD5_3D731DE5ABCB3B10F9CF3572D14DD65C"/> 
            <event value="move.0.1"/> 
            <next value="GP_HashMD5_DB5E7AC74B25EAEED371719A99DBDB33"/> 
        </xnode> 
        <xnode> 
            <key value="GP_HashMD5_3E7529289FCCDEB956EECC167BC3B8BF"/> 
            <event value="STOP"/> 
            <next value="GP_HashMD5_3E7529289FCCDEB956EECC167BC3B8BF"/> 
        </xnode> 
        <xnode> 
            <key value="GP_HashMD5_40100E0923B91A273AE4B572FC5F985A"/> 
            <event value="jump.1.2.3"/> 
            <next value="GP_HashMD5_9A8BFF9BDF43F0F102633426BE23665E"/> 
        </xnode> 
        <xnode> 
            <key value="GP_HashMD5_40100E0923B91A273AE4B572FC5F985A"/> 
            <event value="move.4.3"/> 
            <next value="GP_HashMD5_40829078F21C72ADB5BFFE78DB0D4E3C"/> 
        </xnode> 
        <xnode> 
            <key value="GP_HashMD5_405E49953698D388FE20FAE536CD706E"/> 
            <event value="STOP"/> 
            <next value="GP_HashMD5_405E49953698D388FE20FAE536CD706E"/> 
        </xnode> 
        <xnode> 
            <key value="GP_HashMD5_40829078F21C72ADB5BFFE78DB0D4E3C"/> 
            <event value="jump.6.5.4"/> 
            <next value="GP_HashMD5_74D68DBC27C71A1D300490B1690354EC"/> 
        </xnode> 
        <xnode> 
            <key value="GP_HashMD5_41F4661CB7849E8A67DA52C96B6F481E"/> 
            <event value="jump.7.6.5"/> 
            <next value="GP_HashMD5_7903D41445A714F4231DEC9DC25C84C7"/> 
        </xnode> 
        <xnode> 
            <key value="GP_HashMD5_43DE98EDEE5CEC7B2E7034E88F1B97CF"/> 
            <event value="jump.2.3.4"/> 
            <next value="GP_HashMD5_EE186A778D029EF2B5936BCBB7BFFC5D"/> 
        </xnode> 
        <xnode> 
            <key value="GP_HashMD5_44DADDAFA93F268D5548E6138E947DE0"/> 
            <event value="STOP"/> 
            <next value="GP_HashMD5_44DADDAFA93F268D5548E6138E947DE0"/> 
        </xnode> 
        <xnode> 
            <key value="GP_HashMD5_452D37F333DB5F3EDE7E43959B640C2C"/> 
            <event value="move.2.3"/> 
            <next value="GP_HashMD5_405E49953698D388FE20FAE536CD706E"/> 
        </xnode> 
        <xnode> 
            <key value="GP_HashMD5_4697E84E750CDED2B4D57DDDFF19B763"/> 
            <event value="jump.4.3.2"/> 
            <next value="GP_HashMD5_1081703430FF8DA77D45E1937FDE394F"/> 
        </xnode> 
        <xnode> 
            <key value="GP_HashMD5_4697E84E750CDED2B4D57DDDFF19B763"/> 
            <event value="move.1.2"/> 
            <next value="GP_HashMD5_3D731DE5ABCB3B10F9CF3572D14DD65C"/> 
        </xnode> 
        <xnode> 
            <key value="GP_HashMD5_480E3E7BE558C9390417F39FD88CD8B3"/> 
            <event value="move.0.1"/> 
            <next value="GP_HashMD5_F765E3947C9EF4E92B729343C2CFE165"/> 
        </xnode> 
        <xnode> 
            <key value="GP_HashMD5_480E3E7BE558C9390417F39FD88CD8B3"/> 
            <event value="move.2.1"/> 
            <next value="GP_HashMD5_F31A8CE791CE7592ACC08EF316860B47"/> 
        </xnode> 
        <xnode> 
            <key value="GP_HashMD5_4AFF6CA3B984DCE15C14876167363B6D"/> 
            <event value="move.6.5"/> 
            <next value="GP_HashMD5_CF25CF537156A8411B139EED20251021"/> 
        </xnode> 
        <xnode> 
            <key value="GP_HashMD5_4CB7B45B36897281B8951257A840FDE7"/> 
            <event value="jump.3.4.5"/> 
            <next value="GP_HashMD5_40100E0923B91A273AE4B572FC5F985A"/> 
        </xnode> 
        <xnode> 
            <key value="GP_HashMD5_4CB7B45B36897281B8951257A840FDE7"/> 
            <event value="move.6.5"/> 
            <next value="GP_HashMD5_E5C6A2F58AD2E54B858953FA619A2385"/> 
        </xnode> 
        <xnode> 
            <key value="GP_HashMD5_4CC12CEBBC93C76BBC4A7975CE9AF114"/> 
            <event value="STOP"/> 
            <next value="GP_HashMD5_4CC12CEBBC93C76BBC4A7975CE9AF114"/> 
        </xnode> 
        <xnode> 
            <key value="GP_HashMD5_4D5325278B806D3F43AB5247437A5A02"/> 
            <event value="move.0.1"/> 
            <next value="GP_HashMD5_4E2C228DCEF7FA116D2BBC64AD461B97"/> 
        </xnode> 
        <xnode> 
            <key value="GP_HashMD5_4D5325278B806D3F43AB5247437A5A02"/> 
            <event value="move.2.1"/> 
            <next value="GP_HashMD5_84DBEE67F97CF11F910A434A21476DF8"/> 
        </xnode> 
        <xnode> 
            <key value="GP_HashMD5_4D696A42C7E929E5FAF7C5F7321E83E0"/> 
            <event value="STOP"/> 
            <next value="GP_HashMD5_4D696A42C7E929E5FAF7C5F7321E83E0"/> 
        </xnode> 
        <xnode> 
            <key value="GP_HashMD5_4E2C228DCEF7FA116D2BBC64AD461B97"/> 
            <event value="jump.2.1.0"/> 
            <next value="GP_HashMD5_0A32AFAC871F8BF0141F62C533C70343"/> 
        </xnode> 
        <xnode> 
            <key value="GP_HashMD5_4F5EDD24B42E07E46EC4AAB8112FA954"/> 
            <event value="move.3.4"/> 
            <next value="GP_HashMD5_835C0DB479B66D3C43EE31A047A3BDCC"/> 
        </xnode> 
        <xnode> 
            <key value="GP_HashMD5_4FC1148C785BC1B701BD43EB4203F5E2"/> 
            <event value="jump.7.6.5"/> 
            <next value="GP_HashMD5_C67E37AD60489975C9CFBCC3459541F1"/> 
        </xnode> 
        <xnode> 
            <key value="GP_HashMD5_4FC1148C785BC1B701BD43EB4203F5E2"/> 
            <event value="move.4.5"/> 
            <next value="GP_HashMD5_053A262A8087F44543F39C7EBA8232CC"/> 
        </xnode> 
        <xnode> 
            <key value="GP_HashMD5_507CA3C8D7CC09C8A161AE7FCE9FB929"/> 
            <event value="STOP"/> 
            <next value="GP_HashMD5_507CA3C8D7CC09C8A161AE7FCE9FB929"/> 
        </xnode> 
        <xnode> 
            <key value="GP_HashMD5_52DCF92814DE9461ABAFA4972CA8A7B8"/> 
            <event value="jump.1.2.3"/> 
            <next value="GP_HashMD5_480E3E7BE558C9390417F39FD88CD8B3"/> 
        </xnode> 
        <xnode> 
            <key value="GP_HashMD5_52DCF92814DE9461ABAFA4972CA8A7B8"/> 
            <event value="move.4.3"/> 
            <next value="GP_HashMD5_59E970DD620C1E342DB311957A02B6D8"/> 
        </xnode> 
        <xnode> 
            <key value="GP_HashMD5_54064A9BA289660E9FF54584A538107D"/> 
            <event value="move.1.2"/> 
            <next value="GP_HashMD5_28838F9B049D6CE153A2AE09E3C2BDB0"/> 
        </xnode> 
        <xnode> 
            <key value="GP_HashMD5_54064A9BA289660E9FF54584A538107D"/> 
            <event value="move.3.2"/> 
            <next value="GP_HashMD5_65F1973DC0F4CB60C77564EBB126C2C4"/> 
        </xnode> 
        <xnode> 
            <key value="GP_HashMD5_54E02F306A87221FA401923F066935F5"/> 
            <event value="jump.2.3.4"/> 
            <next value="GP_HashMD5_95869444862BC3B339ABC6730821E080"/> 
        </xnode> 
        <xnode> 
            <key value="GP_HashMD5_5817CF8FFF79768A171ACFCF36B3DB9F"/> 
            <event value="move.4.3"/> 
            <next value="GP_HashMD5_AEA39268B8D8814E6F793BD698D702F5"/> 
        </xnode> 
        <xnode> 
            <key value="GP_HashMD5_59A1AADA0AD29406B7D8AD41723387D6"/> 
            <event value="STOP"/> 
            <next value="GP_HashMD5_59A1AADA0AD29406B7D8AD41723387D6"/> 
        </xnode> 
        <xnode> 
            <key value="GP_HashMD5_59E970DD620C1E342DB311957A02B6D8"/> 
            <event value="jump.6.5.4"/> 
            <next value="GP_HashMD5_0C5A58281D552115218A7E71AD3A8352"/> 
        </xnode> 
        <xnode> 
            <key value="GP_HashMD5_5A41172E3468ADDE26672CFF0A372553"/> 
            <event value="move.7.8"/> 
            <next value="GP_HashMD5_29178807A6FFE45A29CD2D6690DBCF6B"/> 
        </xnode> 
        <xnode> 
            <key value="GP_HashMD5_5BB7690726B8B0FA0EBD8B2D42988F42"/> 
            <event value="jump.2.3.4"/> 
            <next value="GP_HashMD5_54064A9BA289660E9FF54584A538107D"/> 
        </xnode> 
        <xnode> 
            <key value="GP_HashMD5_5BB7690726B8B0FA0EBD8B2D42988F42"/> 
            <event value="move.5.4"/> 
            <next value="GP_HashMD5_27ACE78887E9BD802F0DBED84C8E35A5"/> 
        </xnode> 
        <xnode> 
            <key value="GP_HashMD5_6099BCEDB1153C51F6E5E67420BDE2E3"/> 
            <event value="STOP"/> 
            <next value="GP_HashMD5_6099BCEDB1153C51F6E5E67420BDE2E3"/> 
        </xnode> 
        <xnode> 
            <key value="GP_HashMD5_62892F2A3850F0488F21A9F5189B30C2"/> 
            <event value="jump.5.4.3"/> 
            <next value="GP_HashMD5_B916C537E3903BD60D89736561BD77F3"/> 
        </xnode> 
        <xnode> 
            <key value="GP_HashMD5_62892F2A3850F0488F21A9F5189B30C2"/> 
            <event value="move.2.3"/> 
            <next value="GP_HashMD5_B84FE913B24AF2834FA22ADA6FB1EAFA"/> 
        </xnode> 
        <xnode> 
            <key value="GP_HashMD5_62CBC9F4B9DEE5E8F996BA4CFC106032"/> 
            <event value="STOP"/> 
            <next value="GP_HashMD5_62CBC9F4B9DEE5E8F996BA4CFC106032"/> 
        </xnode> 
        <xnode> 
            <key value="GP_HashMD5_631A5D79D089F41CA9E138FEE4E1186B"/> 
            <event value="STOP"/> 
            <next value="GP_HashMD5_631A5D79D089F41CA9E138FEE4E1186B"/> 
        </xnode> 
        <xnode> 
            <key value="GP_HashMD5_642BA3131FC35FBA1CF576822B99757B"/> 
            <event value="move.4.5"/> 
            <next value="GP_HashMD5_CCEF773D3C550BF3A2F9EFDFC196AC72"/> 
        </xnode> 
        <xnode> 
            <key value="GP_HashMD5_643B6521ADFD68EFE3BE8B15D95B3EC7"/> 
            <event value="jump.3.2.1"/> 
            <next value="GP_HashMD5_F27855DAC7C618AAF8EB1EDBFC289CE8"/> 
        </xnode> 
        <xnode> 
            <key value="GP_HashMD5_65F1973DC0F4CB60C77564EBB126C2C4"/> 
            <event value="jump.1.2.3"/> 
            <next value="GP_HashMD5_4D5325278B806D3F43AB5247437A5A02"/> 
        </xnode> 
        <xnode> 
            <key value="GP_HashMD5_65F1973DC0F4CB60C77564EBB126C2C4"/> 
            <event value="jump.5.4.3"/> 
            <next value="GP_HashMD5_24A66F95B257051C84DF7CD496F394F1"/> 
        </xnode> 
        <xnode> 
            <key value="GP_HashMD5_662C86E2E4485BC184216586C824427F"/> 
            <event value="jump.5.6.7"/> 
            <next value="GP_HashMD5_73589DE11AC6345B690944E23C1D22C0"/> 
        </xnode> 
        <xnode> 
            <key value="GP_HashMD5_678D47A6F2C209E171F001641AA4C8BC"/> 
            <event value="jump.8.7.6"/> 
            <next value="GP_HashMD5_5A41172E3468ADDE26672CFF0A372553"/> 
        </xnode> 
        <xnode> 
            <key value="GP_HashMD5_6821CE7D745BA19CB5DD2415660B0C48"/> 
            <event value="move.2.1"/> 
            <next value="GP_HashMD5_405E49953698D388FE20FAE536CD706E"/> 
        </xnode> 
        <xnode> 
            <key value="GP_HashMD5_68DF1E77173C39EC40B722C966CBE998"/> 
            <event value="move.1.2"/> 
            <next value="GP_HashMD5_E0B353FF8BC4F4C7AA57B50342BAAA0B"/> 
        </xnode> 
        <xnode> 
            <key value="GP_HashMD5_68DF1E77173C39EC40B722C966CBE998"/> 
            <event value="move.3.2"/> 
            <next value="GP_HashMD5_7A49ABC3C81C3B16179F62FAEBEC0851"/> 
        </xnode> 
        <xnode> 
            <key value="GP_HashMD5_6A9555B4838D95952766DAA186F0090C"/> 
            <event value="move.1.2"/> 
            <next value="GP_HashMD5_4D696A42C7E929E5FAF7C5F7321E83E0"/> 
        </xnode> 
        <xnode> 
            <key value="GP_HashMD5_6F376949A667A4E621CF641DD5947707"/> 
            <event value="move.6.7"/> 
            <next value="GP_HashMD5_B0E442CD5FEC51030EB92C5DB23A079F"/> 
        </xnode> 
        <xnode> 
            <key value="GP_HashMD5_6F376949A667A4E621CF641DD5947707"/> 
            <event value="move.8.7"/> 
            <next value="GP_HashMD5_00CA0113E90F4AAF2ED1ACDDEC1C6727"/> 
        </xnode> 
        <xnode> 
            <key value="GP_HashMD5_7002E0F9B653EB823C08EDD08055AB63"/> 
            <event value="jump.6.5.4"/> 
            <next value="GP_HashMD5_030A03F3325E16D30D3BF2F09DD59177"/> 
        </xnode> 
        <xnode> 
            <key value="GP_HashMD5_73589DE11AC6345B690944E23C1D22C0"/> 
            <event value="jump.3.4.5"/> 
            <next value="GP_HashMD5_A345AECA9A8BA257217918E8A06734A0"/> 
        </xnode> 
        <xnode> 
            <key value="GP_HashMD5_73589DE11AC6345B690944E23C1D22C0"/> 
            <event value="move.6.5"/> 
            <next value="GP_HashMD5_AE02D009A92AF81BC82E0729D5DAF422"/> 
        </xnode> 
        <xnode> 
            <key value="GP_HashMD5_74D68DBC27C71A1D300490B1690354EC"/> 
            <event value="move.5.6"/> 
            <next value="GP_HashMD5_818CBC38CEBF854E9B240A571D301DFD"/> 
        </xnode> 
        <xnode> 
            <key value="GP_HashMD5_74D7367F9C893C219E8434EE7A7AF180"/> 
            <event value="jump.2.3.4"/> 
            <next value="GP_HashMD5_FD8C4ABC1BF2FD84CE02173CE1016AE7"/> 
        </xnode> 
        <xnode> 
            <key value="GP_HashMD5_75EBADE0558AED4EEE97CA9E584D09E1"/> 
            <event value="jump.5.6.7"/> 
            <next value="GP_HashMD5_4CB7B45B36897281B8951257A840FDE7"/> 
        </xnode> 
        <xnode> 
            <key value="GP_HashMD5_7820CBD584E69F1DDF215C10BFFA741D"/> 
            <event value="jump.6.7.8"/> 
            <next value="GP_HashMD5_02AF5098233B9921BAEDF78F9613FC77"/> 
        </xnode> 
        <xnode> 
            <key value="GP_HashMD5_788A08971CD35C438C300B8674670D43"/> 
            <event value="jump.0.1.2"/> 
            <next value="GP_HashMD5_EDD8EBA1CF9B782B5B033917424C1D48"/> 
        </xnode> 
        <xnode> 
            <key value="GP_HashMD5_788A08971CD35C438C300B8674670D43"/> 
            <event value="move.3.2"/> 
            <next value="GP_HashMD5_1E47F0C7CFC97900BD25C842F2416E9D"/> 
        </xnode> 
        <xnode> 
            <key value="GP_HashMD5_78FAB0DCAFCA9133BA2CB5C85CBD526F"/> 
            <event value="jump.3.4.5"/> 
            <next value="GP_HashMD5_DB71852990276F3E282F032B2F37BF1B"/> 
        </xnode> 
        <xnode> 
            <key value="GP_HashMD5_78FAB0DCAFCA9133BA2CB5C85CBD526F"/> 
            <event value="move.6.5"/> 
            <next value="GP_HashMD5_35F63F6E6269A6EBEFDC9788B66785C8"/> 
        </xnode> 
        <xnode> 
            <key value="GP_HashMD5_7903D41445A714F4231DEC9DC25C84C7"/> 
            <event value="move.6.7"/> 
            <next value="GP_HashMD5_CD467B4BAC1D23B1D3390459A202B983"/> 
        </xnode> 
        <xnode> 
            <key value="GP_HashMD5_7A49ABC3C81C3B16179F62FAEBEC0851"/> 
            <event value="jump.1.2.3"/> 
            <next value="GP_HashMD5_7CA4252E9718BE6702517919F2CA1265"/> 
        </xnode> 
        <xnode> 
            <key value="GP_HashMD5_7B96AA795CBAB5EFDD688A72E3DCDBDD"/> 
            <event value="jump.7.6.5"/> 
            <next value="GP_HashMD5_AAC52FC60661378CFF812F155080E5E2"/> 
        </xnode> 
        <xnode> 
            <key value="GP_HashMD5_7CA4252E9718BE6702517919F2CA1265"/> 
            <event value="move.0.1"/> 
            <next value="GP_HashMD5_BEA7FE7DD609BDE0558533B2692CE6D5"/> 
        </xnode> 
        <xnode> 
            <key value="GP_HashMD5_7CA4252E9718BE6702517919F2CA1265"/> 
            <event value="move.2.1"/> 
            <next value="GP_HashMD5_C63536710D1C6C459EA415DEE2F29BC7"/> 
        </xnode> 
        <xnode> 
            <key value="GP_HashMD5_7E37171B7FAD0E60B022B38E0F3AC4B1"/> 
            <event value="move.5.6"/> 
            <next value="GP_HashMD5_C2601A23BBF80F4D6CF93DF76CCA8F4A"/> 
        </xnode> 
        <xnode> 
            <key value="GP_HashMD5_7E8D076C82657402576C57A7DC161ADB"/> 
            <event value="move.7.8"/> 
            <next value="GP_HashMD5_BEB80D40E9E4C2804DB0D4B6A87BD91E"/> 
        </xnode> 
        <xnode> 
            <key value="GP_HashMD5_7EB2E00866C5009C74026B17026B8417"/> 
            <event value="move.6.7"/> 
            <next value="GP_HashMD5_22C34F471E5ED4DC234C7936229319C6"/> 
        </xnode> 
        <xnode> 
            <key value="GP_HashMD5_7EB2E00866C5009C74026B17026B8417"/> 
            <event value="move.8.7"/> 
            <next value="GP_HashMD5_84AB96EC9D2F2D16668FFC866413DEE4"/> 
        </xnode> 
        <xnode> 
            <key value="GP_HashMD5_7EEFE6B4C6632CE4F658EA91D00B864B"/> 
            <event value="move.2.1"/> 
            <next value="GP_HashMD5_083F6722EE33BB89F4B6194259387FF8"/> 
        </xnode> 
        <xnode> 
            <key value="GP_HashMD5_7F496A9346E08BD0C489F828E92D3214"/> 
            <event value="move.7.8"/> 
            <next value="GP_HashMD5_0E7D9AC216ADC91A80A8F098ABEE61B8"/> 
        </xnode> 
        <xnode> 
            <key value="GP_HashMD5_806BE32BBE7317F833F32C8A492761DF"/> 
            <event value="jump.1.2.3"/> 
            <next value="GP_HashMD5_7EEFE6B4C6632CE4F658EA91D00B864B"/> 
        </xnode> 
        <xnode> 
            <key value="GP_HashMD5_818CBC38CEBF854E9B240A571D301DFD"/> 
            <event value="STOP"/> 
            <next value="GP_HashMD5_818CBC38CEBF854E9B240A571D301DFD"/> 
        </xnode> 
        <xnode> 
            <key value="GP_HashMD5_835C0DB479B66D3C43EE31A047A3BDCC"/> 
            <event value="STOP"/> 
            <next value="GP_HashMD5_835C0DB479B66D3C43EE31A047A3BDCC"/> 
        </xnode> 
        <xnode> 
            <key value="GP_HashMD5_8375F00FE21091588F7DCBAFEE9C146D"/> 
            <event value="jump.7.6.5"/> 
            <next value="GP_HashMD5_85A1F216DB2DCB1E216BB08B0BACC5BF"/> 
        </xnode> 
        <xnode> 
            <key value="GP_HashMD5_8375F00FE21091588F7DCBAFEE9C146D"/> 
            <event value="move.4.5"/> 
            <next value="GP_HashMD5_74D7367F9C893C219E8434EE7A7AF180"/> 
        </xnode> 
        <xnode> 
            <key value="GP_HashMD5_846D3B824D6751763A128281A99F6CD3"/> 
            <event value="STOP"/> 
            <next value="GP_HashMD5_846D3B824D6751763A128281A99F6CD3"/> 
        </xnode> 
        <xnode> 
            <key value="GP_HashMD5_84AB96EC9D2F2D16668FFC866413DEE4"/> 
            <event value="jump.6.7.8"/> 
            <next value="GP_HashMD5_8A817CC354C983185A7F42BDCC9D78DC"/> 
        </xnode> 
        <xnode> 
            <key value="GP_HashMD5_84DBEE67F97CF11F910A434A21476DF8"/> 
            <event value="jump.0.1.2"/> 
            <next value="GP_HashMD5_E6D3144A8C501F2D0123CA50D45EFB3D"/> 
        </xnode> 
        <xnode> 
            <key value="GP_HashMD5_85A1F216DB2DCB1E216BB08B0BACC5BF"/> 
            <event value="move.6.7"/> 
            <next value="GP_HashMD5_B77CC79000A8306191B5C25A8D36A491"/> 
        </xnode> 
        <xnode> 
            <key value="GP_HashMD5_89EBE746EA4F9027318FA2ADAE824DA5"/> 
            <event value="jump.5.4.3"/> 
            <next value="GP_HashMD5_642BA3131FC35FBA1CF576822B99757B"/> 
        </xnode> 
        <xnode> 
            <key value="GP_HashMD5_8A817CC354C983185A7F42BDCC9D78DC"/> 
            <event value="jump.4.5.6"/> 
            <next value="GP_HashMD5_CA25DB76336F4B7D278DA5250DD4DB19"/> 
        </xnode> 
        <xnode> 
            <key value="GP_HashMD5_8A817CC354C983185A7F42BDCC9D78DC"/> 
            <event value="move.7.6"/> 
            <next value="GP_HashMD5_44DADDAFA93F268D5548E6138E947DE0"/> 
        </xnode> 
        <xnode> 
            <key value="GP_HashMD5_904033E2617F175EEAC2162D771D2C86"/> 
            <event value="move.6.7"/> 
            <next value="GP_HashMD5_678D47A6F2C209E171F001641AA4C8BC"/> 
        </xnode> 
        <xnode> 
            <key value="GP_HashMD5_904033E2617F175EEAC2162D771D2C86"/> 
            <event value="move.8.7"/> 
            <next value="GP_HashMD5_B244D27B2C200592712262657EE999E9"/> 
        </xnode> 
        <xnode> 
            <key value="GP_HashMD5_9184BECAC3F50BBF1D76686FFE9110E1"/> 
            <event value="move.3.4"/> 
            <next value="GP_HashMD5_62892F2A3850F0488F21A9F5189B30C2"/> 
        </xnode> 
        <xnode> 
            <key value="GP_HashMD5_9184BECAC3F50BBF1D76686FFE9110E1"/> 
            <event value="move.5.4"/> 
            <next value="GP_HashMD5_78FAB0DCAFCA9133BA2CB5C85CBD526F"/> 
        </xnode> 
        <xnode> 
            <key value="GP_HashMD5_95869444862BC3B339ABC6730821E080"/> 
            <event value="jump.0.1.2"/> 
            <next value="GP_HashMD5_1C88DA10C0968B714B8378C5C8DE6A00"/> 
        </xnode> 
        <xnode> 
            <key value="GP_HashMD5_95869444862BC3B339ABC6730821E080"/> 
            <event value="move.3.2"/> 
            <next value="GP_HashMD5_835C0DB479B66D3C43EE31A047A3BDCC"/> 
        </xnode> 
        <xnode> 
            <key value="GP_HashMD5_9923763CC4C1049D7362BC048BB8EB3D"/> 
            <event value="move.1.0"/> 
            <next value="GP_HashMD5_643B6521ADFD68EFE3BE8B15D95B3EC7"/> 
        </xnode> 
        <xnode> 
            <key value="GP_HashMD5_99996C628B78EE1E9DD1E592D82E278A"/> 
            <event value="jump.4.3.2"/> 
            <next value="GP_HashMD5_18ABA874A8A19DBA584B0B68410BEDB7"/> 
        </xnode> 
        <xnode> 
            <key value="GP_HashMD5_99996C628B78EE1E9DD1E592D82E278A"/> 
            <event value="move.1.2"/> 
            <next value="GP_HashMD5_62CBC9F4B9DEE5E8F996BA4CFC106032"/> 
        </xnode> 
        <xnode> 
            <key value="GP_HashMD5_99A3E9BD0100B95714BDA7F769D2C593"/> 
            <event value="move.6.7"/> 
            <next value="GP_HashMD5_CF25CF537156A8411B139EED20251021"/> 
        </xnode> 
        <xnode> 
            <key value="GP_HashMD5_99A3E9BD0100B95714BDA7F769D2C593"/> 
            <event value="move.8.7"/> 
            <next value="GP_HashMD5_7820CBD584E69F1DDF215C10BFFA741D"/> 
        </xnode> 
        <xnode> 
            <key value="GP_HashMD5_9A8BFF9BDF43F0F102633426BE23665E"/> 
            <event value="move.2.1"/> 
            <next value="GP_HashMD5_36C88B41C429C33B8F6B9F27067D9FFA"/> 
        </xnode> 
        <xnode> 
            <key value="GP_HashMD5_9D23634CF8ABA2B244D5D4B02311420D"/> 
            <event value="STOP"/> 
            <next value="GP_HashMD5_9D23634CF8ABA2B244D5D4B02311420D"/> 
        </xnode> 
        <xnode> 
            <key value="GP_HashMD5_9E6C4F1845C98374D10BD9B7E7FBB496"/> 
            <event value="move.5.4"/> 
            <next value="GP_HashMD5_1E0D31BA97A1EF8E7D71C96BC90A1306"/> 
        </xnode> 
        <xnode> 
            <key value="GP_HashMD5_A288B25EF10CC3ECE6A41C872777370C"/> 
            <event value="jump.3.4.5"/> 
            <next value="GP_HashMD5_ADC35E0727800122F4A93C94B8DE6139"/> 
        </xnode> 
        <xnode> 
            <key value="GP_HashMD5_A288B25EF10CC3ECE6A41C872777370C"/> 
            <event value="jump.7.6.5"/> 
            <next value="GP_HashMD5_904033E2617F175EEAC2162D771D2C86"/> 
        </xnode> 
        <xnode> 
            <key value="GP_HashMD5_A345AECA9A8BA257217918E8A06734A0"/> 
            <event value="move.4.3"/> 
            <next value="GP_HashMD5_7002E0F9B653EB823C08EDD08055AB63"/> 
        </xnode> 
        <xnode> 
            <key value="GP_HashMD5_A49F671B0343F4F33A5E528793C0A4F6"/> 
            <event value="jump.1.2.3"/> 
            <next value="GP_HashMD5_6821CE7D745BA19CB5DD2415660B0C48"/> 
        </xnode> 
        <xnode> 
            <key value="GP_HashMD5_A6F0F85258C04A0511EBB3B397AAE8FD"/> 
            <event value="STOP"/> 
            <next value="GP_HashMD5_A6F0F85258C04A0511EBB3B397AAE8FD"/> 
        </xnode> 
        <xnode> 
            <key value="GP_HashMD5_AAC52FC60661378CFF812F155080E5E2"/> 
            <event value="move.6.7"/> 
            <next value="GP_HashMD5_E2E78371035B3872AC9E05E36776E520"/> 
        </xnode> 
        <xnode> 
            <key value="GP_HashMD5_AC0001ECBE4568A19C0C8A431C338775"/> 
            <event value="jump.4.5.6"/> 
            <next value="GP_HashMD5_D8569478AB6AE4676B58F61B146817D9"/> 
        </xnode> 
        <xnode> 
            <key value="GP_HashMD5_ADC35E0727800122F4A93C94B8DE6139"/> 
            <event value="jump.1.2.3"/> 
            <next value="GP_HashMD5_D6F2E4E0D5B1D04529A46DDB46266501"/> 
        </xnode> 
        <xnode> 
            <key value="GP_HashMD5_ADC35E0727800122F4A93C94B8DE6139"/> 
            <event value="move.4.3"/> 
            <next value="GP_HashMD5_16FC85B3B472DD6998948EF96795A23A"/> 
        </xnode> 
        <xnode> 
            <key value="GP_HashMD5_AE02D009A92AF81BC82E0729D5DAF422"/> 
            <event value="STOP"/> 
            <next value="GP_HashMD5_AE02D009A92AF81BC82E0729D5DAF422"/> 
        </xnode> 
        <xnode> 
            <key value="GP_HashMD5_AEA39268B8D8814E6F793BD698D702F5"/> 
            <event value="done"/> 
            <next value="GP_HashMD5_4CC12CEBBC93C76BBC4A7975CE9AF114"/> 
        </xnode> 
        <xnode> 
            <key value="GP_HashMD5_AFB91E661F21443362FDAD04200926AF"/> 
            <event value="STOP"/> 
            <next value="GP_HashMD5_AFB91E661F21443362FDAD04200926AF"/> 
        </xnode> 
        <xnode> 
            <key value="GP_HashMD5_B0E442CD5FEC51030EB92C5DB23A079F"/> 
            <event value="jump.4.5.6"/> 
            <next value="GP_HashMD5_1D2E22A8D93E10EA8EB0F4A63CC35B34"/> 
        </xnode> 
        <xnode> 
            <key value="GP_HashMD5_B0E442CD5FEC51030EB92C5DB23A079F"/> 
            <event value="jump.8.7.6"/> 
            <next value="GP_HashMD5_F4BF137F4B438CDB752C42B12FB7D005"/> 
        </xnode> 
        <xnode> 
            <key value="GP_HashMD5_B223D81A220EB8F0489BC3FD9305661B"/> 
            <event value="jump.4.3.2"/> 
            <next value="GP_HashMD5_FBDF1020AD05BE2D6ADD82D70E769ED2"/> 
        </xnode> 
        <xnode> 
            <key value="GP_HashMD5_B244D27B2C200592712262657EE999E9"/> 
            <event value="jump.6.7.8"/> 
            <next value="GP_HashMD5_B56C103A7E9B39B95730AEC25567787D"/> 
        </xnode> 
        <xnode> 
            <key value="GP_HashMD5_B25C13D752C38187F076B558129E2F88"/> 
            <event value="STOP"/> 
            <next value="GP_HashMD5_B25C13D752C38187F076B558129E2F88"/> 
        </xnode> 
        <xnode> 
            <key value="GP_HashMD5_B56C103A7E9B39B95730AEC25567787D"/> 
            <event value="move.7.6"/> 
            <next value="GP_HashMD5_29178807A6FFE45A29CD2D6690DBCF6B"/> 
        </xnode> 
        <xnode> 
            <key value="GP_HashMD5_B57DA58A3C539B4A2F6F485B0FDC9EDD"/> 
            <event value="STOP"/> 
            <next value="GP_HashMD5_B57DA58A3C539B4A2F6F485B0FDC9EDD"/> 
        </xnode> 
        <xnode> 
            <key value="GP_HashMD5_B77CC79000A8306191B5C25A8D36A491"/> 
            <event value="jump.4.5.6"/> 
            <next value="GP_HashMD5_F68A7FB1CEF9763092C0D42FA06F700C"/> 
        </xnode> 
        <xnode> 
            <key value="GP_HashMD5_B82BD047D20879B81D46D43C68B84C8A"/> 
            <event value="jump.3.2.1"/> 
            <next value="GP_HashMD5_452D37F333DB5F3EDE7E43959B640C2C"/> 
        </xnode> 
        <xnode> 
            <key value="GP_HashMD5_B84FE913B24AF2834FA22ADA6FB1EAFA"/> 
            <event value="move.1.2"/> 
            <next value="GP_HashMD5_D5DDB83C86AD70B5B8E335A9080C06ED"/> 
        </xnode> 
        <xnode> 
            <key value="GP_HashMD5_B8CF2374E4E596349275FB6ABC9D3A43"/> 
            <event value="move.1.0"/> 
            <next value="GP_HashMD5_62CBC9F4B9DEE5E8F996BA4CFC106032"/> 
        </xnode> 
        <xnode> 
            <key value="GP_HashMD5_B916C537E3903BD60D89736561BD77F3"/> 
            <event value="move.4.5"/> 
            <next value="GP_HashMD5_D00C39E37891673FE3E5961DAF5492C4"/> 
        </xnode> 
        <xnode> 
            <key value="GP_HashMD5_B916C537E3903BD60D89736561BD77F3"/> 
            <event value="move.6.5"/> 
            <next value="GP_HashMD5_0CDA5912AA0187D4D3D069636E6F1DAD"/> 
        </xnode> 
        <xnode> 
            <key value="GP_HashMD5_BB4297C98D854831CCF133759BEF34F9"/> 
            <event value="move.4.5"/> 
            <next value="GP_HashMD5_AEA39268B8D8814E6F793BD698D702F5"/> 
        </xnode> 
        <xnode> 
            <key value="GP_HashMD5_BDD8D4ABE2B2913AD8164A9830C8DC72"/> 
            <event value="jump.4.3.2"/> 
            <next value="GP_HashMD5_D5DD7C5AE49CB4C7AFB2D9F6504DB0C0"/> 
        </xnode> 
        <xnode> 
            <key value="GP_HashMD5_BDD8D4ABE2B2913AD8164A9830C8DC72"/> 
            <event value="move.1.2"/> 
            <next value="GP_HashMD5_EBDB388D9224C1F45219A462F5782EDA"/> 
        </xnode> 
        <xnode> 
            <key value="GP_HashMD5_BEA7FE7DD609BDE0558533B2692CE6D5"/> 
            <event value="jump.2.1.0"/> 
            <next value="GP_HashMD5_6A9555B4838D95952766DAA186F0090C"/> 
        </xnode> 
        <xnode> 
            <key value="GP_HashMD5_BEB80D40E9E4C2804DB0D4B6A87BD91E"/> 
            <event value="STOP"/> 
            <next value="GP_HashMD5_BEB80D40E9E4C2804DB0D4B6A87BD91E"/> 
        </xnode> 
        <xnode> 
            <key value="GP_HashMD5_BEEA6C5A6AA0C0E90FB24EED7F278F6C"/> 
            <event value="jump.5.4.3"/> 
            <next value="GP_HashMD5_8375F00FE21091588F7DCBAFEE9C146D"/> 
        </xnode> 
        <xnode> 
            <key value="GP_HashMD5_BEEA6C5A6AA0C0E90FB24EED7F278F6C"/> 
            <event value="move.2.3"/> 
            <next value="GP_HashMD5_260E60702DFA20811E9D294B9170A25B"/> 
        </xnode> 
        <xnode> 
            <key value="GP_HashMD5_C2601A23BBF80F4D6CF93DF76CCA8F4A"/> 
            <event value="jump.3.4.5"/> 
            <next value="GP_HashMD5_5817CF8FFF79768A171ACFCF36B3DB9F"/> 
        </xnode> 
        <xnode> 
            <key value="GP_HashMD5_C3B21E4D5CBE0D9EF2CE4CF101C6A06A"/> 
            <event value="jump.3.4.5"/> 
            <next value="GP_HashMD5_0B2E12ABBC606396EDD8AD58E2F40F9A"/> 
        </xnode> 
        <xnode> 
            <key value="GP_HashMD5_C48FB5013E57B9BD6FC51C530ED01987"/> 
            <event value="STOP"/> 
            <next value="GP_HashMD5_C48FB5013E57B9BD6FC51C530ED01987"/> 
        </xnode> 
        <xnode> 
            <key value="GP_HashMD5_C4AF4BC34318585330C552435384FBD0"/> 
            <event value="move.5.6"/> 
            <next value="GP_HashMD5_A288B25EF10CC3ECE6A41C872777370C"/> 
        </xnode> 
        <xnode> 
            <key value="GP_HashMD5_C4AF4BC34318585330C552435384FBD0"/> 
            <event value="move.7.6"/> 
            <next value="GP_HashMD5_D8294A85CAC7F9AF43FD1FCD1176A6F4"/> 
        </xnode> 
        <xnode> 
            <key value="GP_HashMD5_C5BB6A4DD6CED6F71EFBBA29D8A328D0"/> 
            <event value="jump.4.5.6"/> 
            <next value="GP_HashMD5_F6D319C42703F9B56C8B132A130C6F54"/> 
        </xnode> 
        <xnode> 
            <key value="GP_HashMD5_C5BB6A4DD6CED6F71EFBBA29D8A328D0"/> 
            <event value="move.7.6"/> 
            <next value="GP_HashMD5_846D3B824D6751763A128281A99F6CD3"/> 
        </xnode> 
        <xnode> 
            <key value="GP_HashMD5_C5FE151DDBFADDA65EA0883A1109F5DB"/> 
            <event value="jump.2.1.0"/> 
            <next value="GP_HashMD5_BDD8D4ABE2B2913AD8164A9830C8DC72"/> 
        </xnode> 
        <xnode> 
            <key value="GP_HashMD5_C62C35659021BA59964684C3726947D3"/> 
            <event value="STOP"/> 
            <next value="GP_HashMD5_C62C35659021BA59964684C3726947D3"/> 
        </xnode> 
        <xnode> 
            <key value="GP_HashMD5_C63536710D1C6C459EA415DEE2F29BC7"/> 
            <event value="jump.0.1.2"/> 
            <next value="GP_HashMD5_D6BA0F93A2F38C0D8320F6866180FAB9"/> 
        </xnode> 
        <xnode> 
            <key value="GP_HashMD5_C67E37AD60489975C9CFBCC3459541F1"/> 
            <event value="move.6.7"/> 
            <next value="GP_HashMD5_AC0001ECBE4568A19C0C8A431C338775"/> 
        </xnode> 
        <xnode> 
            <key value="GP_HashMD5_CA25DB76336F4B7D278DA5250DD4DB19"/> 
            <event value="move.5.4"/> 
            <next value="GP_HashMD5_41F4661CB7849E8A67DA52C96B6F481E"/> 
        </xnode> 
        <xnode> 
            <key value="GP_HashMD5_CCD8F769D98DB88557A5A89C5E7FD1A7"/> 
            <event value="STOP"/> 
            <next value="GP_HashMD5_CCD8F769D98DB88557A5A89C5E7FD1A7"/> 
        </xnode> 
        <xnode> 
            <key value="GP_HashMD5_CCEF773D3C550BF3A2F9EFDFC196AC72"/> 
            <event value="STOP"/> 
            <next value="GP_HashMD5_CCEF773D3C550BF3A2F9EFDFC196AC72"/> 
        </xnode> 
        <xnode> 
            <key value="GP_HashMD5_CD467B4BAC1D23B1D3390459A202B983"/> 
            <event value="STOP"/> 
            <next value="GP_HashMD5_CD467B4BAC1D23B1D3390459A202B983"/> 
        </xnode> 
        <xnode> 
            <key value="GP_HashMD5_CD5998332416B2552AA182CCD8C9F688"/> 
            <event value="STOP"/> 
            <next value="GP_HashMD5_CD5998332416B2552AA182CCD8C9F688"/> 
        </xnode> 
        <xnode> 
            <key value="GP_HashMD5_CF25CF537156A8411B139EED20251021"/> 
            <event value="jump.8.7.6"/> 
            <next value="GP_HashMD5_7E8D076C82657402576C57A7DC161ADB"/> 
        </xnode> 
        <xnode> 
            <key value="GP_HashMD5_D00C39E37891673FE3E5961DAF5492C4"/> 
            <event value="jump.2.3.4"/> 
            <next value="GP_HashMD5_68DF1E77173C39EC40B722C966CBE998"/> 
        </xnode> 
        <xnode> 
            <key value="GP_HashMD5_D00C39E37891673FE3E5961DAF5492C4"/> 
            <event value="jump.6.5.4"/> 
            <next value="GP_HashMD5_00E28F37BB923DDFB5D76F51743883D3"/> 
        </xnode> 
        <xnode> 
            <key value="GP_HashMD5_D53E71C3A1CF7E387C7BB266BCE7445B"/> 
            <event value="move.2.3"/> 
            <next value="GP_HashMD5_C63536710D1C6C459EA415DEE2F29BC7"/> 
        </xnode> 
        <xnode> 
            <key value="GP_HashMD5_D5DD7C5AE49CB4C7AFB2D9F6504DB0C0"/> 
            <event value="move.3.4"/> 
            <next value="GP_HashMD5_A49F671B0343F4F33A5E528793C0A4F6"/> 
        </xnode> 
        <xnode> 
            <key value="GP_HashMD5_D5DDB83C86AD70B5B8E335A9080C06ED"/> 
            <event value="move.0.1"/> 
            <next value="GP_HashMD5_9D23634CF8ABA2B244D5D4B02311420D"/> 
        </xnode> 
        <xnode> 
            <key value="GP_HashMD5_D6BA0F93A2F38C0D8320F6866180FAB9"/> 
            <event value="move.1.0"/> 
            <next value="GP_HashMD5_4D696A42C7E929E5FAF7C5F7321E83E0"/> 
        </xnode> 
        <xnode> 
            <key value="GP_HashMD5_D6F2E4E0D5B1D04529A46DDB46266501"/> 
            <event value="move.0.1"/> 
            <next value="GP_HashMD5_C5FE151DDBFADDA65EA0883A1109F5DB"/> 
        </xnode> 
        <xnode> 
            <key value="GP_HashMD5_D6F2E4E0D5B1D04529A46DDB46266501"/> 
            <event value="move.2.1"/> 
            <next value="GP_HashMD5_00C11642D3DB40F0802FCDFEDFB4AB8B"/> 
        </xnode> 
        <xnode> 
            <key value="GP_HashMD5_D8294A85CAC7F9AF43FD1FCD1176A6F4"/> 
            <event value="jump.5.6.7"/> 
            <next value="GP_HashMD5_32611144EC8B575ADFD74897647CBF12"/> 
        </xnode> 
        <xnode> 
            <key value="GP_HashMD5_D8294A85CAC7F9AF43FD1FCD1176A6F4"/> 
            <event value="move.8.7"/> 
            <next value="GP_HashMD5_10CC8BE467AAEF82F0AAA2A97E1B408C"/> 
        </xnode> 
        <xnode> 
            <key value="GP_HashMD5_D8569478AB6AE4676B58F61B146817D9"/> 
            <event value="move.5.4"/> 
            <next value="GP_HashMD5_AFB91E661F21443362FDAD04200926AF"/> 
        </xnode> 
        <xnode> 
            <key value="GP_HashMD5_DAB201F3A4330E6512FD95100ACDED45"/> 
            <event value="STOP"/> 
            <next value="GP_HashMD5_DAB201F3A4330E6512FD95100ACDED45"/> 
        </xnode> 
        <xnode> 
            <key value="GP_HashMD5_DB468E1312DA2DF8A10B1F391805B898"/> 
            <event value="STOP"/> 
            <next value="GP_HashMD5_DB468E1312DA2DF8A10B1F391805B898"/> 
        </xnode> 
        <xnode> 
            <key value="GP_HashMD5_DB5E7AC74B25EAEED371719A99DBDB33"/> 
            <event value="STOP"/> 
            <next value="GP_HashMD5_DB5E7AC74B25EAEED371719A99DBDB33"/> 
        </xnode> 
        <xnode> 
            <key value="GP_HashMD5_DB71852990276F3E282F032B2F37BF1B"/> 
            <event value="move.2.3"/> 
            <next value="GP_HashMD5_4697E84E750CDED2B4D57DDDFF19B763"/> 
        </xnode> 
        <xnode> 
            <key value="GP_HashMD5_DB71852990276F3E282F032B2F37BF1B"/> 
            <event value="move.4.3"/> 
            <next value="GP_HashMD5_D00C39E37891673FE3E5961DAF5492C4"/> 
        </xnode> 
        <xnode> 
            <key value="GP_HashMD5_E0B353FF8BC4F4C7AA57B50342BAAA0B"/> 
            <event value="jump.3.2.1"/> 
            <next value="GP_HashMD5_D53E71C3A1CF7E387C7BB266BCE7445B"/> 
        </xnode> 
        <xnode> 
            <key value="GP_HashMD5_E0B353FF8BC4F4C7AA57B50342BAAA0B"/> 
            <event value="move.0.1"/> 
            <next value="GP_HashMD5_3E7529289FCCDEB956EECC167BC3B8BF"/> 
        </xnode> 
        <xnode> 
            <key value="GP_HashMD5_E1EF265DC6A39A252F7D19609C2AD1C0"/> 
            <event value="move.4.5"/> 
            <next value="GP_HashMD5_43DE98EDEE5CEC7B2E7034E88F1B97CF"/> 
        </xnode> 
        <xnode> 
            <key value="GP_HashMD5_E2E2CE89780766075B7CA3EE47CEC72F"/> 
            <event value="jump.3.4.5"/> 
            <next value="GP_HashMD5_1F82EBAE79ABCBDDA6582F2EC0938908"/> 
        </xnode> 
        <xnode> 
            <key value="GP_HashMD5_E2E78371035B3872AC9E05E36776E520"/> 
            <event value="STOP"/> 
            <next value="GP_HashMD5_E2E78371035B3872AC9E05E36776E520"/> 
        </xnode> 
        <xnode> 
            <key value="GP_HashMD5_E5C6A2F58AD2E54B858953FA619A2385"/> 
            <event value="STOP"/> 
            <next value="GP_HashMD5_E5C6A2F58AD2E54B858953FA619A2385"/> 
        </xnode> 
        <xnode> 
            <key value="GP_HashMD5_E6D3144A8C501F2D0123CA50D45EFB3D"/> 
            <event value="move.1.0"/> 
            <next value="GP_HashMD5_631A5D79D089F41CA9E138FEE4E1186B"/> 
        </xnode> 
        <xnode> 
            <key value="GP_HashMD5_E7931CE53B12F6FFA9F16E5F3CE23F43"/> 
            <event value="move.3.2"/> 
            <next value="GP_HashMD5_181A7D14F89E569CD22A887364B18081"/> 
        </xnode> 
        <xnode> 
            <key value="GP_HashMD5_EBDB388D9224C1F45219A462F5782EDA"/> 
            <event value="STOP"/> 
            <next value="GP_HashMD5_EBDB388D9224C1F45219A462F5782EDA"/> 
        </xnode> 
        <xnode> 
            <key value="GP_HashMD5_EDD8EBA1CF9B782B5B033917424C1D48"/> 
            <event value="move.1.0"/> 
            <next value="GP_HashMD5_1EBEBBBA11E0854BD4B8EB593A27EC1A"/> 
        </xnode> 
        <xnode> 
            <key value="GP_HashMD5_EE186A778D029EF2B5936BCBB7BFFC5D"/> 
            <event value="move.3.2"/> 
            <next value="GP_HashMD5_DAB201F3A4330E6512FD95100ACDED45"/> 
        </xnode> 
        <xnode> 
            <key value="GP_HashMD5_EE4C9279F0B9E450F40A2C75C780C0CF"/> 
            <event value="move.7.8"/> 
            <next value="GP_HashMD5_662C86E2E4485BC184216586C824427F"/> 
        </xnode> 
        <xnode> 
            <key value="GP_HashMD5_EEF4E5088F59175722B1C86025603555"/> 
            <event value="jump.5.6.7"/> 
            <next value="GP_HashMD5_4AFF6CA3B984DCE15C14876167363B6D"/> 
        </xnode> 
        <xnode> 
            <key value="GP_HashMD5_EEF4E5088F59175722B1C86025603555"/> 
            <event value="move.8.7"/> 
            <next value="GP_HashMD5_DB468E1312DA2DF8A10B1F391805B898"/> 
        </xnode> 
        <xnode> 
            <key value="GP_HashMD5_F17FD03849D6A3E07AA056E8D9091A82"/> 
            <event value="move.1.0"/> 
            <next value="GP_HashMD5_EBDB388D9224C1F45219A462F5782EDA"/> 
        </xnode> 
        <xnode> 
            <key value="GP_HashMD5_F27855DAC7C618AAF8EB1EDBFC289CE8"/> 
            <event value="jump.5.4.3"/> 
            <next value="GP_HashMD5_E1EF265DC6A39A252F7D19609C2AD1C0"/> 
        </xnode> 
        <xnode> 
            <key value="GP_HashMD5_F27855DAC7C618AAF8EB1EDBFC289CE8"/> 
            <event value="move.2.3"/> 
            <next value="GP_HashMD5_59A1AADA0AD29406B7D8AD41723387D6"/> 
        </xnode> 
        <xnode> 
            <key value="GP_HashMD5_F29F1299B0655C1EE2B3D15D3FF6F63A"/> 
            <event value="move.2.1"/> 
            <next value="GP_HashMD5_B223D81A220EB8F0489BC3FD9305661B"/> 
        </xnode> 
        <xnode> 
            <key value="GP_HashMD5_F31A8CE791CE7592ACC08EF316860B47"/> 
            <event value="jump.0.1.2"/> 
            <next value="GP_HashMD5_B8CF2374E4E596349275FB6ABC9D3A43"/> 
        </xnode> 
        <xnode> 
            <key value="GP_HashMD5_F31A8CE791CE7592ACC08EF316860B47"/> 
            <event value="jump.4.3.2"/> 
            <next value="GP_HashMD5_3CF29658BE466F71E9E0A34F7DCB62C8"/> 
        </xnode> 
        <xnode> 
            <key value="GP_HashMD5_F4BF137F4B438CDB752C42B12FB7D005"/> 
            <event value="move.7.8"/> 
            <next value="GP_HashMD5_846D3B824D6751763A128281A99F6CD3"/> 
        </xnode> 
        <xnode> 
            <key value="GP_HashMD5_F68A7FB1CEF9763092C0D42FA06F700C"/> 
            <event value="jump.2.3.4"/> 
            <next value="GP_HashMD5_E7931CE53B12F6FFA9F16E5F3CE23F43"/> 
        </xnode> 
        <xnode> 
            <key value="GP_HashMD5_F68A7FB1CEF9763092C0D42FA06F700C"/> 
            <event value="move.5.4"/> 
            <next value="GP_HashMD5_CCD8F769D98DB88557A5A89C5E7FD1A7"/> 
        </xnode> 
        <xnode> 
            <key value="GP_HashMD5_F6D319C42703F9B56C8B132A130C6F54"/> 
            <event value="jump.2.3.4"/> 
            <next value="GP_HashMD5_788A08971CD35C438C300B8674670D43"/> 
        </xnode> 
        <xnode> 
            <key value="GP_HashMD5_F6D319C42703F9B56C8B132A130C6F54"/> 
            <event value="move.5.4"/> 
            <next value="GP_HashMD5_7B96AA795CBAB5EFDD688A72E3DCDBDD"/> 
        </xnode> 
        <xnode> 
            <key value="GP_HashMD5_F765E3947C9EF4E92B729343C2CFE165"/> 
            <event value="jump.2.1.0"/> 
            <next value="GP_HashMD5_99996C628B78EE1E9DD1E592D82E278A"/> 
        </xnode> 
        <xnode> 
            <key value="GP_HashMD5_FBDF1020AD05BE2D6ADD82D70E769ED2"/> 
            <event value="move.3.4"/> 
            <next value="GP_HashMD5_DAB201F3A4330E6512FD95100ACDED45"/> 
        </xnode> 
        <xnode> 
            <key value="GP_HashMD5_FD8C4ABC1BF2FD84CE02173CE1016AE7"/> 
            <event value="move.3.2"/> 
            <next value="GP_HashMD5_C48FB5013E57B9BD6FC51C530ED01987"/> 
        </xnode> 
        <xnode> 
            <key value="GP_HashMD5_FE5974702B820240BCC6CC93355B6C16"/> 
            <event value="move.7.8"/> 
            <next value="GP_HashMD5_44DADDAFA93F268D5548E6138E947DE0"/> 
        </xnode> 
    </xnodes> 
</specification>