<specification name="painting.fdr2">
    <initialXNodes> 
        <initialXNode> 
            <ikey value="GP_HashMD5_6C14405A13AD60A4E956AE553E860266"/> 
        </initialNNode> 
    </initialXnodes> 

    <xnodes> 
        <xnode> 
            <key value="root"/> 
            <event value="root"/> 
            <next value="GP_HashMD5_6C14405A13AD60A4E956AE553E860266"/> 
        </xnode> 
        <xnode> 
            <key value="GP_HashMD5_6C14405A13AD60A4E956AE553E860266"/> 
            <event value="STOP"/> 
            <next value="GP_HashMD5_6C14405A13AD60A4E956AE553E860266"/> 
        </xnode> 
    </xnodes> 
</specification>