<specification name="prizesoln.csp">
    <initialXNodes> 
        <initialXNode> 
            <ikey value="GP_HashMD5_F781C5AF0A7C85ACD0C2E8981D0786F4"/> 
        </initialNNode> 
    </initialXnodes> 

    <xnodes> 
        <xnode> 
            <key value="root"/> 
            <event value="root"/> 
            <next value="GP_HashMD5_F781C5AF0A7C85ACD0C2E8981D0786F4"/> 
        </xnode> 
        <xnode> 
            <key value="GP_HashMD5_026F5E06E2938826049FF1680290B426"/> 
            <event value="year2"/> 
            <next value="GP_HashMD5_559AFD8AF8B8133CD36EA18ADA3E4449"/> 
        </xnode> 
        <xnode> 
            <key value="GP_HashMD5_04C55B1BF2DB5852421C86CE7DE3B7FC"/> 
            <event value="present"/> 
            <next value="GP_HashMD5_C55BEBA4EC1081F48609B9C4F877726C"/> 
        </xnode> 
        <xnode> 
            <key value="GP_HashMD5_04DD37CADD9E02F6381D01AAA8457A4E"/> 
            <event value="year3"/> 
            <next value="GP_HashMD5_CA9C91F8FB83706888F52D9AD64326A4"/> 
        </xnode> 
        <xnode> 
            <key value="GP_HashMD5_04DD37CADD9E02F6381D01AAA8457A4E"/> 
            <event value="present"/> 
            <next value="GP_HashMD5_CD94595276BC718F32876319CD37E6F9"/> 
        </xnode> 
        <xnode> 
            <key value="GP_HashMD5_08A3EEA32165945CD149BFEBBC25404C"/> 
            <event value="year3"/> 
            <next value="GP_HashMD5_457CF6C9D1C2EC6E561BF08D284BA256"/> 
        </xnode> 
        <xnode> 
            <key value="GP_HashMD5_0FBB49910883A50F9E5CFF357508229A"/> 
            <event value="present"/> 
            <next value="GP_HashMD5_B797280496B2B51C382EA28FDA6F5EFB"/> 
        </xnode> 
        <xnode> 
            <key value="GP_HashMD5_0FBB49910883A50F9E5CFF357508229A"/> 
            <event value="fail"/> 
            <next value="GP_HashMD5_C1813C525E2A1F632326E763E90603AB"/> 
        </xnode> 
        <xnode> 
            <key value="GP_HashMD5_140EEED5D3C400F744A61C43022BFAFA"/> 
            <event value="fail"/> 
            <next value="GP_HashMD5_710C4278F97E70C6807ED4BA99949524"/> 
        </xnode> 
        <xnode> 
            <key value="GP_HashMD5_140EEED5D3C400F744A61C43022BFAFA"/> 
            <event value="pass"/> 
            <next value="GP_HashMD5_34510B409ACBB4A3B4303990ACC4F42B"/> 
        </xnode> 
        <xnode> 
            <key value="GP_HashMD5_24CE46A5247D5A3BBCFC65C6CFED7BAB"/> 
            <event value="present"/> 
            <next value="GP_HashMD5_F2F537B69EBE21CDBE43D8E28C79778F"/> 
        </xnode> 
        <xnode> 
            <key value="GP_HashMD5_24CE46A5247D5A3BBCFC65C6CFED7BAB"/> 
            <event value="prize"/> 
            <next value="GP_HashMD5_84A5FA5DC3B8146ABD84AE8786B33C61"/> 
        </xnode> 
        <xnode> 
            <key value="GP_HashMD5_298BD208518E8FAF8BE658EB88C1B9A7"/> 
            <event value="year1"/> 
            <next value="GP_HashMD5_6F17E279C1E090DF2CDE5EF67F3ECDDD"/> 
        </xnode> 
        <xnode> 
            <key value="GP_HashMD5_34510B409ACBB4A3B4303990ACC4F42B"/> 
            <event value="year2"/> 
            <next value="GP_HashMD5_0FBB49910883A50F9E5CFF357508229A"/> 
        </xnode> 
        <xnode> 
            <key value="GP_HashMD5_34510B409ACBB4A3B4303990ACC4F42B"/> 
            <event value="present"/> 
            <next value="GP_HashMD5_6BC9695F0BE7AF8B1EB379F60C235345"/> 
        </xnode> 
        <xnode> 
            <key value="GP_HashMD5_36094200395F59180B06F0A0DA908215"/> 
            <event value="graduate"/> 
            <next value="GP_HashMD5_84A5FA5DC3B8146ABD84AE8786B33C61"/> 
        </xnode> 
        <xnode> 
            <key value="GP_HashMD5_36094200395F59180B06F0A0DA908215"/> 
            <event value="present"/> 
            <next value="GP_HashMD5_4638D8E738333FA2506827BE3C912B04"/> 
        </xnode> 
        <xnode> 
            <key value="GP_HashMD5_3DC6E0379EF16EEFD9DD5A9B3A7A6642"/> 
            <event value="year3"/> 
            <next value="GP_HashMD5_A0E2584D14DC45EF67F34C0EE6080689"/> 
        </xnode> 
        <xnode> 
            <key value="GP_HashMD5_3DC6E0379EF16EEFD9DD5A9B3A7A6642"/> 
            <event value="present"/> 
            <next value="GP_HashMD5_DBAED356C9B657A8AE84FEBD75D593FB"/> 
        </xnode> 
        <xnode> 
            <key value="GP_HashMD5_4302ACB0F315A25DDDCF308239A6BC40"/> 
            <event value="year2"/> 
            <next value="GP_HashMD5_CB9EE044F7C5D38F22871C41E8695356"/> 
        </xnode> 
        <xnode> 
            <key value="GP_HashMD5_438F0FE8EFB322C46AA83AA75403C1D0"/> 
            <event value="fail"/> 
            <next value="GP_HashMD5_298BD208518E8FAF8BE658EB88C1B9A7"/> 
        </xnode> 
        <xnode> 
            <key value="GP_HashMD5_438F0FE8EFB322C46AA83AA75403C1D0"/> 
            <event value="pass"/> 
            <next value="GP_HashMD5_C1813C525E2A1F632326E763E90603AB"/> 
        </xnode> 
        <xnode> 
            <key value="GP_HashMD5_451B18CB6A98E765F79379F7FAF73FF7"/> 
            <event value="graduate"/> 
            <next value="GP_HashMD5_C55BEBA4EC1081F48609B9C4F877726C"/> 
        </xnode> 
        <xnode> 
            <key value="GP_HashMD5_457CF6C9D1C2EC6E561BF08D284BA256"/> 
            <event value="fail"/> 
            <next value="GP_HashMD5_DBAED356C9B657A8AE84FEBD75D593FB"/> 
        </xnode> 
        <xnode> 
            <key value="GP_HashMD5_457CF6C9D1C2EC6E561BF08D284BA256"/> 
            <event value="pass"/> 
            <next value="GP_HashMD5_C5142AD51F7D5A357E9AFACE9CDD271C"/> 
        </xnode> 
        <xnode> 
            <key value="GP_HashMD5_4638D8E738333FA2506827BE3C912B04"/> 
            <event value="graduate"/> 
            <next value="GP_HashMD5_5C9A1760B2D51898A50D9026ED967A55"/> 
        </xnode> 
        <xnode> 
            <key value="GP_HashMD5_522851A96C5301BE4FAC4C03F0423083"/> 
            <event value="prize"/> 
            <next value="GP_HashMD5_5C9A1760B2D51898A50D9026ED967A55"/> 
        </xnode> 
        <xnode> 
            <key value="GP_HashMD5_559AFD8AF8B8133CD36EA18ADA3E4449"/> 
            <event value="fail"/> 
            <next value="GP_HashMD5_026F5E06E2938826049FF1680290B426"/> 
        </xnode> 
        <xnode> 
            <key value="GP_HashMD5_559AFD8AF8B8133CD36EA18ADA3E4449"/> 
            <event value="pass"/> 
            <next value="GP_HashMD5_3DC6E0379EF16EEFD9DD5A9B3A7A6642"/> 
        </xnode> 
        <xnode> 
            <key value="GP_HashMD5_5C9A1760B2D51898A50D9026ED967A55"/> 
            <event value="STOP"/> 
            <next value="GP_HashMD5_5C9A1760B2D51898A50D9026ED967A55"/> 
        </xnode> 
        <xnode> 
            <key value="GP_HashMD5_6BC9695F0BE7AF8B1EB379F60C235345"/> 
            <event value="year2"/> 
            <next value="GP_HashMD5_B797280496B2B51C382EA28FDA6F5EFB"/> 
        </xnode> 
        <xnode> 
            <key value="GP_HashMD5_6F17E279C1E090DF2CDE5EF67F3ECDDD"/> 
            <event value="fail"/> 
            <next value="GP_HashMD5_298BD208518E8FAF8BE658EB88C1B9A7"/> 
        </xnode> 
        <xnode> 
            <key value="GP_HashMD5_6F17E279C1E090DF2CDE5EF67F3ECDDD"/> 
            <event value="pass"/> 
            <next value="GP_HashMD5_B1A556C0A38EBDDC654793461FE2A2C3"/> 
        </xnode> 
        <xnode> 
            <key value="GP_HashMD5_710C4278F97E70C6807ED4BA99949524"/> 
            <event value="year1"/> 
            <next value="GP_HashMD5_438F0FE8EFB322C46AA83AA75403C1D0"/> 
        </xnode> 
        <xnode> 
            <key value="GP_HashMD5_7ABCAE007F9CFA870E5C5420030C1CCA"/> 
            <event value="present"/> 
            <next value="GP_HashMD5_559AFD8AF8B8133CD36EA18ADA3E4449"/> 
        </xnode> 
        <xnode> 
            <key value="GP_HashMD5_7ABCAE007F9CFA870E5C5420030C1CCA"/> 
            <event value="fail"/> 
            <next value="GP_HashMD5_B1A556C0A38EBDDC654793461FE2A2C3"/> 
        </xnode> 
        <xnode> 
            <key value="GP_HashMD5_7B9D0332B0817C21A137CBFDF117C585"/> 
            <event value="graduate"/> 
            <next value="GP_HashMD5_F2F537B69EBE21CDBE43D8E28C79778F"/> 
        </xnode> 
        <xnode> 
            <key value="GP_HashMD5_7B9D0332B0817C21A137CBFDF117C585"/> 
            <event value="prize"/> 
            <next value="GP_HashMD5_4638D8E738333FA2506827BE3C912B04"/> 
        </xnode> 
        <xnode> 
            <key value="GP_HashMD5_84A5FA5DC3B8146ABD84AE8786B33C61"/> 
            <event value="present"/> 
            <next value="GP_HashMD5_5C9A1760B2D51898A50D9026ED967A55"/> 
        </xnode> 
        <xnode> 
            <key value="GP_HashMD5_84CFAD28D53113A9DAC2F968E1909D62"/> 
            <event value="fail"/> 
            <next value="GP_HashMD5_DBAED356C9B657A8AE84FEBD75D593FB"/> 
        </xnode> 
        <xnode> 
            <key value="GP_HashMD5_84CFAD28D53113A9DAC2F968E1909D62"/> 
            <event value="pass"/> 
            <next value="GP_HashMD5_8FF91F64DF563E46BFAA39738E0FB134"/> 
        </xnode> 
        <xnode> 
            <key value="GP_HashMD5_8FF91F64DF563E46BFAA39738E0FB134"/> 
            <event value="graduate"/> 
            <next value="GP_HashMD5_04C55B1BF2DB5852421C86CE7DE3B7FC"/> 
        </xnode> 
        <xnode> 
            <key value="GP_HashMD5_8FF91F64DF563E46BFAA39738E0FB134"/> 
            <event value="present"/> 
            <next value="GP_HashMD5_451B18CB6A98E765F79379F7FAF73FF7"/> 
        </xnode> 
        <xnode> 
            <key value="GP_HashMD5_A0E2584D14DC45EF67F34C0EE6080689"/> 
            <event value="present"/> 
            <next value="GP_HashMD5_84CFAD28D53113A9DAC2F968E1909D62"/> 
        </xnode> 
        <xnode> 
            <key value="GP_HashMD5_A0E2584D14DC45EF67F34C0EE6080689"/> 
            <event value="fail"/> 
            <next value="GP_HashMD5_3DC6E0379EF16EEFD9DD5A9B3A7A6642"/> 
        </xnode> 
        <xnode> 
            <key value="GP_HashMD5_A980C983E592FC80485E5B71C57DBE00"/> 
            <event value="present"/> 
            <next value="GP_HashMD5_CB9EE044F7C5D38F22871C41E8695356"/> 
        </xnode> 
        <xnode> 
            <key value="GP_HashMD5_A980C983E592FC80485E5B71C57DBE00"/> 
            <event value="fail"/> 
            <next value="GP_HashMD5_B1A556C0A38EBDDC654793461FE2A2C3"/> 
        </xnode> 
        <xnode> 
            <key value="GP_HashMD5_B1A556C0A38EBDDC654793461FE2A2C3"/> 
            <event value="year2"/> 
            <next value="GP_HashMD5_7ABCAE007F9CFA870E5C5420030C1CCA"/> 
        </xnode> 
        <xnode> 
            <key value="GP_HashMD5_B1A556C0A38EBDDC654793461FE2A2C3"/> 
            <event value="present"/> 
            <next value="GP_HashMD5_026F5E06E2938826049FF1680290B426"/> 
        </xnode> 
        <xnode> 
            <key value="GP_HashMD5_B797280496B2B51C382EA28FDA6F5EFB"/> 
            <event value="fail"/> 
            <next value="GP_HashMD5_4302ACB0F315A25DDDCF308239A6BC40"/> 
        </xnode> 
        <xnode> 
            <key value="GP_HashMD5_B797280496B2B51C382EA28FDA6F5EFB"/> 
            <event value="pass"/> 
            <next value="GP_HashMD5_04DD37CADD9E02F6381D01AAA8457A4E"/> 
        </xnode> 
        <xnode> 
            <key value="GP_HashMD5_B7F8B30E1E12FC077C05A0EAB1677C30"/> 
            <event value="graduate"/> 
            <next value="GP_HashMD5_D433C1DA15C5EBCA40FFB85932CB3E8B"/> 
        </xnode> 
        <xnode> 
            <key value="GP_HashMD5_B7F8B30E1E12FC077C05A0EAB1677C30"/> 
            <event value="present"/> 
            <next value="GP_HashMD5_EC7BDE368D4078230B3E48E87A996088"/> 
        </xnode> 
        <xnode> 
            <key value="GP_HashMD5_B7F8B30E1E12FC077C05A0EAB1677C30"/> 
            <event value="prize"/> 
            <next value="GP_HashMD5_36094200395F59180B06F0A0DA908215"/> 
        </xnode> 
        <xnode> 
            <key value="GP_HashMD5_BCE245E71E901857A3E1914987A9EA15"/> 
            <event value="year3"/> 
            <next value="GP_HashMD5_BF82A009BABFCEC179E5A49DB0851DB3"/> 
        </xnode> 
        <xnode> 
            <key value="GP_HashMD5_BCE245E71E901857A3E1914987A9EA15"/> 
            <event value="present"/> 
            <next value="GP_HashMD5_08A3EEA32165945CD149BFEBBC25404C"/> 
        </xnode> 
        <xnode> 
            <key value="GP_HashMD5_BF82A009BABFCEC179E5A49DB0851DB3"/> 
            <event value="present"/> 
            <next value="GP_HashMD5_457CF6C9D1C2EC6E561BF08D284BA256"/> 
        </xnode> 
        <xnode> 
            <key value="GP_HashMD5_BF82A009BABFCEC179E5A49DB0851DB3"/> 
            <event value="fail"/> 
            <next value="GP_HashMD5_3DC6E0379EF16EEFD9DD5A9B3A7A6642"/> 
        </xnode> 
        <xnode> 
            <key value="GP_HashMD5_C1813C525E2A1F632326E763E90603AB"/> 
            <event value="year2"/> 
            <next value="GP_HashMD5_A980C983E592FC80485E5B71C57DBE00"/> 
        </xnode> 
        <xnode> 
            <key value="GP_HashMD5_C1813C525E2A1F632326E763E90603AB"/> 
            <event value="present"/> 
            <next value="GP_HashMD5_4302ACB0F315A25DDDCF308239A6BC40"/> 
        </xnode> 
        <xnode> 
            <key value="GP_HashMD5_C4533A43FCC9525BE920F5E3EC3B3643"/> 
            <event value="fail"/> 
            <next value="GP_HashMD5_08A3EEA32165945CD149BFEBBC25404C"/> 
        </xnode> 
        <xnode> 
            <key value="GP_HashMD5_C4533A43FCC9525BE920F5E3EC3B3643"/> 
            <event value="pass"/> 
            <next value="GP_HashMD5_B7F8B30E1E12FC077C05A0EAB1677C30"/> 
        </xnode> 
        <xnode> 
            <key value="GP_HashMD5_C5142AD51F7D5A357E9AFACE9CDD271C"/> 
            <event value="graduate"/> 
            <next value="GP_HashMD5_24CE46A5247D5A3BBCFC65C6CFED7BAB"/> 
        </xnode> 
        <xnode> 
            <key value="GP_HashMD5_C5142AD51F7D5A357E9AFACE9CDD271C"/> 
            <event value="present"/> 
            <next value="GP_HashMD5_7B9D0332B0817C21A137CBFDF117C585"/> 
        </xnode> 
        <xnode> 
            <key value="GP_HashMD5_C5142AD51F7D5A357E9AFACE9CDD271C"/> 
            <event value="prize"/> 
            <next value="GP_HashMD5_36094200395F59180B06F0A0DA908215"/> 
        </xnode> 
        <xnode> 
            <key value="GP_HashMD5_C55BEBA4EC1081F48609B9C4F877726C"/> 
            <event value="STOP"/> 
            <next value="GP_HashMD5_C55BEBA4EC1081F48609B9C4F877726C"/> 
        </xnode> 
        <xnode> 
            <key value="GP_HashMD5_CA9C91F8FB83706888F52D9AD64326A4"/> 
            <event value="present"/> 
            <next value="GP_HashMD5_C4533A43FCC9525BE920F5E3EC3B3643"/> 
        </xnode> 
        <xnode> 
            <key value="GP_HashMD5_CA9C91F8FB83706888F52D9AD64326A4"/> 
            <event value="fail"/> 
            <next value="GP_HashMD5_BCE245E71E901857A3E1914987A9EA15"/> 
        </xnode> 
        <xnode> 
            <key value="GP_HashMD5_CB9EE044F7C5D38F22871C41E8695356"/> 
            <event value="fail"/> 
            <next value="GP_HashMD5_026F5E06E2938826049FF1680290B426"/> 
        </xnode> 
        <xnode> 
            <key value="GP_HashMD5_CB9EE044F7C5D38F22871C41E8695356"/> 
            <event value="pass"/> 
            <next value="GP_HashMD5_BCE245E71E901857A3E1914987A9EA15"/> 
        </xnode> 
        <xnode> 
            <key value="GP_HashMD5_CD94595276BC718F32876319CD37E6F9"/> 
            <event value="year3"/> 
            <next value="GP_HashMD5_C4533A43FCC9525BE920F5E3EC3B3643"/> 
        </xnode> 
        <xnode> 
            <key value="GP_HashMD5_D433C1DA15C5EBCA40FFB85932CB3E8B"/> 
            <event value="present"/> 
            <next value="GP_HashMD5_522851A96C5301BE4FAC4C03F0423083"/> 
        </xnode> 
        <xnode> 
            <key value="GP_HashMD5_D433C1DA15C5EBCA40FFB85932CB3E8B"/> 
            <event value="prize"/> 
            <next value="GP_HashMD5_84A5FA5DC3B8146ABD84AE8786B33C61"/> 
        </xnode> 
        <xnode> 
            <key value="GP_HashMD5_DBAED356C9B657A8AE84FEBD75D593FB"/> 
            <event value="year3"/> 
            <next value="GP_HashMD5_84CFAD28D53113A9DAC2F968E1909D62"/> 
        </xnode> 
        <xnode> 
            <key value="GP_HashMD5_EC7BDE368D4078230B3E48E87A996088"/> 
            <event value="graduate"/> 
            <next value="GP_HashMD5_522851A96C5301BE4FAC4C03F0423083"/> 
        </xnode> 
        <xnode> 
            <key value="GP_HashMD5_EC7BDE368D4078230B3E48E87A996088"/> 
            <event value="prize"/> 
            <next value="GP_HashMD5_4638D8E738333FA2506827BE3C912B04"/> 
        </xnode> 
        <xnode> 
            <key value="GP_HashMD5_F2F537B69EBE21CDBE43D8E28C79778F"/> 
            <event value="prize"/> 
            <next value="GP_HashMD5_5C9A1760B2D51898A50D9026ED967A55"/> 
        </xnode> 
        <xnode> 
            <key value="GP_HashMD5_F781C5AF0A7C85ACD0C2E8981D0786F4"/> 
            <event value="year1"/> 
            <next value="GP_HashMD5_140EEED5D3C400F744A61C43022BFAFA"/> 
        </xnode> 
    </xnodes> 
</specification>