<specification name="protex3.csp">
    <initialXNodes> 
        <initialXNode> 
            <ikey value="GP_HashMD5_2341F3A5C2B38D35BCEEA4881E847C9F"/> 
        </initialNNode> 
        <initialXNode> 
            <ikey value="GP_HashMD5_2341F3A5C2B38D35BCEEA4881E847C9F"/> 
        </initialNNode> 
    </initialXnodes> 

    <xnodes> 
        <xnode> 
            <key value="root"/> 
            <event value="root"/> 
            <next value="GP_HashMD5_2341F3A5C2B38D35BCEEA4881E847C9F"/> 
        </xnode> 
        <xnode> 
            <key value="GP_HashMD5_1180B67E63B66F85544B0F7896D03A73"/> 
            <event value="Internal Choice = 1"/> 
            <next value="GP_HashMD5_B401B106E83A45BCF4EDF441368E273E"/> 
        </xnode> 
        <xnode> 
            <key value="GP_HashMD5_2341F3A5C2B38D35BCEEA4881E847C9F"/> 
            <event value="c1.mess1"/> 
            <next value="GP_HashMD5_1180B67E63B66F85544B0F7896D03A73"/> 
        </xnode> 
        <xnode> 
            <key value="GP_HashMD5_2341F3A5C2B38D35BCEEA4881E847C9F"/> 
            <event value="c1.mess2"/> 
            <next value="GP_HashMD5_D6D697D9200C19C968C562FEE46DD2FB"/> 
        </xnode> 
        <xnode> 
            <key value="GP_HashMD5_B401B106E83A45BCF4EDF441368E273E"/> 
            <event value="c2.mess1"/> 
            <next value="GP_HashMD5_2341F3A5C2B38D35BCEEA4881E847C9F"/> 
        </xnode> 
        <xnode> 
            <key value="GP_HashMD5_C0F932B9948E7CC08EC50BCB3626527C"/> 
            <event value="c2.mess2"/> 
            <next value="GP_HashMD5_2341F3A5C2B38D35BCEEA4881E847C9F"/> 
        </xnode> 
        <xnode> 
            <key value="GP_HashMD5_D53C459E361502B2AFD5A695A21F3845"/> 
            <event value="c1.mess1"/> 
            <next value="GP_HashMD5_1180B67E63B66F85544B0F7896D03A73"/> 
        </xnode> 
        <xnode> 
            <key value="GP_HashMD5_D53C459E361502B2AFD5A695A21F3845"/> 
            <event value="c1.mess2"/> 
            <next value="GP_HashMD5_D6D697D9200C19C968C562FEE46DD2FB"/> 
        </xnode> 
        <xnode> 
            <key value="GP_HashMD5_D6D697D9200C19C968C562FEE46DD2FB"/> 
            <event value="Internal Choice = 1"/> 
            <next value="GP_HashMD5_C0F932B9948E7CC08EC50BCB3626527C"/> 
        </xnode> 
    </xnodes> 
</specification>