<specification name="student2.csp">
    <initialXNodes> 
        <initialXNode> 
            <ikey value="GP_HashMD5_901CDF7916AA22CB9721D2CDDAA393E8"/> 
        </initialNNode> 
    </initialXnodes> 

    <xnodes> 
        <xnode> 
            <key value="root"/> 
            <event value="root"/> 
            <next value="GP_HashMD5_901CDF7916AA22CB9721D2CDDAA393E8"/> 
        </xnode> 
        <xnode> 
            <key value="GP_HashMD5_0104699D5A3B556ED875C3DF0B5A046D"/> 
            <event value="fail"/> 
            <next value="GP_HashMD5_8DCCF0858A069CD4AE0B349431A8F55F"/> 
        </xnode> 
        <xnode> 
            <key value="GP_HashMD5_0104699D5A3B556ED875C3DF0B5A046D"/> 
            <event value="present"/> 
            <next value="GP_HashMD5_F99CF6CF796A8AA54DAE45DA55F4E452"/> 
        </xnode> 
        <xnode> 
            <key value="GP_HashMD5_12FBEACC38166297D79BCBFCB2B4A103"/> 
            <event value="level3"/> 
            <next value="GP_HashMD5_3BF648410519528DA437AAA11D5A4097"/> 
        </xnode> 
        <xnode> 
            <key value="GP_HashMD5_12FBEACC38166297D79BCBFCB2B4A103"/> 
            <event value="present"/> 
            <next value="GP_HashMD5_F3B2991D284DDBD9BA84382C0664F8F5"/> 
        </xnode> 
        <xnode> 
            <key value="GP_HashMD5_3BF648410519528DA437AAA11D5A4097"/> 
            <event value="fail"/> 
            <next value="GP_HashMD5_12FBEACC38166297D79BCBFCB2B4A103"/> 
        </xnode> 
        <xnode> 
            <key value="GP_HashMD5_3BF648410519528DA437AAA11D5A4097"/> 
            <event value="present"/> 
            <next value="GP_HashMD5_AA60B6F9F13A604F3F5C2ECEC9BC2D1A"/> 
        </xnode> 
        <xnode> 
            <key value="GP_HashMD5_50199272F6BA45B2389A6C71AB033FDB"/> 
            <event value="present"/> 
            <next value="GP_HashMD5_7B6AC2AB6016A01F67944D1A786FC159"/> 
        </xnode> 
        <xnode> 
            <key value="GP_HashMD5_67F8E33BFB78D8D77A431F12BB07E85F"/> 
            <event value="level2"/> 
            <next value="GP_HashMD5_F99CF6CF796A8AA54DAE45DA55F4E452"/> 
        </xnode> 
        <xnode> 
            <key value="GP_HashMD5_7B6AC2AB6016A01F67944D1A786FC159"/> 
            <event value="STOP"/> 
            <next value="GP_HashMD5_7B6AC2AB6016A01F67944D1A786FC159"/> 
        </xnode> 
        <xnode> 
            <key value="GP_HashMD5_873F6D32BF3549BE1BA5DC62F34A920C"/> 
            <event value="graduate"/> 
            <next value="GP_HashMD5_50199272F6BA45B2389A6C71AB033FDB"/> 
        </xnode> 
        <xnode> 
            <key value="GP_HashMD5_873F6D32BF3549BE1BA5DC62F34A920C"/> 
            <event value="present"/> 
            <next value="GP_HashMD5_9967D484AAE527B1965938C072BA225C"/> 
        </xnode> 
        <xnode> 
            <key value="GP_HashMD5_8DCCF0858A069CD4AE0B349431A8F55F"/> 
            <event value="level2"/> 
            <next value="GP_HashMD5_0104699D5A3B556ED875C3DF0B5A046D"/> 
        </xnode> 
        <xnode> 
            <key value="GP_HashMD5_8DCCF0858A069CD4AE0B349431A8F55F"/> 
            <event value="present"/> 
            <next value="GP_HashMD5_67F8E33BFB78D8D77A431F12BB07E85F"/> 
        </xnode> 
        <xnode> 
            <key value="GP_HashMD5_901CDF7916AA22CB9721D2CDDAA393E8"/> 
            <event value="level1"/> 
            <next value="GP_HashMD5_C3E0C49DEEDD924D1642C083652DF9CE"/> 
        </xnode> 
        <xnode> 
            <key value="GP_HashMD5_9967D484AAE527B1965938C072BA225C"/> 
            <event value="graduate"/> 
            <next value="GP_HashMD5_7B6AC2AB6016A01F67944D1A786FC159"/> 
        </xnode> 
        <xnode> 
            <key value="GP_HashMD5_AA60B6F9F13A604F3F5C2ECEC9BC2D1A"/> 
            <event value="fail"/> 
            <next value="GP_HashMD5_F3B2991D284DDBD9BA84382C0664F8F5"/> 
        </xnode> 
        <xnode> 
            <key value="GP_HashMD5_AA60B6F9F13A604F3F5C2ECEC9BC2D1A"/> 
            <event value="pass"/> 
            <next value="GP_HashMD5_873F6D32BF3549BE1BA5DC62F34A920C"/> 
        </xnode> 
        <xnode> 
            <key value="GP_HashMD5_C3E0C49DEEDD924D1642C083652DF9CE"/> 
            <event value="fail"/> 
            <next value="GP_HashMD5_E084A21582651177BC2B2F6144670D3B"/> 
        </xnode> 
        <xnode> 
            <key value="GP_HashMD5_C3E0C49DEEDD924D1642C083652DF9CE"/> 
            <event value="pass"/> 
            <next value="GP_HashMD5_8DCCF0858A069CD4AE0B349431A8F55F"/> 
        </xnode> 
        <xnode> 
            <key value="GP_HashMD5_E084A21582651177BC2B2F6144670D3B"/> 
            <event value="level1"/> 
            <next value="GP_HashMD5_C3E0C49DEEDD924D1642C083652DF9CE"/> 
        </xnode> 
        <xnode> 
            <key value="GP_HashMD5_F3B2991D284DDBD9BA84382C0664F8F5"/> 
            <event value="level3"/> 
            <next value="GP_HashMD5_AA60B6F9F13A604F3F5C2ECEC9BC2D1A"/> 
        </xnode> 
        <xnode> 
            <key value="GP_HashMD5_F99CF6CF796A8AA54DAE45DA55F4E452"/> 
            <event value="fail"/> 
            <next value="GP_HashMD5_67F8E33BFB78D8D77A431F12BB07E85F"/> 
        </xnode> 
        <xnode> 
            <key value="GP_HashMD5_F99CF6CF796A8AA54DAE45DA55F4E452"/> 
            <event value="pass"/> 
            <next value="GP_HashMD5_12FBEACC38166297D79BCBFCB2B4A103"/> 
        </xnode> 
    </xnodes> 
</specification>