<specification name="tickets.csp">
    <initialXNodes> 
        <initialXNode> 
            <ikey value="GP_HashMD5_A41E9CAF691774ABC0ABC4772BCA259C"/> 
        </initialNNode> 
    </initialXnodes> 

    <xnodes> 
        <xnode> 
            <key value="root"/> 
            <event value="root"/> 
            <next value="GP_HashMD5_A41E9CAF691774ABC0ABC4772BCA259C"/> 
        </xnode> 
        <xnode> 
            <key value="GP_HashMD5_45D797111AA2D9278A07E93F0EF54650"/> 
            <event value="off"/> 
            <next value="GP_HashMD5_A41E9CAF691774ABC0ABC4772BCA259C"/> 
        </xnode> 
        <xnode> 
            <key value="GP_HashMD5_45D797111AA2D9278A07E93F0EF54650"/> 
            <event value="staines"/> 
            <next value="GP_HashMD5_5BE4D9EAAE351D37FC4A3BCDC8A34D0E"/> 
        </xnode> 
        <xnode> 
            <key value="GP_HashMD5_45D797111AA2D9278A07E93F0EF54650"/> 
            <event value="ashford"/> 
            <next value="GP_HashMD5_5223392FE222D484FFAFEED1CD55BE34"/> 
        </xnode> 
        <xnode> 
            <key value="GP_HashMD5_5223392FE222D484FFAFEED1CD55BE34"/> 
            <event value="pound"/> 
            <next value="GP_HashMD5_5325CE98C990154DABA750F0F8D4BCAE"/> 
        </xnode> 
        <xnode> 
            <key value="GP_HashMD5_5325CE98C990154DABA750F0F8D4BCAE"/> 
            <event value="pound"/> 
            <next value="GP_HashMD5_8B369AA2462E26856EDE557ADA08B567"/> 
        </xnode> 
        <xnode> 
            <key value="GP_HashMD5_5BE4D9EAAE351D37FC4A3BCDC8A34D0E"/> 
            <event value="pound"/> 
            <next value="GP_HashMD5_9A2A62EEF805D9CDD5CCBFA2AE4676A7"/> 
        </xnode> 
        <xnode> 
            <key value="GP_HashMD5_8B369AA2462E26856EDE557ADA08B567"/> 
            <event value="ticket"/> 
            <next value="GP_HashMD5_45D797111AA2D9278A07E93F0EF54650"/> 
        </xnode> 
        <xnode> 
            <key value="GP_HashMD5_9A2A62EEF805D9CDD5CCBFA2AE4676A7"/> 
            <event value="ticket"/> 
            <next value="GP_HashMD5_45D797111AA2D9278A07E93F0EF54650"/> 
        </xnode> 
        <xnode> 
            <key value="GP_HashMD5_A41E9CAF691774ABC0ABC4772BCA259C"/> 
            <event value="on"/> 
            <next value="GP_HashMD5_45D797111AA2D9278A07E93F0EF54650"/> 
        </xnode> 
    </xnodes> 
</specification>