<specification name="troco100.csp">
    <initialXNodes> 
        <initialXNode> 
            <ikey value="GP_HashMD5_DC14BB75A7E7BE5EE6BDFA7C458EED85"/> 
        </initialNNode> 
    </initialXnodes> 

    <xnodes> 
        <xnode> 
            <key value="root"/> 
            <event value="root"/> 
            <next value="GP_HashMD5_DC14BB75A7E7BE5EE6BDFA7C458EED85"/> 
        </xnode> 
        <xnode> 
            <key value="GP_HashMD5_027BB6F6905C618FD1FABA828B5D2C9C"/> 
            <event value="s2c"/> 
            <next value="GP_HashMD5_3C049B4303FE49A0611B382AFE6A4D6A"/> 
        </xnode> 
        <xnode> 
            <key value="GP_HashMD5_027BB6F6905C618FD1FABA828B5D2C9C"/> 
            <event value="s1c"/> 
            <next value="GP_HashMD5_35C503EE3036897C0065F3030EE50ED7"/> 
        </xnode> 
        <xnode> 
            <key value="GP_HashMD5_06E52E5A966B0A85666C7C44254E43A6"/> 
            <event value="s2c"/> 
            <next value="GP_HashMD5_13E1A49C44FCC214C9887CAD0C0860BD"/> 
        </xnode> 
        <xnode> 
            <key value="GP_HashMD5_06E52E5A966B0A85666C7C44254E43A6"/> 
            <event value="s1c"/> 
            <next value="GP_HashMD5_A30C93797C43E3A958C43A41A5C6266F"/> 
        </xnode> 
        <xnode> 
            <key value="GP_HashMD5_0BB2BF53EE5F4E47A4CFA326E56DCB02"/> 
            <event value="s2c"/> 
            <next value="GP_HashMD5_476456F3BE14FE57993974B7A67D5B08"/> 
        </xnode> 
        <xnode> 
            <key value="GP_HashMD5_0BB2BF53EE5F4E47A4CFA326E56DCB02"/> 
            <event value="s1c"/> 
            <next value="GP_HashMD5_5579B7BCF687D10D3E95A2A1B21BE411"/> 
        </xnode> 
        <xnode> 
            <key value="GP_HashMD5_0C168364E241EEB38A5DC4525FE72493"/> 
            <event value="s2c"/> 
            <next value="GP_HashMD5_F7B43E50144A4C392F4E2AA3D113F5F8"/> 
        </xnode> 
        <xnode> 
            <key value="GP_HashMD5_0C168364E241EEB38A5DC4525FE72493"/> 
            <event value="s1c"/> 
            <next value="GP_HashMD5_B0B6135920B97759CC24C3D4567A374B"/> 
        </xnode> 
        <xnode> 
            <key value="GP_HashMD5_0C4F705F00850297595AAB4663650300"/> 
            <event value="s2c"/> 
            <next value="GP_HashMD5_B7FF437FCB0818D4F803BFC53DFF7D1F"/> 
        </xnode> 
        <xnode> 
            <key value="GP_HashMD5_0C4F705F00850297595AAB4663650300"/> 
            <event value="s1c"/> 
            <next value="GP_HashMD5_30D75F1B8F6134B52A96076DB973CF09"/> 
        </xnode> 
        <xnode> 
            <key value="GP_HashMD5_0C7087796187C742CA73B213FBA57027"/> 
            <event value="s2c"/> 
            <next value="GP_HashMD5_C16EEAD8013329AB434AAE4FD5E3647E"/> 
        </xnode> 
        <xnode> 
            <key value="GP_HashMD5_0C7087796187C742CA73B213FBA57027"/> 
            <event value="s1c"/> 
            <next value="GP_HashMD5_99DEBE47DBFC0D98CBCCB88212401AD5"/> 
        </xnode> 
        <xnode> 
            <key value="GP_HashMD5_0C969185FE1DD8AEF41689D5BACE6404"/> 
            <event value="s2c"/> 
            <next value="GP_HashMD5_5579B7BCF687D10D3E95A2A1B21BE411"/> 
        </xnode> 
        <xnode> 
            <key value="GP_HashMD5_0C969185FE1DD8AEF41689D5BACE6404"/> 
            <event value="s1c"/> 
            <next value="GP_HashMD5_0BB2BF53EE5F4E47A4CFA326E56DCB02"/> 
        </xnode> 
        <xnode> 
            <key value="GP_HashMD5_0D0D1106B04D7FA3A8529C954050DDF1"/> 
            <event value="s2c"/> 
            <next value="GP_HashMD5_D2254366CF202A51C642A4268004072B"/> 
        </xnode> 
        <xnode> 
            <key value="GP_HashMD5_0D0D1106B04D7FA3A8529C954050DDF1"/> 
            <event value="s1c"/> 
            <next value="GP_HashMD5_CBB7308A0FF17237434458E7B12E18C0"/> 
        </xnode> 
        <xnode> 
            <key value="GP_HashMD5_12B6D0E41027003AA3B8003D25170758"/> 
            <event value="s2c"/> 
            <next value="GP_HashMD5_027BB6F6905C618FD1FABA828B5D2C9C"/> 
        </xnode> 
        <xnode> 
            <key value="GP_HashMD5_12B6D0E41027003AA3B8003D25170758"/> 
            <event value="s1c"/> 
            <next value="GP_HashMD5_F8E23831F670ABA51DFC3F65E7C31EA1"/> 
        </xnode> 
        <xnode> 
            <key value="GP_HashMD5_13E1A49C44FCC214C9887CAD0C0860BD"/> 
            <event value="s2c"/> 
            <next value="GP_HashMD5_3A4E78880303163DDD852112DD436B7D"/> 
        </xnode> 
        <xnode> 
            <key value="GP_HashMD5_13E1A49C44FCC214C9887CAD0C0860BD"/> 
            <event value="s1c"/> 
            <next value="GP_HashMD5_E346EA029A043EB755D5669235AB66F5"/> 
        </xnode> 
        <xnode> 
            <key value="GP_HashMD5_1965E9EFC9113FDC6B9E0A8A68A8181C"/> 
            <event value="s2c"/> 
            <next value="GP_HashMD5_0C7087796187C742CA73B213FBA57027"/> 
        </xnode> 
        <xnode> 
            <key value="GP_HashMD5_1965E9EFC9113FDC6B9E0A8A68A8181C"/> 
            <event value="s1c"/> 
            <next value="GP_HashMD5_F62F577BEEFEBC9B4DAD20991E071F91"/> 
        </xnode> 
        <xnode> 
            <key value="GP_HashMD5_1ED9049CF985F894A39785C55FC0A9AE"/> 
            <event value="s2c"/> 
            <next value="GP_HashMD5_59D9D76B1D771F7F697A8B455E9067D1"/> 
        </xnode> 
        <xnode> 
            <key value="GP_HashMD5_1ED9049CF985F894A39785C55FC0A9AE"/> 
            <event value="s1c"/> 
            <next value="GP_HashMD5_75751EE0C940EE2DEBD89C5101C0B111"/> 
        </xnode> 
        <xnode> 
            <key value="GP_HashMD5_1FFB8B6A0A32157E3A21917942708489"/> 
            <event value="s2c"/> 
            <next value="GP_HashMD5_2FB2E2BD4EA00B22134B2484B5F097D8"/> 
        </xnode> 
        <xnode> 
            <key value="GP_HashMD5_1FFB8B6A0A32157E3A21917942708489"/> 
            <event value="s1c"/> 
            <next value="GP_HashMD5_D1BAB6A7480134641C08F9E7685DFA3C"/> 
        </xnode> 
        <xnode> 
            <key value="GP_HashMD5_225D4EF4400A687AFAA9D2CFBD097DE9"/> 
            <event value="s2c"/> 
            <next value="GP_HashMD5_FDFA6332E3608B75A58E4E1F8F5069B5"/> 
        </xnode> 
        <xnode> 
            <key value="GP_HashMD5_225D4EF4400A687AFAA9D2CFBD097DE9"/> 
            <event value="s1c"/> 
            <next value="GP_HashMD5_DE624A781D02A36CA41410CF51CF8526"/> 
        </xnode> 
        <xnode> 
            <key value="GP_HashMD5_23AF0978F944A9185FC5874C77843924"/> 
            <event value="s2c"/> 
            <next value="GP_HashMD5_7832C9FBE86F686EF0B4D64E6B5F83A7"/> 
        </xnode> 
        <xnode> 
            <key value="GP_HashMD5_23AF0978F944A9185FC5874C77843924"/> 
            <event value="s1c"/> 
            <next value="GP_HashMD5_7E6F77271F1BA1A12E70E60A79672B63"/> 
        </xnode> 
        <xnode> 
            <key value="GP_HashMD5_2B03B14507B71078BAC774DA092DDC5F"/> 
            <event value="s2c"/> 
            <next value="GP_HashMD5_F77F7759C1B4D4A19ABEF247428ACFF6"/> 
        </xnode> 
        <xnode> 
            <key value="GP_HashMD5_2B03B14507B71078BAC774DA092DDC5F"/> 
            <event value="s1c"/> 
            <next value="GP_HashMD5_CF1B1B70D5EE72D4326DC4F6309190A1"/> 
        </xnode> 
        <xnode> 
            <key value="GP_HashMD5_2FB2E2BD4EA00B22134B2484B5F097D8"/> 
            <event value="s2c"/> 
            <next value="GP_HashMD5_DF78D17BC857A2BB52190090DC913421"/> 
        </xnode> 
        <xnode> 
            <key value="GP_HashMD5_2FB2E2BD4EA00B22134B2484B5F097D8"/> 
            <event value="s1c"/> 
            <next value="GP_HashMD5_77A67E255B6BDF321C3B537B233B871B"/> 
        </xnode> 
        <xnode> 
            <key value="GP_HashMD5_30D75F1B8F6134B52A96076DB973CF09"/> 
            <event value="s2c"/> 
            <next value="GP_HashMD5_1965E9EFC9113FDC6B9E0A8A68A8181C"/> 
        </xnode> 
        <xnode> 
            <key value="GP_HashMD5_30D75F1B8F6134B52A96076DB973CF09"/> 
            <event value="s1c"/> 
            <next value="GP_HashMD5_B7FF437FCB0818D4F803BFC53DFF7D1F"/> 
        </xnode> 
        <xnode> 
            <key value="GP_HashMD5_30E381C9403B7C2271BADE54056473AE"/> 
            <event value="s2c"/> 
            <next value="GP_HashMD5_0C4F705F00850297595AAB4663650300"/> 
        </xnode> 
        <xnode> 
            <key value="GP_HashMD5_30E381C9403B7C2271BADE54056473AE"/> 
            <event value="s1c"/> 
            <next value="GP_HashMD5_F446C354CF0967FB5ACABCA2214D574C"/> 
        </xnode> 
        <xnode> 
            <key value="GP_HashMD5_31EDD377C649A4323A18DC6803DEE02D"/> 
            <event value="s2c"/> 
            <next value="GP_HashMD5_6070DF65E87E68F7434589920B1AAA7E"/> 
        </xnode> 
        <xnode> 
            <key value="GP_HashMD5_31EDD377C649A4323A18DC6803DEE02D"/> 
            <event value="s1c"/> 
            <next value="GP_HashMD5_71CC2DCBB8CEE9829B3AA9B79AF442A9"/> 
        </xnode> 
        <xnode> 
            <key value="GP_HashMD5_34B55ADD23D4B29269F7445A230B803F"/> 
            <event value="s2c"/> 
            <next value="GP_HashMD5_6847EAB1BFF3D6754AC65440984D20DC"/> 
        </xnode> 
        <xnode> 
            <key value="GP_HashMD5_34B55ADD23D4B29269F7445A230B803F"/> 
            <event value="s1c"/> 
            <next value="GP_HashMD5_FA47FBA94D5E52E9074E0C739BB2DC57"/> 
        </xnode> 
        <xnode> 
            <key value="GP_HashMD5_35C503EE3036897C0065F3030EE50ED7"/> 
            <event value="s2c"/> 
            <next value="GP_HashMD5_81BEB6F6F7ECBE1D703CFBA61AA7A2CA"/> 
        </xnode> 
        <xnode> 
            <key value="GP_HashMD5_35C503EE3036897C0065F3030EE50ED7"/> 
            <event value="s1c"/> 
            <next value="GP_HashMD5_3C049B4303FE49A0611B382AFE6A4D6A"/> 
        </xnode> 
        <xnode> 
            <key value="GP_HashMD5_37FC46448C370A5D9FA44A2D1BFDAC54"/> 
            <event value="s2c"/> 
            <next value="GP_HashMD5_225D4EF4400A687AFAA9D2CFBD097DE9"/> 
        </xnode> 
        <xnode> 
            <key value="GP_HashMD5_37FC46448C370A5D9FA44A2D1BFDAC54"/> 
            <event value="s1c"/> 
            <next value="GP_HashMD5_B4EADCC99FF8904D4A7922D0561C05F8"/> 
        </xnode> 
        <xnode> 
            <key value="GP_HashMD5_39EB7FCB866017E2A21889E2126F8EBD"/> 
            <event value="s2c"/> 
            <next value="GP_HashMD5_FAE3EAFCE28C4211EAB1625A51D910BC"/> 
        </xnode> 
        <xnode> 
            <key value="GP_HashMD5_39EB7FCB866017E2A21889E2126F8EBD"/> 
            <event value="s1c"/> 
            <next value="GP_HashMD5_92C9C86B9B1485A87788239F06465919"/> 
        </xnode> 
        <xnode> 
            <key value="GP_HashMD5_3A4E78880303163DDD852112DD436B7D"/> 
            <event value="s2c"/> 
            <next value="GP_HashMD5_CF1B1B70D5EE72D4326DC4F6309190A1"/> 
        </xnode> 
        <xnode> 
            <key value="GP_HashMD5_3A4E78880303163DDD852112DD436B7D"/> 
            <event value="s1c"/> 
            <next value="GP_HashMD5_2B03B14507B71078BAC774DA092DDC5F"/> 
        </xnode> 
        <xnode> 
            <key value="GP_HashMD5_3BC42F43CB4904B86E524EB47BCF89A0"/> 
            <event value="s2c"/> 
            <next value="GP_HashMD5_973EECC51E8C97087748767DE4981BC5"/> 
        </xnode> 
        <xnode> 
            <key value="GP_HashMD5_3BC42F43CB4904B86E524EB47BCF89A0"/> 
            <event value="s1c"/> 
            <next value="GP_HashMD5_7EDED6957C7FD728E8AF7CBC914FF4DA"/> 
        </xnode> 
        <xnode> 
            <key value="GP_HashMD5_3BFB1D4A1A341D586C22800B3B209662"/> 
            <event value="s2c"/> 
            <next value="GP_HashMD5_B0B6135920B97759CC24C3D4567A374B"/> 
        </xnode> 
        <xnode> 
            <key value="GP_HashMD5_3BFB1D4A1A341D586C22800B3B209662"/> 
            <event value="s1c"/> 
            <next value="GP_HashMD5_0C168364E241EEB38A5DC4525FE72493"/> 
        </xnode> 
        <xnode> 
            <key value="GP_HashMD5_3C049B4303FE49A0611B382AFE6A4D6A"/> 
            <event value="s2c"/> 
            <next value="GP_HashMD5_CD619AC126223DDCCA04BA7103AFE420"/> 
        </xnode> 
        <xnode> 
            <key value="GP_HashMD5_3C049B4303FE49A0611B382AFE6A4D6A"/> 
            <event value="s1c"/> 
            <next value="GP_HashMD5_81BEB6F6F7ECBE1D703CFBA61AA7A2CA"/> 
        </xnode> 
        <xnode> 
            <key value="GP_HashMD5_3E70F6BD7B14AB8AC1D550BF8D433E38"/> 
            <event value="s2c"/> 
            <next value="GP_HashMD5_30E381C9403B7C2271BADE54056473AE"/> 
        </xnode> 
        <xnode> 
            <key value="GP_HashMD5_3E70F6BD7B14AB8AC1D550BF8D433E38"/> 
            <event value="s1c"/> 
            <next value="GP_HashMD5_D145F3690AC31C23FA10D0A739084933"/> 
        </xnode> 
        <xnode> 
            <key value="GP_HashMD5_476456F3BE14FE57993974B7A67D5B08"/> 
            <event value="s2c"/> 
            <next value="GP_HashMD5_75751EE0C940EE2DEBD89C5101C0B111"/> 
        </xnode> 
        <xnode> 
            <key value="GP_HashMD5_476456F3BE14FE57993974B7A67D5B08"/> 
            <event value="s1c"/> 
            <next value="GP_HashMD5_1ED9049CF985F894A39785C55FC0A9AE"/> 
        </xnode> 
        <xnode> 
            <key value="GP_HashMD5_48F39BF0D22946BE9B8D9561FA99A203"/> 
            <event value="s2c"/> 
            <next value="GP_HashMD5_F930388E298DF2AD3DB147FDB3004EC2"/> 
        </xnode> 
        <xnode> 
            <key value="GP_HashMD5_48F39BF0D22946BE9B8D9561FA99A203"/> 
            <event value="s1c"/> 
            <next value="GP_HashMD5_C563160D5F62539454AC7A68F0FBDF8E"/> 
        </xnode> 
        <xnode> 
            <key value="GP_HashMD5_4C874387FE60C1175568D953C318CB01"/> 
            <event value="s2c"/> 
            <next value="GP_HashMD5_7E6F77271F1BA1A12E70E60A79672B63"/> 
        </xnode> 
        <xnode> 
            <key value="GP_HashMD5_4C874387FE60C1175568D953C318CB01"/> 
            <event value="s1c"/> 
            <next value="GP_HashMD5_23AF0978F944A9185FC5874C77843924"/> 
        </xnode> 
        <xnode> 
            <key value="GP_HashMD5_5053556E1D5856549E4BF30DD5919CCD"/> 
            <event value="s2c"/> 
            <next value="GP_HashMD5_E3447A99E803006ACFDF76459489B700"/> 
        </xnode> 
        <xnode> 
            <key value="GP_HashMD5_5053556E1D5856549E4BF30DD5919CCD"/> 
            <event value="s1c"/> 
            <next value="GP_HashMD5_DC28E3E6E1C1CE7E7E2048AB8B4A3B3A"/> 
        </xnode> 
        <xnode> 
            <key value="GP_HashMD5_5579B7BCF687D10D3E95A2A1B21BE411"/> 
            <event value="s2c"/> 
            <next value="GP_HashMD5_1ED9049CF985F894A39785C55FC0A9AE"/> 
        </xnode> 
        <xnode> 
            <key value="GP_HashMD5_5579B7BCF687D10D3E95A2A1B21BE411"/> 
            <event value="s1c"/> 
            <next value="GP_HashMD5_476456F3BE14FE57993974B7A67D5B08"/> 
        </xnode> 
        <xnode> 
            <key value="GP_HashMD5_55D13248B4A308187F7C2D36B4608652"/> 
            <event value="s2c"/> 
            <next value="GP_HashMD5_D1BAB6A7480134641C08F9E7685DFA3C"/> 
        </xnode> 
        <xnode> 
            <key value="GP_HashMD5_55D13248B4A308187F7C2D36B4608652"/> 
            <event value="s1c"/> 
            <next value="GP_HashMD5_1FFB8B6A0A32157E3A21917942708489"/> 
        </xnode> 
        <xnode> 
            <key value="GP_HashMD5_59452E866F4BB7112AC796A6A4423787"/> 
            <event value="s2c"/> 
            <next value="GP_HashMD5_747D25FC632B0C324F3E6BA8DE13D463"/> 
        </xnode> 
        <xnode> 
            <key value="GP_HashMD5_59452E866F4BB7112AC796A6A4423787"/> 
            <event value="s1c"/> 
            <next value="GP_HashMD5_A3E54787BBFF51C3A251806C89D572B9"/> 
        </xnode> 
        <xnode> 
            <key value="GP_HashMD5_59D9D76B1D771F7F697A8B455E9067D1"/> 
            <event value="s2c"/> 
            <next value="GP_HashMD5_23AF0978F944A9185FC5874C77843924"/> 
        </xnode> 
        <xnode> 
            <key value="GP_HashMD5_59D9D76B1D771F7F697A8B455E9067D1"/> 
            <event value="s1c"/> 
            <next value="GP_HashMD5_4C874387FE60C1175568D953C318CB01"/> 
        </xnode> 
        <xnode> 
            <key value="GP_HashMD5_6070DF65E87E68F7434589920B1AAA7E"/> 
            <event value="s2c"/> 
            <next value="GP_HashMD5_34B55ADD23D4B29269F7445A230B803F"/> 
        </xnode> 
        <xnode> 
            <key value="GP_HashMD5_6070DF65E87E68F7434589920B1AAA7E"/> 
            <event value="s1c"/> 
            <next value="GP_HashMD5_8542816C82C0FAD745FDECF0A71F3246"/> 
        </xnode> 
        <xnode> 
            <key value="GP_HashMD5_669E936605312D4F6EB431988663B0CE"/> 
            <event value="s2c"/> 
            <next value="GP_HashMD5_39EB7FCB866017E2A21889E2126F8EBD"/> 
        </xnode> 
        <xnode> 
            <key value="GP_HashMD5_669E936605312D4F6EB431988663B0CE"/> 
            <event value="s1c"/> 
            <next value="GP_HashMD5_D6ACC09D38FF72975A8783AB7B6E7806"/> 
        </xnode> 
        <xnode> 
            <key value="GP_HashMD5_6847EAB1BFF3D6754AC65440984D20DC"/> 
            <event value="s2c"/> 
            <next value="GP_HashMD5_C563160D5F62539454AC7A68F0FBDF8E"/> 
        </xnode> 
        <xnode> 
            <key value="GP_HashMD5_6847EAB1BFF3D6754AC65440984D20DC"/> 
            <event value="s1c"/> 
            <next value="GP_HashMD5_48F39BF0D22946BE9B8D9561FA99A203"/> 
        </xnode> 
        <xnode> 
            <key value="GP_HashMD5_70D2C384954CCDBAA31C2E821AE23BC7"/> 
            <event value="s2c"/> 
            <next value="GP_HashMD5_F38A8C7D0BEB4E7EDEB15C17AD97999D"/> 
        </xnode> 
        <xnode> 
            <key value="GP_HashMD5_70D2C384954CCDBAA31C2E821AE23BC7"/> 
            <event value="s1c"/> 
            <next value="GP_HashMD5_B8E05C7FC1BF9A0E032A6627D0FD9981"/> 
        </xnode> 
        <xnode> 
            <key value="GP_HashMD5_71A449F69A93ABA2D218353DF7BC8C64"/> 
            <event value="s2c"/> 
            <next value="GP_HashMD5_70D2C384954CCDBAA31C2E821AE23BC7"/> 
        </xnode> 
        <xnode> 
            <key value="GP_HashMD5_71A449F69A93ABA2D218353DF7BC8C64"/> 
            <event value="s1c"/> 
            <next value="GP_HashMD5_CD02FF8FCF3CA74860ADFD2F1F7874EA"/> 
        </xnode> 
        <xnode> 
            <key value="GP_HashMD5_71CC2DCBB8CEE9829B3AA9B79AF442A9"/> 
            <event value="s2c"/> 
            <next value="GP_HashMD5_8542816C82C0FAD745FDECF0A71F3246"/> 
        </xnode> 
        <xnode> 
            <key value="GP_HashMD5_71CC2DCBB8CEE9829B3AA9B79AF442A9"/> 
            <event value="s1c"/> 
            <next value="GP_HashMD5_6070DF65E87E68F7434589920B1AAA7E"/> 
        </xnode> 
        <xnode> 
            <key value="GP_HashMD5_7288DB76CD7671A2924AAAA6ACB745AD"/> 
            <event value="s2c"/> 
            <next value="GP_HashMD5_55D13248B4A308187F7C2D36B4608652"/> 
        </xnode> 
        <xnode> 
            <key value="GP_HashMD5_7288DB76CD7671A2924AAAA6ACB745AD"/> 
            <event value="s1c"/> 
            <next value="GP_HashMD5_A8D860336E9410E3C2E8397C71B0EF08"/> 
        </xnode> 
        <xnode> 
            <key value="GP_HashMD5_747D25FC632B0C324F3E6BA8DE13D463"/> 
            <event value="s2c"/> 
            <next value="GP_HashMD5_F8E23831F670ABA51DFC3F65E7C31EA1"/> 
        </xnode> 
        <xnode> 
            <key value="GP_HashMD5_747D25FC632B0C324F3E6BA8DE13D463"/> 
            <event value="s1c"/> 
            <next value="GP_HashMD5_12B6D0E41027003AA3B8003D25170758"/> 
        </xnode> 
        <xnode> 
            <key value="GP_HashMD5_75751EE0C940EE2DEBD89C5101C0B111"/> 
            <event value="s2c"/> 
            <next value="GP_HashMD5_4C874387FE60C1175568D953C318CB01"/> 
        </xnode> 
        <xnode> 
            <key value="GP_HashMD5_75751EE0C940EE2DEBD89C5101C0B111"/> 
            <event value="s1c"/> 
            <next value="GP_HashMD5_59D9D76B1D771F7F697A8B455E9067D1"/> 
        </xnode> 
        <xnode> 
            <key value="GP_HashMD5_77A67E255B6BDF321C3B537B233B871B"/> 
            <event value="s2c"/> 
            <next value="GP_HashMD5_F0101AC81496CE4493D307971D9440EB"/> 
        </xnode> 
        <xnode> 
            <key value="GP_HashMD5_77A67E255B6BDF321C3B537B233B871B"/> 
            <event value="s1c"/> 
            <next value="GP_HashMD5_DF78D17BC857A2BB52190090DC913421"/> 
        </xnode> 
        <xnode> 
            <key value="GP_HashMD5_7832C9FBE86F686EF0B4D64E6B5F83A7"/> 
            <event value="s2c"/> 
            <next value="GP_HashMD5_3E70F6BD7B14AB8AC1D550BF8D433E38"/> 
        </xnode> 
        <xnode> 
            <key value="GP_HashMD5_7832C9FBE86F686EF0B4D64E6B5F83A7"/> 
            <event value="s1c"/> 
            <next value="GP_HashMD5_8CAB24F762C042D229169F923005B346"/> 
        </xnode> 
        <xnode> 
            <key value="GP_HashMD5_7C853B0B98833C1ACD98513C68C1DE23"/> 
            <event value="STOP"/> 
            <next value="GP_HashMD5_7C853B0B98833C1ACD98513C68C1DE23"/> 
        </xnode> 
        <xnode> 
            <key value="GP_HashMD5_7E6F77271F1BA1A12E70E60A79672B63"/> 
            <event value="s2c"/> 
            <next value="GP_HashMD5_8CAB24F762C042D229169F923005B346"/> 
        </xnode> 
        <xnode> 
            <key value="GP_HashMD5_7E6F77271F1BA1A12E70E60A79672B63"/> 
            <event value="s1c"/> 
            <next value="GP_HashMD5_7832C9FBE86F686EF0B4D64E6B5F83A7"/> 
        </xnode> 
        <xnode> 
            <key value="GP_HashMD5_7EDED6957C7FD728E8AF7CBC914FF4DA"/> 
            <event value="s2c"/> 
            <next value="GP_HashMD5_A16DB53927B59B0EA38D3ECF93D9E5C3"/> 
        </xnode> 
        <xnode> 
            <key value="GP_HashMD5_7EDED6957C7FD728E8AF7CBC914FF4DA"/> 
            <event value="s1c"/> 
            <next value="GP_HashMD5_973EECC51E8C97087748767DE4981BC5"/> 
        </xnode> 
        <xnode> 
            <key value="GP_HashMD5_81BEB6F6F7ECBE1D703CFBA61AA7A2CA"/> 
            <event value="s2c"/> 
            <next value="GP_HashMD5_7288DB76CD7671A2924AAAA6ACB745AD"/> 
        </xnode> 
        <xnode> 
            <key value="GP_HashMD5_81BEB6F6F7ECBE1D703CFBA61AA7A2CA"/> 
            <event value="s1c"/> 
            <next value="GP_HashMD5_CD619AC126223DDCCA04BA7103AFE420"/> 
        </xnode> 
        <xnode> 
            <key value="GP_HashMD5_8542816C82C0FAD745FDECF0A71F3246"/> 
            <event value="s2c"/> 
            <next value="GP_HashMD5_FA47FBA94D5E52E9074E0C739BB2DC57"/> 
        </xnode> 
        <xnode> 
            <key value="GP_HashMD5_8542816C82C0FAD745FDECF0A71F3246"/> 
            <event value="s1c"/> 
            <next value="GP_HashMD5_34B55ADD23D4B29269F7445A230B803F"/> 
        </xnode> 
        <xnode> 
            <key value="GP_HashMD5_8900790AC02B0F23E6938FB948039BC2"/> 
            <event value="s2c"/> 
            <next value="GP_HashMD5_A3E54787BBFF51C3A251806C89D572B9"/> 
        </xnode> 
        <xnode> 
            <key value="GP_HashMD5_8900790AC02B0F23E6938FB948039BC2"/> 
            <event value="s1c"/> 
            <next value="GP_HashMD5_59452E866F4BB7112AC796A6A4423787"/> 
        </xnode> 
        <xnode> 
            <key value="GP_HashMD5_8C7AA6FA59DEF15B99C66A439DE337A7"/> 
            <event value="s2c"/> 
            <next value="GP_HashMD5_3BC42F43CB4904B86E524EB47BCF89A0"/> 
        </xnode> 
        <xnode> 
            <key value="GP_HashMD5_8C7AA6FA59DEF15B99C66A439DE337A7"/> 
            <event value="s1c"/> 
            <next value="GP_HashMD5_C37BD08ECBBFDE7991761E78E3FC822A"/> 
        </xnode> 
        <xnode> 
            <key value="GP_HashMD5_8CAB24F762C042D229169F923005B346"/> 
            <event value="s2c"/> 
            <next value="GP_HashMD5_D145F3690AC31C23FA10D0A739084933"/> 
        </xnode> 
        <xnode> 
            <key value="GP_HashMD5_8CAB24F762C042D229169F923005B346"/> 
            <event value="s1c"/> 
            <next value="GP_HashMD5_3E70F6BD7B14AB8AC1D550BF8D433E38"/> 
        </xnode> 
        <xnode> 
            <key value="GP_HashMD5_92C9C86B9B1485A87788239F06465919"/> 
            <event value="s2c"/> 
            <next value="GP_HashMD5_B8BAF646F49AC04BDBA4F3617066C4D5"/> 
        </xnode> 
        <xnode> 
            <key value="GP_HashMD5_92C9C86B9B1485A87788239F06465919"/> 
            <event value="s1c"/> 
            <next value="GP_HashMD5_FAE3EAFCE28C4211EAB1625A51D910BC"/> 
        </xnode> 
        <xnode> 
            <key value="GP_HashMD5_973EECC51E8C97087748767DE4981BC5"/> 
            <event value="s2c"/> 
            <next value="GP_HashMD5_8900790AC02B0F23E6938FB948039BC2"/> 
        </xnode> 
        <xnode> 
            <key value="GP_HashMD5_973EECC51E8C97087748767DE4981BC5"/> 
            <event value="s1c"/> 
            <next value="GP_HashMD5_A16DB53927B59B0EA38D3ECF93D9E5C3"/> 
        </xnode> 
        <xnode> 
            <key value="GP_HashMD5_99DEBE47DBFC0D98CBCCB88212401AD5"/> 
            <event value="s2c"/> 
            <next value="GP_HashMD5_C33E3B07C81B3F886D7CCCFC64A5C58E"/> 
        </xnode> 
        <xnode> 
            <key value="GP_HashMD5_99DEBE47DBFC0D98CBCCB88212401AD5"/> 
            <event value="s1c"/> 
            <next value="GP_HashMD5_C16EEAD8013329AB434AAE4FD5E3647E"/> 
        </xnode> 
        <xnode> 
            <key value="GP_HashMD5_99FF4852EE060F3958891E920BE3517E"/> 
            <event value="s2c"/> 
            <next value="GP_HashMD5_0BB2BF53EE5F4E47A4CFA326E56DCB02"/> 
        </xnode> 
        <xnode> 
            <key value="GP_HashMD5_99FF4852EE060F3958891E920BE3517E"/> 
            <event value="s1c"/> 
            <next value="GP_HashMD5_0C969185FE1DD8AEF41689D5BACE6404"/> 
        </xnode> 
        <xnode> 
            <key value="GP_HashMD5_A16DB53927B59B0EA38D3ECF93D9E5C3"/> 
            <event value="s2c"/> 
            <next value="GP_HashMD5_59452E866F4BB7112AC796A6A4423787"/> 
        </xnode> 
        <xnode> 
            <key value="GP_HashMD5_A16DB53927B59B0EA38D3ECF93D9E5C3"/> 
            <event value="s1c"/> 
            <next value="GP_HashMD5_8900790AC02B0F23E6938FB948039BC2"/> 
        </xnode> 
        <xnode> 
            <key value="GP_HashMD5_A30C93797C43E3A958C43A41A5C6266F"/> 
            <event value="s2c"/> 
            <next value="GP_HashMD5_E346EA029A043EB755D5669235AB66F5"/> 
        </xnode> 
        <xnode> 
            <key value="GP_HashMD5_A30C93797C43E3A958C43A41A5C6266F"/> 
            <event value="s1c"/> 
            <next value="GP_HashMD5_13E1A49C44FCC214C9887CAD0C0860BD"/> 
        </xnode> 
        <xnode> 
            <key value="GP_HashMD5_A3E54787BBFF51C3A251806C89D572B9"/> 
            <event value="s2c"/> 
            <next value="GP_HashMD5_12B6D0E41027003AA3B8003D25170758"/> 
        </xnode> 
        <xnode> 
            <key value="GP_HashMD5_A3E54787BBFF51C3A251806C89D572B9"/> 
            <event value="s1c"/> 
            <next value="GP_HashMD5_747D25FC632B0C324F3E6BA8DE13D463"/> 
        </xnode> 
        <xnode> 
            <key value="GP_HashMD5_A8D860336E9410E3C2E8397C71B0EF08"/> 
            <event value="s2c"/> 
            <next value="GP_HashMD5_1FFB8B6A0A32157E3A21917942708489"/> 
        </xnode> 
        <xnode> 
            <key value="GP_HashMD5_A8D860336E9410E3C2E8397C71B0EF08"/> 
            <event value="s1c"/> 
            <next value="GP_HashMD5_55D13248B4A308187F7C2D36B4608652"/> 
        </xnode> 
        <xnode> 
            <key value="GP_HashMD5_B0B6135920B97759CC24C3D4567A374B"/> 
            <event value="s2c"/> 
            <next value="GP_HashMD5_0D0D1106B04D7FA3A8529C954050DDF1"/> 
        </xnode> 
        <xnode> 
            <key value="GP_HashMD5_B0B6135920B97759CC24C3D4567A374B"/> 
            <event value="s1c"/> 
            <next value="GP_HashMD5_F7B43E50144A4C392F4E2AA3D113F5F8"/> 
        </xnode> 
        <xnode> 
            <key value="GP_HashMD5_B2A4CC89449AFD59A026EEA080B97841"/> 
            <event value="s1c"/> 
            <next value="GP_HashMD5_7C853B0B98833C1ACD98513C68C1DE23"/> 
        </xnode> 
        <xnode> 
            <key value="GP_HashMD5_B4EADCC99FF8904D4A7922D0561C05F8"/> 
            <event value="s2c"/> 
            <next value="GP_HashMD5_DE624A781D02A36CA41410CF51CF8526"/> 
        </xnode> 
        <xnode> 
            <key value="GP_HashMD5_B4EADCC99FF8904D4A7922D0561C05F8"/> 
            <event value="s1c"/> 
            <next value="GP_HashMD5_225D4EF4400A687AFAA9D2CFBD097DE9"/> 
        </xnode> 
        <xnode> 
            <key value="GP_HashMD5_B7FF437FCB0818D4F803BFC53DFF7D1F"/> 
            <event value="s2c"/> 
            <next value="GP_HashMD5_F62F577BEEFEBC9B4DAD20991E071F91"/> 
        </xnode> 
        <xnode> 
            <key value="GP_HashMD5_B7FF437FCB0818D4F803BFC53DFF7D1F"/> 
            <event value="s1c"/> 
            <next value="GP_HashMD5_1965E9EFC9113FDC6B9E0A8A68A8181C"/> 
        </xnode> 
        <xnode> 
            <key value="GP_HashMD5_B8BAF646F49AC04BDBA4F3617066C4D5"/> 
            <event value="s2c"/> 
            <next value="GP_HashMD5_B4EADCC99FF8904D4A7922D0561C05F8"/> 
        </xnode> 
        <xnode> 
            <key value="GP_HashMD5_B8BAF646F49AC04BDBA4F3617066C4D5"/> 
            <event value="s1c"/> 
            <next value="GP_HashMD5_37FC46448C370A5D9FA44A2D1BFDAC54"/> 
        </xnode> 
        <xnode> 
            <key value="GP_HashMD5_B8E05C7FC1BF9A0E032A6627D0FD9981"/> 
            <event value="s2c"/> 
            <next value="GP_HashMD5_3BFB1D4A1A341D586C22800B3B209662"/> 
        </xnode> 
        <xnode> 
            <key value="GP_HashMD5_B8E05C7FC1BF9A0E032A6627D0FD9981"/> 
            <event value="s1c"/> 
            <next value="GP_HashMD5_F38A8C7D0BEB4E7EDEB15C17AD97999D"/> 
        </xnode> 
        <xnode> 
            <key value="GP_HashMD5_B8E1DB3A491DD261CEE72BD96E267F85"/> 
            <event value="s2c"/> 
            <next value="GP_HashMD5_C37BD08ECBBFDE7991761E78E3FC822A"/> 
        </xnode> 
        <xnode> 
            <key value="GP_HashMD5_B8E1DB3A491DD261CEE72BD96E267F85"/> 
            <event value="s1c"/> 
            <next value="GP_HashMD5_8C7AA6FA59DEF15B99C66A439DE337A7"/> 
        </xnode> 
        <xnode> 
            <key value="GP_HashMD5_C16EEAD8013329AB434AAE4FD5E3647E"/> 
            <event value="s2c"/> 
            <next value="GP_HashMD5_D7D47E787C8656D5E4C366DF603FA295"/> 
        </xnode> 
        <xnode> 
            <key value="GP_HashMD5_C16EEAD8013329AB434AAE4FD5E3647E"/> 
            <event value="s1c"/> 
            <next value="GP_HashMD5_C33E3B07C81B3F886D7CCCFC64A5C58E"/> 
        </xnode> 
        <xnode> 
            <key value="GP_HashMD5_C33E3B07C81B3F886D7CCCFC64A5C58E"/> 
            <event value="s2c"/> 
            <next value="GP_HashMD5_B2A4CC89449AFD59A026EEA080B97841"/> 
        </xnode> 
        <xnode> 
            <key value="GP_HashMD5_C33E3B07C81B3F886D7CCCFC64A5C58E"/> 
            <event value="s1c"/> 
            <next value="GP_HashMD5_D7D47E787C8656D5E4C366DF603FA295"/> 
        </xnode> 
        <xnode> 
            <key value="GP_HashMD5_C37BD08ECBBFDE7991761E78E3FC822A"/> 
            <event value="s2c"/> 
            <next value="GP_HashMD5_7EDED6957C7FD728E8AF7CBC914FF4DA"/> 
        </xnode> 
        <xnode> 
            <key value="GP_HashMD5_C37BD08ECBBFDE7991761E78E3FC822A"/> 
            <event value="s1c"/> 
            <next value="GP_HashMD5_3BC42F43CB4904B86E524EB47BCF89A0"/> 
        </xnode> 
        <xnode> 
            <key value="GP_HashMD5_C563160D5F62539454AC7A68F0FBDF8E"/> 
            <event value="s2c"/> 
            <next value="GP_HashMD5_5053556E1D5856549E4BF30DD5919CCD"/> 
        </xnode> 
        <xnode> 
            <key value="GP_HashMD5_C563160D5F62539454AC7A68F0FBDF8E"/> 
            <event value="s1c"/> 
            <next value="GP_HashMD5_F930388E298DF2AD3DB147FDB3004EC2"/> 
        </xnode> 
        <xnode> 
            <key value="GP_HashMD5_C8DE745D3F48EEE49513E42252037F01"/> 
            <event value="s2c"/> 
            <next value="GP_HashMD5_0C969185FE1DD8AEF41689D5BACE6404"/> 
        </xnode> 
        <xnode> 
            <key value="GP_HashMD5_C8DE745D3F48EEE49513E42252037F01"/> 
            <event value="s1c"/> 
            <next value="GP_HashMD5_99FF4852EE060F3958891E920BE3517E"/> 
        </xnode> 
        <xnode> 
            <key value="GP_HashMD5_CBB7308A0FF17237434458E7B12E18C0"/> 
            <event value="s2c"/> 
            <next value="GP_HashMD5_B8E1DB3A491DD261CEE72BD96E267F85"/> 
        </xnode> 
        <xnode> 
            <key value="GP_HashMD5_CBB7308A0FF17237434458E7B12E18C0"/> 
            <event value="s1c"/> 
            <next value="GP_HashMD5_D2254366CF202A51C642A4268004072B"/> 
        </xnode> 
        <xnode> 
            <key value="GP_HashMD5_CD02FF8FCF3CA74860ADFD2F1F7874EA"/> 
            <event value="s2c"/> 
            <next value="GP_HashMD5_B8E05C7FC1BF9A0E032A6627D0FD9981"/> 
        </xnode> 
        <xnode> 
            <key value="GP_HashMD5_CD02FF8FCF3CA74860ADFD2F1F7874EA"/> 
            <event value="s1c"/> 
            <next value="GP_HashMD5_70D2C384954CCDBAA31C2E821AE23BC7"/> 
        </xnode> 
        <xnode> 
            <key value="GP_HashMD5_CD619AC126223DDCCA04BA7103AFE420"/> 
            <event value="s2c"/> 
            <next value="GP_HashMD5_A8D860336E9410E3C2E8397C71B0EF08"/> 
        </xnode> 
        <xnode> 
            <key value="GP_HashMD5_CD619AC126223DDCCA04BA7103AFE420"/> 
            <event value="s1c"/> 
            <next value="GP_HashMD5_7288DB76CD7671A2924AAAA6ACB745AD"/> 
        </xnode> 
        <xnode> 
            <key value="GP_HashMD5_CF1B1B70D5EE72D4326DC4F6309190A1"/> 
            <event value="s2c"/> 
            <next value="GP_HashMD5_669E936605312D4F6EB431988663B0CE"/> 
        </xnode> 
        <xnode> 
            <key value="GP_HashMD5_CF1B1B70D5EE72D4326DC4F6309190A1"/> 
            <event value="s1c"/> 
            <next value="GP_HashMD5_F77F7759C1B4D4A19ABEF247428ACFF6"/> 
        </xnode> 
        <xnode> 
            <key value="GP_HashMD5_D145F3690AC31C23FA10D0A739084933"/> 
            <event value="s2c"/> 
            <next value="GP_HashMD5_F446C354CF0967FB5ACABCA2214D574C"/> 
        </xnode> 
        <xnode> 
            <key value="GP_HashMD5_D145F3690AC31C23FA10D0A739084933"/> 
            <event value="s1c"/> 
            <next value="GP_HashMD5_30E381C9403B7C2271BADE54056473AE"/> 
        </xnode> 
        <xnode> 
            <key value="GP_HashMD5_D1BAB6A7480134641C08F9E7685DFA3C"/> 
            <event value="s2c"/> 
            <next value="GP_HashMD5_77A67E255B6BDF321C3B537B233B871B"/> 
        </xnode> 
        <xnode> 
            <key value="GP_HashMD5_D1BAB6A7480134641C08F9E7685DFA3C"/> 
            <event value="s1c"/> 
            <next value="GP_HashMD5_2FB2E2BD4EA00B22134B2484B5F097D8"/> 
        </xnode> 
        <xnode> 
            <key value="GP_HashMD5_D2254366CF202A51C642A4268004072B"/> 
            <event value="s2c"/> 
            <next value="GP_HashMD5_8C7AA6FA59DEF15B99C66A439DE337A7"/> 
        </xnode> 
        <xnode> 
            <key value="GP_HashMD5_D2254366CF202A51C642A4268004072B"/> 
            <event value="s1c"/> 
            <next value="GP_HashMD5_B8E1DB3A491DD261CEE72BD96E267F85"/> 
        </xnode> 
        <xnode> 
            <key value="GP_HashMD5_D6ACC09D38FF72975A8783AB7B6E7806"/> 
            <event value="s2c"/> 
            <next value="GP_HashMD5_92C9C86B9B1485A87788239F06465919"/> 
        </xnode> 
        <xnode> 
            <key value="GP_HashMD5_D6ACC09D38FF72975A8783AB7B6E7806"/> 
            <event value="s1c"/> 
            <next value="GP_HashMD5_39EB7FCB866017E2A21889E2126F8EBD"/> 
        </xnode> 
        <xnode> 
            <key value="GP_HashMD5_D7D47E787C8656D5E4C366DF603FA295"/> 
            <event value="s2c"/> 
            <next value="GP_HashMD5_7C853B0B98833C1ACD98513C68C1DE23"/> 
        </xnode> 
        <xnode> 
            <key value="GP_HashMD5_D7D47E787C8656D5E4C366DF603FA295"/> 
            <event value="s1c"/> 
            <next value="GP_HashMD5_B2A4CC89449AFD59A026EEA080B97841"/> 
        </xnode> 
        <xnode> 
            <key value="GP_HashMD5_DC14BB75A7E7BE5EE6BDFA7C458EED85"/> 
            <event value="e100"/> 
            <next value="GP_HashMD5_71A449F69A93ABA2D218353DF7BC8C64"/> 
        </xnode> 
        <xnode> 
            <key value="GP_HashMD5_DC28E3E6E1C1CE7E7E2048AB8B4A3B3A"/> 
            <event value="s2c"/> 
            <next value="GP_HashMD5_06E52E5A966B0A85666C7C44254E43A6"/> 
        </xnode> 
        <xnode> 
            <key value="GP_HashMD5_DC28E3E6E1C1CE7E7E2048AB8B4A3B3A"/> 
            <event value="s1c"/> 
            <next value="GP_HashMD5_E3447A99E803006ACFDF76459489B700"/> 
        </xnode> 
        <xnode> 
            <key value="GP_HashMD5_DE624A781D02A36CA41410CF51CF8526"/> 
            <event value="s2c"/> 
            <next value="GP_HashMD5_C8DE745D3F48EEE49513E42252037F01"/> 
        </xnode> 
        <xnode> 
            <key value="GP_HashMD5_DE624A781D02A36CA41410CF51CF8526"/> 
            <event value="s1c"/> 
            <next value="GP_HashMD5_FDFA6332E3608B75A58E4E1F8F5069B5"/> 
        </xnode> 
        <xnode> 
            <key value="GP_HashMD5_DF78D17BC857A2BB52190090DC913421"/> 
            <event value="s2c"/> 
            <next value="GP_HashMD5_31EDD377C649A4323A18DC6803DEE02D"/> 
        </xnode> 
        <xnode> 
            <key value="GP_HashMD5_DF78D17BC857A2BB52190090DC913421"/> 
            <event value="s1c"/> 
            <next value="GP_HashMD5_F0101AC81496CE4493D307971D9440EB"/> 
        </xnode> 
        <xnode> 
            <key value="GP_HashMD5_E3447A99E803006ACFDF76459489B700"/> 
            <event value="s2c"/> 
            <next value="GP_HashMD5_A30C93797C43E3A958C43A41A5C6266F"/> 
        </xnode> 
        <xnode> 
            <key value="GP_HashMD5_E3447A99E803006ACFDF76459489B700"/> 
            <event value="s1c"/> 
            <next value="GP_HashMD5_06E52E5A966B0A85666C7C44254E43A6"/> 
        </xnode> 
        <xnode> 
            <key value="GP_HashMD5_E346EA029A043EB755D5669235AB66F5"/> 
            <event value="s2c"/> 
            <next value="GP_HashMD5_2B03B14507B71078BAC774DA092DDC5F"/> 
        </xnode> 
        <xnode> 
            <key value="GP_HashMD5_E346EA029A043EB755D5669235AB66F5"/> 
            <event value="s1c"/> 
            <next value="GP_HashMD5_3A4E78880303163DDD852112DD436B7D"/> 
        </xnode> 
        <xnode> 
            <key value="GP_HashMD5_F0101AC81496CE4493D307971D9440EB"/> 
            <event value="s2c"/> 
            <next value="GP_HashMD5_71CC2DCBB8CEE9829B3AA9B79AF442A9"/> 
        </xnode> 
        <xnode> 
            <key value="GP_HashMD5_F0101AC81496CE4493D307971D9440EB"/> 
            <event value="s1c"/> 
            <next value="GP_HashMD5_31EDD377C649A4323A18DC6803DEE02D"/> 
        </xnode> 
        <xnode> 
            <key value="GP_HashMD5_F38A8C7D0BEB4E7EDEB15C17AD97999D"/> 
            <event value="s2c"/> 
            <next value="GP_HashMD5_0C168364E241EEB38A5DC4525FE72493"/> 
        </xnode> 
        <xnode> 
            <key value="GP_HashMD5_F38A8C7D0BEB4E7EDEB15C17AD97999D"/> 
            <event value="s1c"/> 
            <next value="GP_HashMD5_3BFB1D4A1A341D586C22800B3B209662"/> 
        </xnode> 
        <xnode> 
            <key value="GP_HashMD5_F446C354CF0967FB5ACABCA2214D574C"/> 
            <event value="s2c"/> 
            <next value="GP_HashMD5_30D75F1B8F6134B52A96076DB973CF09"/> 
        </xnode> 
        <xnode> 
            <key value="GP_HashMD5_F446C354CF0967FB5ACABCA2214D574C"/> 
            <event value="s1c"/> 
            <next value="GP_HashMD5_0C4F705F00850297595AAB4663650300"/> 
        </xnode> 
        <xnode> 
            <key value="GP_HashMD5_F62F577BEEFEBC9B4DAD20991E071F91"/> 
            <event value="s2c"/> 
            <next value="GP_HashMD5_99DEBE47DBFC0D98CBCCB88212401AD5"/> 
        </xnode> 
        <xnode> 
            <key value="GP_HashMD5_F62F577BEEFEBC9B4DAD20991E071F91"/> 
            <event value="s1c"/> 
            <next value="GP_HashMD5_0C7087796187C742CA73B213FBA57027"/> 
        </xnode> 
        <xnode> 
            <key value="GP_HashMD5_F77F7759C1B4D4A19ABEF247428ACFF6"/> 
            <event value="s2c"/> 
            <next value="GP_HashMD5_D6ACC09D38FF72975A8783AB7B6E7806"/> 
        </xnode> 
        <xnode> 
            <key value="GP_HashMD5_F77F7759C1B4D4A19ABEF247428ACFF6"/> 
            <event value="s1c"/> 
            <next value="GP_HashMD5_669E936605312D4F6EB431988663B0CE"/> 
        </xnode> 
        <xnode> 
            <key value="GP_HashMD5_F7B43E50144A4C392F4E2AA3D113F5F8"/> 
            <event value="s2c"/> 
            <next value="GP_HashMD5_CBB7308A0FF17237434458E7B12E18C0"/> 
        </xnode> 
        <xnode> 
            <key value="GP_HashMD5_F7B43E50144A4C392F4E2AA3D113F5F8"/> 
            <event value="s1c"/> 
            <next value="GP_HashMD5_0D0D1106B04D7FA3A8529C954050DDF1"/> 
        </xnode> 
        <xnode> 
            <key value="GP_HashMD5_F8E23831F670ABA51DFC3F65E7C31EA1"/> 
            <event value="s2c"/> 
            <next value="GP_HashMD5_35C503EE3036897C0065F3030EE50ED7"/> 
        </xnode> 
        <xnode> 
            <key value="GP_HashMD5_F8E23831F670ABA51DFC3F65E7C31EA1"/> 
            <event value="s1c"/> 
            <next value="GP_HashMD5_027BB6F6905C618FD1FABA828B5D2C9C"/> 
        </xnode> 
        <xnode> 
            <key value="GP_HashMD5_F930388E298DF2AD3DB147FDB3004EC2"/> 
            <event value="s2c"/> 
            <next value="GP_HashMD5_DC28E3E6E1C1CE7E7E2048AB8B4A3B3A"/> 
        </xnode> 
        <xnode> 
            <key value="GP_HashMD5_F930388E298DF2AD3DB147FDB3004EC2"/> 
            <event value="s1c"/> 
            <next value="GP_HashMD5_5053556E1D5856549E4BF30DD5919CCD"/> 
        </xnode> 
        <xnode> 
            <key value="GP_HashMD5_FA47FBA94D5E52E9074E0C739BB2DC57"/> 
            <event value="s2c"/> 
            <next value="GP_HashMD5_48F39BF0D22946BE9B8D9561FA99A203"/> 
        </xnode> 
        <xnode> 
            <key value="GP_HashMD5_FA47FBA94D5E52E9074E0C739BB2DC57"/> 
            <event value="s1c"/> 
            <next value="GP_HashMD5_6847EAB1BFF3D6754AC65440984D20DC"/> 
        </xnode> 
        <xnode> 
            <key value="GP_HashMD5_FAE3EAFCE28C4211EAB1625A51D910BC"/> 
            <event value="s2c"/> 
            <next value="GP_HashMD5_37FC46448C370A5D9FA44A2D1BFDAC54"/> 
        </xnode> 
        <xnode> 
            <key value="GP_HashMD5_FAE3EAFCE28C4211EAB1625A51D910BC"/> 
            <event value="s1c"/> 
            <next value="GP_HashMD5_B8BAF646F49AC04BDBA4F3617066C4D5"/> 
        </xnode> 
        <xnode> 
            <key value="GP_HashMD5_FDFA6332E3608B75A58E4E1F8F5069B5"/> 
            <event value="s2c"/> 
            <next value="GP_HashMD5_99FF4852EE060F3958891E920BE3517E"/> 
        </xnode> 
        <xnode> 
            <key value="GP_HashMD5_FDFA6332E3608B75A58E4E1F8F5069B5"/> 
            <event value="s1c"/> 
            <next value="GP_HashMD5_C8DE745D3F48EEE49513E42252037F01"/> 
        </xnode> 
    </xnodes> 
</specification>