<specification name="vm1.csp">
    <initialXNodes> 
        <initialXNode> 
            <ikey value="GP_HashMD5_9AA8BE9F1102C088EEC23F681C031B37"/> 
        </initialNNode> 
    </initialXnodes> 

    <xnodes> 
        <xnode> 
            <key value="root"/> 
            <event value="root"/> 
            <next value="GP_HashMD5_9AA8BE9F1102C088EEC23F681C031B37"/> 
        </xnode> 
        <xnode> 
            <key value="GP_HashMD5_07DB60D9494081BA78E5A3B9BE658748"/> 
            <event value="choc"/> 
            <next value="GP_HashMD5_7C853B0B98833C1ACD98513C68C1DE23"/> 
        </xnode> 
        <xnode> 
            <key value="GP_HashMD5_7C853B0B98833C1ACD98513C68C1DE23"/> 
            <event value="STOP"/> 
            <next value="GP_HashMD5_7C853B0B98833C1ACD98513C68C1DE23"/> 
        </xnode> 
        <xnode> 
            <key value="GP_HashMD5_9AA8BE9F1102C088EEC23F681C031B37"/> 
            <event value="coin"/> 
            <next value="GP_HashMD5_07DB60D9494081BA78E5A3B9BE658748"/> 
        </xnode> 
    </xnodes> 
</specification>