<specification name="vm2.csp">
    <initialXNodes> 
        <initialXNode> 
            <ikey value="GP_HashMD5_A0CD672A4F98FAED3374A60E186BFB40"/> 
        </initialNNode> 
    </initialXnodes> 

    <xnodes> 
        <xnode> 
            <key value="root"/> 
            <event value="root"/> 
            <next value="GP_HashMD5_A0CD672A4F98FAED3374A60E186BFB40"/> 
        </xnode> 
        <xnode> 
            <key value="GP_HashMD5_2E408AC7ECAE141671B0FC84ADA4EC4B"/> 
            <event value="choc"/> 
            <next value="GP_HashMD5_A0CD672A4F98FAED3374A60E186BFB40"/> 
        </xnode> 
        <xnode> 
            <key value="GP_HashMD5_A0CD672A4F98FAED3374A60E186BFB40"/> 
            <event value="coin"/> 
            <next value="GP_HashMD5_2E408AC7ECAE141671B0FC84ADA4EC4B"/> 
        </xnode> 
    </xnodes> 
</specification>