<specification name="crossinglab.fdr2">
    <initialXNodes> 
        <initialXNode> 
            <ikey value="GP_HashMD5_5A4DBA09579FCAF14D5F0086BABEE110"/> 
        </initialNNode> 
        <initialXNode> 
            <ikey value="GP_HashMD5_5A4DBA09579FCAF14D5F0086BABEE110"/> 
        </initialNNode> 
        <initialXNode> 
            <ikey value="GP_HashMD5_5A4DBA09579FCAF14D5F0086BABEE110"/> 
        </initialNNode> 
    </initialXnodes> 

    <xnodes> 
        <xnode> 
            <key value="root"/> 
            <event value="root"/> 
            <next value="GP_HashMD5_5A4DBA09579FCAF14D5F0086BABEE110"/> 
        </xnode> 
        <xnode> 
            <key value="GP_HashMD5_012F098915B1FBC865114E09D84B2B5B"/> 
            <event value="car.approach"/> 
            <next value="GP_HashMD5_7D9118BD97E5DC69F0E3A09176C906B4"/> 
        </xnode> 
        <xnode> 
            <key value="GP_HashMD5_012F098915B1FBC865114E09D84B2B5B"/> 
            <event value="train.leave"/> 
            <next value="GP_HashMD5_E0997BB67623AC689586E023902FEE39"/> 
        </xnode> 
        <xnode> 
            <key value="GP_HashMD5_012F098915B1FBC865114E09D84B2B5B"/> 
            <event value="gate.raise"/> 
            <next value="GP_HashMD5_40CABCC94C9049398EADBE57211EC0B4"/> 
        </xnode> 
        <xnode> 
            <key value="GP_HashMD5_06A28C526A01B5E2805D6A1AF7067C84"/> 
            <event value="car.approach"/> 
            <next value="GP_HashMD5_62579E4D78CB7145ED7AADC7492FF225"/> 
        </xnode> 
        <xnode> 
            <key value="GP_HashMD5_06A28C526A01B5E2805D6A1AF7067C84"/> 
            <event value="train.leave"/> 
            <next value="GP_HashMD5_6DE8C6F18EFDE6E34EFB76088E491FAE"/> 
        </xnode> 
        <xnode> 
            <key value="GP_HashMD5_06A28C526A01B5E2805D6A1AF7067C84"/> 
            <event value="train.approach"/> 
            <next value="GP_HashMD5_D125E05A8537555C499AB0A08E4A4635"/> 
        </xnode> 
        <xnode> 
            <key value="GP_HashMD5_06A28C526A01B5E2805D6A1AF7067C84"/> 
            <event value="gate.lower"/> 
            <next value="GP_HashMD5_C0AFEF9034742FEC51503DF0B4602F75"/> 
        </xnode> 
        <xnode> 
            <key value="GP_HashMD5_0867E1BF3C180CA535FB409C68BE2980"/> 
            <event value="car.approach"/> 
            <next value="GP_HashMD5_D5EC2D81F851013C775AD2367F5003F2"/> 
        </xnode> 
        <xnode> 
            <key value="GP_HashMD5_0867E1BF3C180CA535FB409C68BE2980"/> 
            <event value="train.leave"/> 
            <next value="GP_HashMD5_B5F505D53CD1091064008AF946BF592B"/> 
        </xnode> 
        <xnode> 
            <key value="GP_HashMD5_0867E1BF3C180CA535FB409C68BE2980"/> 
            <event value="train.approach"/> 
            <next value="GP_HashMD5_5869AB242ECD9293EB4F2DB2F1308708"/> 
        </xnode> 
        <xnode> 
            <key value="GP_HashMD5_0867E1BF3C180CA535FB409C68BE2980"/> 
            <event value="gate.lower"/> 
            <next value="GP_HashMD5_C29D87272881305BC9D6C30948C4884C"/> 
        </xnode> 
        <xnode> 
            <key value="GP_HashMD5_0A3BB5727FB95592C3EB2F72614546EF"/> 
            <event value="train.leave"/> 
            <next value="GP_HashMD5_BA428E99570D59CAC2B643F1AA54FE42"/> 
        </xnode> 
        <xnode> 
            <key value="GP_HashMD5_0A3BB5727FB95592C3EB2F72614546EF"/> 
            <event value="train.approach"/> 
            <next value="GP_HashMD5_5064D89AC3DAF97FC7C4CA2896140700"/> 
        </xnode> 
        <xnode> 
            <key value="GP_HashMD5_0A3BB5727FB95592C3EB2F72614546EF"/> 
            <event value="gate.down"/> 
            <next value="GP_HashMD5_FECE1710D2C1EA520CAD819D1726F373"/> 
        </xnode> 
        <xnode> 
            <key value="GP_HashMD5_0B0C807AA5DBF41E8C95745DCFCCD23D"/> 
            <event value="car.approach"/> 
            <next value="GP_HashMD5_4653D8C360C138EC6DC5C62C6D47DB91"/> 
        </xnode> 
        <xnode> 
            <key value="GP_HashMD5_0B0C807AA5DBF41E8C95745DCFCCD23D"/> 
            <event value="train.enter"/> 
            <next value="GP_HashMD5_CA4563F6AA0154FE4CEBAD6CA44F50C3"/> 
        </xnode> 
        <xnode> 
            <key value="GP_HashMD5_0B0C807AA5DBF41E8C95745DCFCCD23D"/> 
            <event value="gate.down"/> 
            <next value="GP_HashMD5_CE6D188F295D453E2EFACBB0E645A0FB"/> 
        </xnode> 
        <xnode> 
            <key value="GP_HashMD5_0BB6D3DE5559FB8316E0FC5E90733C1B"/> 
            <event value="car.approach"/> 
            <next value="GP_HashMD5_574F2A5BF700A3AF0E3AE8F768772C0A"/> 
        </xnode> 
        <xnode> 
            <key value="GP_HashMD5_0BB6D3DE5559FB8316E0FC5E90733C1B"/> 
            <event value="train.enter"/> 
            <next value="GP_HashMD5_BEB679683318E92CCEEC6A7A85137BBA"/> 
        </xnode> 
        <xnode> 
            <key value="GP_HashMD5_0BB6D3DE5559FB8316E0FC5E90733C1B"/> 
            <event value="gate.raise"/> 
            <next value="GP_HashMD5_5E3D338FFEFC7258A0E9838E34FF1120"/> 
        </xnode> 
        <xnode> 
            <key value="GP_HashMD5_0D2D71D2C2A89E35AE0CCBE8BFC3FC16"/> 
            <event value="car.approach"/> 
            <next value="GP_HashMD5_5064D89AC3DAF97FC7C4CA2896140700"/> 
        </xnode> 
        <xnode> 
            <key value="GP_HashMD5_0D2D71D2C2A89E35AE0CCBE8BFC3FC16"/> 
            <event value="train.enter"/> 
            <next value="GP_HashMD5_68B1425477C8349391A04F571AAE595A"/> 
        </xnode> 
        <xnode> 
            <key value="GP_HashMD5_0D2D71D2C2A89E35AE0CCBE8BFC3FC16"/> 
            <event value="train.leave"/> 
            <next value="GP_HashMD5_7E50F9505DD8530912F50A1B22DE9407"/> 
        </xnode> 
        <xnode> 
            <key value="GP_HashMD5_0D2D71D2C2A89E35AE0CCBE8BFC3FC16"/> 
            <event value="gate.down"/> 
            <next value="GP_HashMD5_BEB679683318E92CCEEC6A7A85137BBA"/> 
        </xnode> 
        <xnode> 
            <key value="GP_HashMD5_103C1F14AA65D17084DC0E29FC711783"/> 
            <event value="train.enter"/> 
            <next value="GP_HashMD5_D29E1E2875D374CBF6CDC4D7596A606B"/> 
        </xnode> 
        <xnode> 
            <key value="GP_HashMD5_103C1F14AA65D17084DC0E29FC711783"/> 
            <event value="car.leave"/> 
            <next value="GP_HashMD5_950B56A8AB82AFB74505B0B216A44836"/> 
        </xnode> 
        <xnode> 
            <key value="GP_HashMD5_140CAC37C90FCCA25C14D2D3EB2074C3"/> 
            <event value="train.approach"/> 
            <next value="GP_HashMD5_91E8492E8D5E7B6718A17287EE73BAD5"/> 
        </xnode> 
        <xnode> 
            <key value="GP_HashMD5_140CAC37C90FCCA25C14D2D3EB2074C3"/> 
            <event value="gate.raise"/> 
            <next value="GP_HashMD5_408415484274F5AB615CF48D867E2FB5"/> 
        </xnode> 
        <xnode> 
            <key value="GP_HashMD5_17CB50DF85E370385D33FBA58B745D6C"/> 
            <event value="car.approach"/> 
            <next value="GP_HashMD5_D75CF1E265A75584C0FA0629A934421D"/> 
        </xnode> 
        <xnode> 
            <key value="GP_HashMD5_17CB50DF85E370385D33FBA58B745D6C"/> 
            <event value="train.enter"/> 
            <next value="GP_HashMD5_9CF13AAD51EF02367A1AD24B82779379"/> 
        </xnode> 
        <xnode> 
            <key value="GP_HashMD5_17CB50DF85E370385D33FBA58B745D6C"/> 
            <event value="gate.raise"/> 
            <next value="GP_HashMD5_2AFD5DFE9DA03A70794749AAABBEE83E"/> 
        </xnode> 
        <xnode> 
            <key value="GP_HashMD5_18A81D20B0E65E6FAD71208903E3CD5F"/> 
            <event value="car.approach"/> 
            <next value="GP_HashMD5_460E0A21FE749ACB826807CCBE280E38"/> 
        </xnode> 
        <xnode> 
            <key value="GP_HashMD5_18A81D20B0E65E6FAD71208903E3CD5F"/> 
            <event value="train.approach"/> 
            <next value="GP_HashMD5_46DCC5C663A64236094B86CAA057DB7A"/> 
        </xnode> 
        <xnode> 
            <key value="GP_HashMD5_18A81D20B0E65E6FAD71208903E3CD5F"/> 
            <event value="gate.lower"/> 
            <next value="GP_HashMD5_19F580C79B968509ED89549C524BFAC0"/> 
        </xnode> 
        <xnode> 
            <key value="GP_HashMD5_19D7C24D793C72FE7D5F4CE56D351CFA"/> 
            <event value="train.enter"/> 
            <next value="GP_HashMD5_43C8F8EC0A50B84274CE44F3B69634D2"/> 
        </xnode> 
        <xnode> 
            <key value="GP_HashMD5_19D7C24D793C72FE7D5F4CE56D351CFA"/> 
            <event value="gate.lower"/> 
            <next value="GP_HashMD5_4653D8C360C138EC6DC5C62C6D47DB91"/> 
        </xnode> 
        <xnode> 
            <key value="GP_HashMD5_19D7C24D793C72FE7D5F4CE56D351CFA"/> 
            <event value="car.enter"/> 
            <next value="GP_HashMD5_AB52173EFC470A8E08D3770CD9389E95"/> 
        </xnode> 
        <xnode> 
            <key value="GP_HashMD5_19F580C79B968509ED89549C524BFAC0"/> 
            <event value="car.approach"/> 
            <next value="GP_HashMD5_21F05D6E5834C726D1113E44152C209D"/> 
        </xnode> 
        <xnode> 
            <key value="GP_HashMD5_19F580C79B968509ED89549C524BFAC0"/> 
            <event value="train.approach"/> 
            <next value="GP_HashMD5_CF91F0A5B4AB4CC57A6ACB6B939A07EF"/> 
        </xnode> 
        <xnode> 
            <key value="GP_HashMD5_19F580C79B968509ED89549C524BFAC0"/> 
            <event value="gate.down"/> 
            <next value="GP_HashMD5_5FEFCA22EA155CB7150DAE30C03668A1"/> 
        </xnode> 
        <xnode> 
            <key value="GP_HashMD5_1CB9C5D080C1F6F8192D340D02EBBF32"/> 
            <event value="car.approach"/> 
            <next value="GP_HashMD5_BA428E99570D59CAC2B643F1AA54FE42"/> 
        </xnode> 
        <xnode> 
            <key value="GP_HashMD5_1CB9C5D080C1F6F8192D340D02EBBF32"/> 
            <event value="train.approach"/> 
            <next value="GP_HashMD5_7E50F9505DD8530912F50A1B22DE9407"/> 
        </xnode> 
        <xnode> 
            <key value="GP_HashMD5_1CB9C5D080C1F6F8192D340D02EBBF32"/> 
            <event value="gate.down"/> 
            <next value="GP_HashMD5_9041F860197B59B72D0434EA3A363B44"/> 
        </xnode> 
        <xnode> 
            <key value="GP_HashMD5_20828E70005284E82AEADED1DC78609E"/> 
            <event value="car.approach"/> 
            <next value="GP_HashMD5_F5010C7D52C7874FB8B064313006F1EE"/> 
        </xnode> 
        <xnode> 
            <key value="GP_HashMD5_20828E70005284E82AEADED1DC78609E"/> 
            <event value="train.enter"/> 
            <next value="GP_HashMD5_C038565C0C36A34DC706B5EF1ED01D19"/> 
        </xnode> 
        <xnode> 
            <key value="GP_HashMD5_20828E70005284E82AEADED1DC78609E"/> 
            <event value="train.leave"/> 
            <next value="GP_HashMD5_CF91F0A5B4AB4CC57A6ACB6B939A07EF"/> 
        </xnode> 
        <xnode> 
            <key value="GP_HashMD5_20828E70005284E82AEADED1DC78609E"/> 
            <event value="gate.down"/> 
            <next value="GP_HashMD5_9CF13AAD51EF02367A1AD24B82779379"/> 
        </xnode> 
        <xnode> 
            <key value="GP_HashMD5_21F05D6E5834C726D1113E44152C209D"/> 
            <event value="train.approach"/> 
            <next value="GP_HashMD5_BEE8C52B4BBA041BBCBF67AF930A39F9"/> 
        </xnode> 
        <xnode> 
            <key value="GP_HashMD5_21F05D6E5834C726D1113E44152C209D"/> 
            <event value="gate.down"/> 
            <next value="GP_HashMD5_6808ABB35F756E2961E22A20EFE5806E"/> 
        </xnode> 
        <xnode> 
            <key value="GP_HashMD5_26F260A2D68D3D360297D2A4CCEE69BF"/> 
            <event value="car.approach"/> 
            <next value="GP_HashMD5_6808ABB35F756E2961E22A20EFE5806E"/> 
        </xnode> 
        <xnode> 
            <key value="GP_HashMD5_26F260A2D68D3D360297D2A4CCEE69BF"/> 
            <event value="train.approach"/> 
            <next value="GP_HashMD5_FC30A2B17AAC3A77107BE8C8F30ED895"/> 
        </xnode> 
        <xnode> 
            <key value="GP_HashMD5_26F260A2D68D3D360297D2A4CCEE69BF"/> 
            <event value="gate.raise"/> 
            <next value="GP_HashMD5_BC768AB46B83724471155311EA472E67"/> 
        </xnode> 
        <xnode> 
            <key value="GP_HashMD5_2735DE345E97A60B2413796DC13BA21B"/> 
            <event value="car.approach"/> 
            <next value="GP_HashMD5_6F141C2DE17B1E12404764AA41069B8A"/> 
        </xnode> 
        <xnode> 
            <key value="GP_HashMD5_2735DE345E97A60B2413796DC13BA21B"/> 
            <event value="train.leave"/> 
            <next value="GP_HashMD5_FF766EEB9A99814D9782F15F4F284B6A"/> 
        </xnode> 
        <xnode> 
            <key value="GP_HashMD5_2735DE345E97A60B2413796DC13BA21B"/> 
            <event value="gate.raise"/> 
            <next value="GP_HashMD5_40CABCC94C9049398EADBE57211EC0B4"/> 
        </xnode> 
        <xnode> 
            <key value="GP_HashMD5_2A456D350CCDC9A56DACF2A7E632FE08"/> 
            <event value="train.approach"/> 
            <next value="GP_HashMD5_C926C11E6E26FE1FFDE5BE308422375A"/> 
        </xnode> 
        <xnode> 
            <key value="GP_HashMD5_2A456D350CCDC9A56DACF2A7E632FE08"/> 
            <event value="gate.lower"/> 
            <next value="GP_HashMD5_5397C4A42A1A257533CB25950BD95F5F"/> 
        </xnode> 
        <xnode> 
            <key value="GP_HashMD5_2A456D350CCDC9A56DACF2A7E632FE08"/> 
            <event value="car.leave"/> 
            <next value="GP_HashMD5_7ACAB2244010C6182837D99CFD555AB3"/> 
        </xnode> 
        <xnode> 
            <key value="GP_HashMD5_2AC15B7B0EFA8315FFA241C79139308C"/> 
            <event value="car.approach"/> 
            <next value="GP_HashMD5_52731448C07C64CCC9BB218819980C65"/> 
        </xnode> 
        <xnode> 
            <key value="GP_HashMD5_2AC15B7B0EFA8315FFA241C79139308C"/> 
            <event value="train.approach"/> 
            <next value="GP_HashMD5_FC30A2B17AAC3A77107BE8C8F30ED895"/> 
        </xnode> 
        <xnode> 
            <key value="GP_HashMD5_2AC15B7B0EFA8315FFA241C79139308C"/> 
            <event value="gate.raise"/> 
            <next value="GP_HashMD5_3FBA180CA81A4BF1283A503E8E26ADAA"/> 
        </xnode> 
        <xnode> 
            <key value="GP_HashMD5_2AFD5DFE9DA03A70794749AAABBEE83E"/> 
            <event value="car.approach"/> 
            <next value="GP_HashMD5_3E74CBEDEC75EBF82947D9DDFDD94FF7"/> 
        </xnode> 
        <xnode> 
            <key value="GP_HashMD5_2AFD5DFE9DA03A70794749AAABBEE83E"/> 
            <event value="train.enter"/> 
            <next value="GP_HashMD5_5869AB242ECD9293EB4F2DB2F1308708"/> 
        </xnode> 
        <xnode> 
            <key value="GP_HashMD5_2AFD5DFE9DA03A70794749AAABBEE83E"/> 
            <event value="gate.lower"/> 
            <next value="GP_HashMD5_5F6BBA038CD4753D648CE021CB4333BF"/> 
        </xnode> 
        <xnode> 
            <key value="GP_HashMD5_2BC3A199C51ACC2960CCA6061F855AA0"/> 
            <event value="train.enter"/> 
            <next value="GP_HashMD5_5064D89AC3DAF97FC7C4CA2896140700"/> 
        </xnode> 
        <xnode> 
            <key value="GP_HashMD5_2BC3A199C51ACC2960CCA6061F855AA0"/> 
            <event value="gate.down"/> 
            <next value="GP_HashMD5_574F2A5BF700A3AF0E3AE8F768772C0A"/> 
        </xnode> 
        <xnode> 
            <key value="GP_HashMD5_3542E334EC5602CB03B113A9648202F2"/> 
            <event value="car.approach"/> 
            <next value="GP_HashMD5_0A3BB5727FB95592C3EB2F72614546EF"/> 
        </xnode> 
        <xnode> 
            <key value="GP_HashMD5_3542E334EC5602CB03B113A9648202F2"/> 
            <event value="train.leave"/> 
            <next value="GP_HashMD5_1CB9C5D080C1F6F8192D340D02EBBF32"/> 
        </xnode> 
        <xnode> 
            <key value="GP_HashMD5_3542E334EC5602CB03B113A9648202F2"/> 
            <event value="train.approach"/> 
            <next value="GP_HashMD5_0D2D71D2C2A89E35AE0CCBE8BFC3FC16"/> 
        </xnode> 
        <xnode> 
            <key value="GP_HashMD5_3542E334EC5602CB03B113A9648202F2"/> 
            <event value="gate.down"/> 
            <next value="GP_HashMD5_FF766EEB9A99814D9782F15F4F284B6A"/> 
        </xnode> 
        <xnode> 
            <key value="GP_HashMD5_38C02DEF43CB3F1DF2439B636D35DECF"/> 
            <event value="train.approach"/> 
            <next value="GP_HashMD5_BEFAAEA3058B612A52EB9A5B4B1DDBD3"/> 
        </xnode> 
        <xnode> 
            <key value="GP_HashMD5_38C02DEF43CB3F1DF2439B636D35DECF"/> 
            <event value="gate.lower"/> 
            <next value="GP_HashMD5_21F05D6E5834C726D1113E44152C209D"/> 
        </xnode> 
        <xnode> 
            <key value="GP_HashMD5_38C02DEF43CB3F1DF2439B636D35DECF"/> 
            <event value="car.enter"/> 
            <next value="GP_HashMD5_6967D8396C6132F53EEA7FAFF2D0A0D3"/> 
        </xnode> 
        <xnode> 
            <key value="GP_HashMD5_3924B6969464F21965071E83230DC66A"/> 
            <event value="train.enter"/> 
            <next value="GP_HashMD5_73933DD9F7B4F4AD1D5285EB13568109"/> 
        </xnode> 
        <xnode> 
            <key value="GP_HashMD5_3924B6969464F21965071E83230DC66A"/> 
            <event value="train.leave"/> 
            <next value="GP_HashMD5_C926C11E6E26FE1FFDE5BE308422375A"/> 
        </xnode> 
        <xnode> 
            <key value="GP_HashMD5_3924B6969464F21965071E83230DC66A"/> 
            <event value="gate.lower"/> 
            <next value="GP_HashMD5_D29E1E2875D374CBF6CDC4D7596A606B"/> 
        </xnode> 
        <xnode> 
            <key value="GP_HashMD5_3924B6969464F21965071E83230DC66A"/> 
            <event value="car.leave"/> 
            <next value="GP_HashMD5_D125E05A8537555C499AB0A08E4A4635"/> 
        </xnode> 
        <xnode> 
            <key value="GP_HashMD5_3BB40DCC9C3A5862952BEC917C6D0FDB"/> 
            <event value="car.approach"/> 
            <next value="GP_HashMD5_DCE3EC2FFE7CDB38BA28F7DF2ED057BE"/> 
        </xnode> 
        <xnode> 
            <key value="GP_HashMD5_3BB40DCC9C3A5862952BEC917C6D0FDB"/> 
            <event value="train.leave"/> 
            <next value="GP_HashMD5_0867E1BF3C180CA535FB409C68BE2980"/> 
        </xnode> 
        <xnode> 
            <key value="GP_HashMD5_3BB40DCC9C3A5862952BEC917C6D0FDB"/> 
            <event value="gate.lower"/> 
            <next value="GP_HashMD5_C038565C0C36A34DC706B5EF1ED01D19"/> 
        </xnode> 
        <xnode> 
            <key value="GP_HashMD5_3DCF6350814D46A0BFB96144180B56D9"/> 
            <event value="train.enter"/> 
            <next value="GP_HashMD5_BC8DDC4B7FE1DD4A5BBAD34F29D3DA5B"/> 
        </xnode> 
        <xnode> 
            <key value="GP_HashMD5_3DCF6350814D46A0BFB96144180B56D9"/> 
            <event value="train.approach"/> 
            <next value="GP_HashMD5_19D7C24D793C72FE7D5F4CE56D351CFA"/> 
        </xnode> 
        <xnode> 
            <key value="GP_HashMD5_3DCF6350814D46A0BFB96144180B56D9"/> 
            <event value="gate.lower"/> 
            <next value="GP_HashMD5_BEE8C52B4BBA041BBCBF67AF930A39F9"/> 
        </xnode> 
        <xnode> 
            <key value="GP_HashMD5_3DCF6350814D46A0BFB96144180B56D9"/> 
            <event value="car.enter"/> 
            <next value="GP_HashMD5_C926C11E6E26FE1FFDE5BE308422375A"/> 
        </xnode> 
        <xnode> 
            <key value="GP_HashMD5_3E74CBEDEC75EBF82947D9DDFDD94FF7"/> 
            <event value="train.enter"/> 
            <next value="GP_HashMD5_45A9F42C32DF4D56C70FA4F64B4391BD"/> 
        </xnode> 
        <xnode> 
            <key value="GP_HashMD5_3E74CBEDEC75EBF82947D9DDFDD94FF7"/> 
            <event value="gate.lower"/> 
            <next value="GP_HashMD5_4653D8C360C138EC6DC5C62C6D47DB91"/> 
        </xnode> 
        <xnode> 
            <key value="GP_HashMD5_3E74CBEDEC75EBF82947D9DDFDD94FF7"/> 
            <event value="car.enter"/> 
            <next value="GP_HashMD5_9B1A9206600E2B2F2962C2E2548DDB6D"/> 
        </xnode> 
        <xnode> 
            <key value="GP_HashMD5_3F6BD3D7C21EF8029D3A9F314A98D0E6"/> 
            <event value="car.approach"/> 
            <next value="GP_HashMD5_CE0B1C7FB68BE1BD1F4D925E9C6E410D"/> 
        </xnode> 
        <xnode> 
            <key value="GP_HashMD5_3F6BD3D7C21EF8029D3A9F314A98D0E6"/> 
            <event value="train.leave"/> 
            <next value="GP_HashMD5_06A28C526A01B5E2805D6A1AF7067C84"/> 
        </xnode> 
        <xnode> 
            <key value="GP_HashMD5_3F6BD3D7C21EF8029D3A9F314A98D0E6"/> 
            <event value="gate.lower"/> 
            <next value="GP_HashMD5_930BB5B9BE20101A42AFFCA1D738F6FA"/> 
        </xnode> 
        <xnode> 
            <key value="GP_HashMD5_3FBA180CA81A4BF1283A503E8E26ADAA"/> 
            <event value="car.approach"/> 
            <next value="GP_HashMD5_E6EAC650060544E71403B6A46DF39150"/> 
        </xnode> 
        <xnode> 
            <key value="GP_HashMD5_3FBA180CA81A4BF1283A503E8E26ADAA"/> 
            <event value="train.approach"/> 
            <next value="GP_HashMD5_8A7D30E492A900489FE8B5B1D3A4F8BD"/> 
        </xnode> 
        <xnode> 
            <key value="GP_HashMD5_3FBA180CA81A4BF1283A503E8E26ADAA"/> 
            <event value="gate.lower"/> 
            <next value="GP_HashMD5_BAD855D8110D7D4BE3AABA7D9602BEEA"/> 
        </xnode> 
        <xnode> 
            <key value="GP_HashMD5_408415484274F5AB615CF48D867E2FB5"/> 
            <event value="train.approach"/> 
            <next value="GP_HashMD5_BC3F4F15912BC7C15C38158286D8D527"/> 
        </xnode> 
        <xnode> 
            <key value="GP_HashMD5_408415484274F5AB615CF48D867E2FB5"/> 
            <event value="gate.lower"/> 
            <next value="GP_HashMD5_21F05D6E5834C726D1113E44152C209D"/> 
        </xnode> 
        <xnode> 
            <key value="GP_HashMD5_408415484274F5AB615CF48D867E2FB5"/> 
            <event value="car.enter"/> 
            <next value="GP_HashMD5_D209EFC5DF9850EF5E37100444CFD05F"/> 
        </xnode> 
        <xnode> 
            <key value="GP_HashMD5_40CABCC94C9049398EADBE57211EC0B4"/> 
            <event value="car.approach"/> 
            <next value="GP_HashMD5_DCE3EC2FFE7CDB38BA28F7DF2ED057BE"/> 
        </xnode> 
        <xnode> 
            <key value="GP_HashMD5_40CABCC94C9049398EADBE57211EC0B4"/> 
            <event value="train.leave"/> 
            <next value="GP_HashMD5_F6374B154F0BF4C355479344D7B0C1ED"/> 
        </xnode> 
        <xnode> 
            <key value="GP_HashMD5_40CABCC94C9049398EADBE57211EC0B4"/> 
            <event value="gate.lower"/> 
            <next value="GP_HashMD5_930BB5B9BE20101A42AFFCA1D738F6FA"/> 
        </xnode> 
        <xnode> 
            <key value="GP_HashMD5_43C8F8EC0A50B84274CE44F3B69634D2"/> 
            <event value="train.enter"/> 
            <next value="GP_HashMD5_B890ABAFF1193A92984196F6190F5CEA"/> 
        </xnode> 
        <xnode> 
            <key value="GP_HashMD5_43C8F8EC0A50B84274CE44F3B69634D2"/> 
            <event value="train.leave"/> 
            <next value="GP_HashMD5_3DCF6350814D46A0BFB96144180B56D9"/> 
        </xnode> 
        <xnode> 
            <key value="GP_HashMD5_43C8F8EC0A50B84274CE44F3B69634D2"/> 
            <event value="gate.lower"/> 
            <next value="GP_HashMD5_F5010C7D52C7874FB8B064313006F1EE"/> 
        </xnode> 
        <xnode> 
            <key value="GP_HashMD5_43C8F8EC0A50B84274CE44F3B69634D2"/> 
            <event value="car.enter"/> 
            <next value="GP_HashMD5_3924B6969464F21965071E83230DC66A"/> 
        </xnode> 
        <xnode> 
            <key value="GP_HashMD5_45A9F42C32DF4D56C70FA4F64B4391BD"/> 
            <event value="train.enter"/> 
            <next value="GP_HashMD5_DCE3EC2FFE7CDB38BA28F7DF2ED057BE"/> 
        </xnode> 
        <xnode> 
            <key value="GP_HashMD5_45A9F42C32DF4D56C70FA4F64B4391BD"/> 
            <event value="train.leave"/> 
            <next value="GP_HashMD5_BC3F4F15912BC7C15C38158286D8D527"/> 
        </xnode> 
        <xnode> 
            <key value="GP_HashMD5_45A9F42C32DF4D56C70FA4F64B4391BD"/> 
            <event value="gate.lower"/> 
            <next value="GP_HashMD5_F5010C7D52C7874FB8B064313006F1EE"/> 
        </xnode> 
        <xnode> 
            <key value="GP_HashMD5_45A9F42C32DF4D56C70FA4F64B4391BD"/> 
            <event value="car.enter"/> 
            <next value="GP_HashMD5_EE2718C6A526E5E969A0842705B4D4C8"/> 
        </xnode> 
        <xnode> 
            <key value="GP_HashMD5_460E0A21FE749ACB826807CCBE280E38"/> 
            <event value="train.approach"/> 
            <next value="GP_HashMD5_3DCF6350814D46A0BFB96144180B56D9"/> 
        </xnode> 
        <xnode> 
            <key value="GP_HashMD5_460E0A21FE749ACB826807CCBE280E38"/> 
            <event value="gate.lower"/> 
            <next value="GP_HashMD5_21F05D6E5834C726D1113E44152C209D"/> 
        </xnode> 
        <xnode> 
            <key value="GP_HashMD5_460E0A21FE749ACB826807CCBE280E38"/> 
            <event value="car.enter"/> 
            <next value="GP_HashMD5_6967D8396C6132F53EEA7FAFF2D0A0D3"/> 
        </xnode> 
        <xnode> 
            <key value="GP_HashMD5_4653D8C360C138EC6DC5C62C6D47DB91"/> 
            <event value="train.enter"/> 
            <next value="GP_HashMD5_F5010C7D52C7874FB8B064313006F1EE"/> 
        </xnode> 
        <xnode> 
            <key value="GP_HashMD5_4653D8C360C138EC6DC5C62C6D47DB91"/> 
            <event value="gate.down"/> 
            <next value="GP_HashMD5_D75CF1E265A75584C0FA0629A934421D"/> 
        </xnode> 
        <xnode> 
            <key value="GP_HashMD5_46DCC5C663A64236094B86CAA057DB7A"/> 
            <event value="car.approach"/> 
            <next value="GP_HashMD5_3DCF6350814D46A0BFB96144180B56D9"/> 
        </xnode> 
        <xnode> 
            <key value="GP_HashMD5_46DCC5C663A64236094B86CAA057DB7A"/> 
            <event value="train.enter"/> 
            <next value="GP_HashMD5_9C0390A41B4CD4E3BF298E4A6FCF9BD0"/> 
        </xnode> 
        <xnode> 
            <key value="GP_HashMD5_46DCC5C663A64236094B86CAA057DB7A"/> 
            <event value="train.approach"/> 
            <next value="GP_HashMD5_504A335F40D8A2739425861B6FBDFFFC"/> 
        </xnode> 
        <xnode> 
            <key value="GP_HashMD5_46DCC5C663A64236094B86CAA057DB7A"/> 
            <event value="gate.lower"/> 
            <next value="GP_HashMD5_CF91F0A5B4AB4CC57A6ACB6B939A07EF"/> 
        </xnode> 
        <xnode> 
            <key value="GP_HashMD5_504A335F40D8A2739425861B6FBDFFFC"/> 
            <event value="car.approach"/> 
            <next value="GP_HashMD5_19D7C24D793C72FE7D5F4CE56D351CFA"/> 
        </xnode> 
        <xnode> 
            <key value="GP_HashMD5_504A335F40D8A2739425861B6FBDFFFC"/> 
            <event value="train.enter"/> 
            <next value="GP_HashMD5_83E985EEB7BD3C7BF8119B335436BEA4"/> 
        </xnode> 
        <xnode> 
            <key value="GP_HashMD5_504A335F40D8A2739425861B6FBDFFFC"/> 
            <event value="gate.lower"/> 
            <next value="GP_HashMD5_5F6BBA038CD4753D648CE021CB4333BF"/> 
        </xnode> 
        <xnode> 
            <key value="GP_HashMD5_5064D89AC3DAF97FC7C4CA2896140700"/> 
            <event value="train.enter"/> 
            <next value="GP_HashMD5_A990AEFA48512DBCBFE5C2DCA4DA3214"/> 
        </xnode> 
        <xnode> 
            <key value="GP_HashMD5_5064D89AC3DAF97FC7C4CA2896140700"/> 
            <event value="train.leave"/> 
            <next value="GP_HashMD5_E56883F8FA19E4BB540708122BC52B95"/> 
        </xnode> 
        <xnode> 
            <key value="GP_HashMD5_5064D89AC3DAF97FC7C4CA2896140700"/> 
            <event value="gate.down"/> 
            <next value="GP_HashMD5_AFDBC03361B03E88A954136B506A38BA"/> 
        </xnode> 
        <xnode> 
            <key value="GP_HashMD5_52731448C07C64CCC9BB218819980C65"/> 
            <event value="train.approach"/> 
            <next value="GP_HashMD5_A4C9A6F56912DDBB994044D796D09D47"/> 
        </xnode> 
        <xnode> 
            <key value="GP_HashMD5_52731448C07C64CCC9BB218819980C65"/> 
            <event value="gate.raise"/> 
            <next value="GP_HashMD5_E6EAC650060544E71403B6A46DF39150"/> 
        </xnode> 
        <xnode> 
            <key value="GP_HashMD5_5397C4A42A1A257533CB25950BD95F5F"/> 
            <event value="train.approach"/> 
            <next value="GP_HashMD5_85F147DF5F329182982491C71D21DE73"/> 
        </xnode> 
        <xnode> 
            <key value="GP_HashMD5_5397C4A42A1A257533CB25950BD95F5F"/> 
            <event value="car.leave"/> 
            <next value="GP_HashMD5_55707C208BAF5412F1332BAB0BB0BC2F"/> 
        </xnode> 
        <xnode> 
            <key value="GP_HashMD5_55707C208BAF5412F1332BAB0BB0BC2F"/> 
            <event value="car.approach"/> 
            <next value="GP_HashMD5_B564F5AF150454313624DA08E1DA4624"/> 
        </xnode> 
        <xnode> 
            <key value="GP_HashMD5_55707C208BAF5412F1332BAB0BB0BC2F"/> 
            <event value="train.approach"/> 
            <next value="GP_HashMD5_7E50F9505DD8530912F50A1B22DE9407"/> 
        </xnode> 
        <xnode> 
            <key value="GP_HashMD5_55707C208BAF5412F1332BAB0BB0BC2F"/> 
            <event value="gate.down"/> 
            <next value="GP_HashMD5_AD167D85F9A4D9DA401A468471FD9CF2"/> 
        </xnode> 
        <xnode> 
            <key value="GP_HashMD5_5735B6CB701CA8C043A257FD058739F7"/> 
            <event value="train.enter"/> 
            <next value="GP_HashMD5_7D9118BD97E5DC69F0E3A09176C906B4"/> 
        </xnode> 
        <xnode> 
            <key value="GP_HashMD5_5735B6CB701CA8C043A257FD058739F7"/> 
            <event value="train.leave"/> 
            <next value="GP_HashMD5_A4C9A6F56912DDBB994044D796D09D47"/> 
        </xnode> 
        <xnode> 
            <key value="GP_HashMD5_5735B6CB701CA8C043A257FD058739F7"/> 
            <event value="gate.raise"/> 
            <next value="GP_HashMD5_45A9F42C32DF4D56C70FA4F64B4391BD"/> 
        </xnode> 
        <xnode> 
            <key value="GP_HashMD5_574F2A5BF700A3AF0E3AE8F768772C0A"/> 
            <event value="train.enter"/> 
            <next value="GP_HashMD5_AFDBC03361B03E88A954136B506A38BA"/> 
        </xnode> 
        <xnode> 
            <key value="GP_HashMD5_574F2A5BF700A3AF0E3AE8F768772C0A"/> 
            <event value="gate.raise"/> 
            <next value="GP_HashMD5_3E74CBEDEC75EBF82947D9DDFDD94FF7"/> 
        </xnode> 
        <xnode> 
            <key value="GP_HashMD5_5869AB242ECD9293EB4F2DB2F1308708"/> 
            <event value="car.approach"/> 
            <next value="GP_HashMD5_45A9F42C32DF4D56C70FA4F64B4391BD"/> 
        </xnode> 
        <xnode> 
            <key value="GP_HashMD5_5869AB242ECD9293EB4F2DB2F1308708"/> 
            <event value="train.enter"/> 
            <next value="GP_HashMD5_3BB40DCC9C3A5862952BEC917C6D0FDB"/> 
        </xnode> 
        <xnode> 
            <key value="GP_HashMD5_5869AB242ECD9293EB4F2DB2F1308708"/> 
            <event value="train.leave"/> 
            <next value="GP_HashMD5_61420031F0127FE69DD657F19C5D18C6"/> 
        </xnode> 
        <xnode> 
            <key value="GP_HashMD5_5869AB242ECD9293EB4F2DB2F1308708"/> 
            <event value="gate.lower"/> 
            <next value="GP_HashMD5_20828E70005284E82AEADED1DC78609E"/> 
        </xnode> 
        <xnode> 
            <key value="GP_HashMD5_5A4DBA09579FCAF14D5F0086BABEE110"/> 
            <event value="car.approach"/> 
            <next value="GP_HashMD5_B4ED7ECEB4E61C5AA2B14D7BAAB2154D"/> 
        </xnode> 
        <xnode> 
            <key value="GP_HashMD5_5A4DBA09579FCAF14D5F0086BABEE110"/> 
            <event value="train.approach"/> 
            <next value="GP_HashMD5_46DCC5C663A64236094B86CAA057DB7A"/> 
        </xnode> 
        <xnode> 
            <key value="GP_HashMD5_5A4DBA09579FCAF14D5F0086BABEE110"/> 
            <event value="gate.lower"/> 
            <next value="GP_HashMD5_BDD983E18EFDE7527D27007414656C0A"/> 
        </xnode> 
        <xnode> 
            <key value="GP_HashMD5_5E3D338FFEFC7258A0E9838E34FF1120"/> 
            <event value="car.approach"/> 
            <next value="GP_HashMD5_3E74CBEDEC75EBF82947D9DDFDD94FF7"/> 
        </xnode> 
        <xnode> 
            <key value="GP_HashMD5_5E3D338FFEFC7258A0E9838E34FF1120"/> 
            <event value="train.enter"/> 
            <next value="GP_HashMD5_BA91E2A64672A741280965B12AEC4E8B"/> 
        </xnode> 
        <xnode> 
            <key value="GP_HashMD5_5E3D338FFEFC7258A0E9838E34FF1120"/> 
            <event value="gate.lower"/> 
            <next value="GP_HashMD5_0B0C807AA5DBF41E8C95745DCFCCD23D"/> 
        </xnode> 
        <xnode> 
            <key value="GP_HashMD5_5F6BBA038CD4753D648CE021CB4333BF"/> 
            <event value="car.approach"/> 
            <next value="GP_HashMD5_4653D8C360C138EC6DC5C62C6D47DB91"/> 
        </xnode> 
        <xnode> 
            <key value="GP_HashMD5_5F6BBA038CD4753D648CE021CB4333BF"/> 
            <event value="train.enter"/> 
            <next value="GP_HashMD5_20828E70005284E82AEADED1DC78609E"/> 
        </xnode> 
        <xnode> 
            <key value="GP_HashMD5_5F6BBA038CD4753D648CE021CB4333BF"/> 
            <event value="gate.down"/> 
            <next value="GP_HashMD5_17CB50DF85E370385D33FBA58B745D6C"/> 
        </xnode> 
        <xnode> 
            <key value="GP_HashMD5_5FEFCA22EA155CB7150DAE30C03668A1"/> 
            <event value="car.approach"/> 
            <next value="GP_HashMD5_6808ABB35F756E2961E22A20EFE5806E"/> 
        </xnode> 
        <xnode> 
            <key value="GP_HashMD5_5FEFCA22EA155CB7150DAE30C03668A1"/> 
            <event value="train.approach"/> 
            <next value="GP_HashMD5_B6FE5C5E168A7199BAD69D9FEF9B35A5"/> 
        </xnode> 
        <xnode> 
            <key value="GP_HashMD5_5FEFCA22EA155CB7150DAE30C03668A1"/> 
            <event value="gate.raise"/> 
            <next value="GP_HashMD5_B5F505D53CD1091064008AF946BF592B"/> 
        </xnode> 
        <xnode> 
            <key value="GP_HashMD5_6013C4A6DBE1E6969443365CC74D95B2"/> 
            <event value="car.approach"/> 
            <next value="GP_HashMD5_BEE8C52B4BBA041BBCBF67AF930A39F9"/> 
        </xnode> 
        <xnode> 
            <key value="GP_HashMD5_6013C4A6DBE1E6969443365CC74D95B2"/> 
            <event value="train.enter"/> 
            <next value="GP_HashMD5_C0AFEF9034742FEC51503DF0B4602F75"/> 
        </xnode> 
        <xnode> 
            <key value="GP_HashMD5_6013C4A6DBE1E6969443365CC74D95B2"/> 
            <event value="train.approach"/> 
            <next value="GP_HashMD5_0B0C807AA5DBF41E8C95745DCFCCD23D"/> 
        </xnode> 
        <xnode> 
            <key value="GP_HashMD5_6013C4A6DBE1E6969443365CC74D95B2"/> 
            <event value="gate.down"/> 
            <next value="GP_HashMD5_FC30A2B17AAC3A77107BE8C8F30ED895"/> 
        </xnode> 
        <xnode> 
            <key value="GP_HashMD5_61420031F0127FE69DD657F19C5D18C6"/> 
            <event value="car.approach"/> 
            <next value="GP_HashMD5_BC3F4F15912BC7C15C38158286D8D527"/> 
        </xnode> 
        <xnode> 
            <key value="GP_HashMD5_61420031F0127FE69DD657F19C5D18C6"/> 
            <event value="train.enter"/> 
            <next value="GP_HashMD5_0867E1BF3C180CA535FB409C68BE2980"/> 
        </xnode> 
        <xnode> 
            <key value="GP_HashMD5_61420031F0127FE69DD657F19C5D18C6"/> 
            <event value="train.approach"/> 
            <next value="GP_HashMD5_2AFD5DFE9DA03A70794749AAABBEE83E"/> 
        </xnode> 
        <xnode> 
            <key value="GP_HashMD5_61420031F0127FE69DD657F19C5D18C6"/> 
            <event value="gate.lower"/> 
            <next value="GP_HashMD5_CF91F0A5B4AB4CC57A6ACB6B939A07EF"/> 
        </xnode> 
        <xnode> 
            <key value="GP_HashMD5_62579E4D78CB7145ED7AADC7492FF225"/> 
            <event value="train.leave"/> 
            <next value="GP_HashMD5_38C02DEF43CB3F1DF2439B636D35DECF"/> 
        </xnode> 
        <xnode> 
            <key value="GP_HashMD5_62579E4D78CB7145ED7AADC7492FF225"/> 
            <event value="train.approach"/> 
            <next value="GP_HashMD5_B2783581E98FFB8D08C84038B1431AD6"/> 
        </xnode> 
        <xnode> 
            <key value="GP_HashMD5_62579E4D78CB7145ED7AADC7492FF225"/> 
            <event value="gate.lower"/> 
            <next value="GP_HashMD5_A7C02ACDE179BC568D68BA9CDFD43EA8"/> 
        </xnode> 
        <xnode> 
            <key value="GP_HashMD5_62579E4D78CB7145ED7AADC7492FF225"/> 
            <event value="car.enter"/> 
            <next value="GP_HashMD5_F75FDF2CD2AAE453E0BA057427A51646"/> 
        </xnode> 
        <xnode> 
            <key value="GP_HashMD5_67A06CA635C6A69C71D18AA3C05B901B"/> 
            <event value="train.approach"/> 
            <next value="GP_HashMD5_BEE8C52B4BBA041BBCBF67AF930A39F9"/> 
        </xnode> 
        <xnode> 
            <key value="GP_HashMD5_67A06CA635C6A69C71D18AA3C05B901B"/> 
            <event value="gate.down"/> 
            <next value="GP_HashMD5_52731448C07C64CCC9BB218819980C65"/> 
        </xnode> 
        <xnode> 
            <key value="GP_HashMD5_6808ABB35F756E2961E22A20EFE5806E"/> 
            <event value="train.approach"/> 
            <next value="GP_HashMD5_A4C9A6F56912DDBB994044D796D09D47"/> 
        </xnode> 
        <xnode> 
            <key value="GP_HashMD5_6808ABB35F756E2961E22A20EFE5806E"/> 
            <event value="gate.raise"/> 
            <next value="GP_HashMD5_408415484274F5AB615CF48D867E2FB5"/> 
        </xnode> 
        <xnode> 
            <key value="GP_HashMD5_68B1425477C8349391A04F571AAE595A"/> 
            <event value="car.approach"/> 
            <next value="GP_HashMD5_A990AEFA48512DBCBFE5C2DCA4DA3214"/> 
        </xnode> 
        <xnode> 
            <key value="GP_HashMD5_68B1425477C8349391A04F571AAE595A"/> 
            <event value="train.leave"/> 
            <next value="GP_HashMD5_3542E334EC5602CB03B113A9648202F2"/> 
        </xnode> 
        <xnode> 
            <key value="GP_HashMD5_68B1425477C8349391A04F571AAE595A"/> 
            <event value="gate.down"/> 
            <next value="GP_HashMD5_2735DE345E97A60B2413796DC13BA21B"/> 
        </xnode> 
        <xnode> 
            <key value="GP_HashMD5_6967D8396C6132F53EEA7FAFF2D0A0D3"/> 
            <event value="train.approach"/> 
            <next value="GP_HashMD5_C926C11E6E26FE1FFDE5BE308422375A"/> 
        </xnode> 
        <xnode> 
            <key value="GP_HashMD5_6967D8396C6132F53EEA7FAFF2D0A0D3"/> 
            <event value="gate.lower"/> 
            <next value="GP_HashMD5_ABF188AD6F711858A67CB8914AD25361"/> 
        </xnode> 
        <xnode> 
            <key value="GP_HashMD5_6967D8396C6132F53EEA7FAFF2D0A0D3"/> 
            <event value="car.leave"/> 
            <next value="GP_HashMD5_6DE8C6F18EFDE6E34EFB76088E491FAE"/> 
        </xnode> 
        <xnode> 
            <key value="GP_HashMD5_6ADB156E1388CEE988C8A16086E54D38"/> 
            <event value="car.approach"/> 
            <next value="GP_HashMD5_CB675A8960DBFC2B5B0245E7924432DD"/> 
        </xnode> 
        <xnode> 
            <key value="GP_HashMD5_6ADB156E1388CEE988C8A16086E54D38"/> 
            <event value="train.leave"/> 
            <next value="GP_HashMD5_5FEFCA22EA155CB7150DAE30C03668A1"/> 
        </xnode> 
        <xnode> 
            <key value="GP_HashMD5_6ADB156E1388CEE988C8A16086E54D38"/> 
            <event value="train.approach"/> 
            <next value="GP_HashMD5_9CF13AAD51EF02367A1AD24B82779379"/> 
        </xnode> 
        <xnode> 
            <key value="GP_HashMD5_6ADB156E1388CEE988C8A16086E54D38"/> 
            <event value="gate.raise"/> 
            <next value="GP_HashMD5_0867E1BF3C180CA535FB409C68BE2980"/> 
        </xnode> 
        <xnode> 
            <key value="GP_HashMD5_6D684A027FCFE657DC17A87042227801"/> 
            <event value="train.enter"/> 
            <next value="GP_HashMD5_912C888CE06DA9335AB697D9CBFEA7B3"/> 
        </xnode> 
        <xnode> 
            <key value="GP_HashMD5_6D684A027FCFE657DC17A87042227801"/> 
            <event value="train.approach"/> 
            <next value="GP_HashMD5_9B1A9206600E2B2F2962C2E2548DDB6D"/> 
        </xnode> 
        <xnode> 
            <key value="GP_HashMD5_6D684A027FCFE657DC17A87042227801"/> 
            <event value="gate.lower"/> 
            <next value="GP_HashMD5_85F147DF5F329182982491C71D21DE73"/> 
        </xnode> 
        <xnode> 
            <key value="GP_HashMD5_6D684A027FCFE657DC17A87042227801"/> 
            <event value="car.leave"/> 
            <next value="GP_HashMD5_8A7D30E492A900489FE8B5B1D3A4F8BD"/> 
        </xnode> 
        <xnode> 
            <key value="GP_HashMD5_6DE8C6F18EFDE6E34EFB76088E491FAE"/> 
            <event value="car.approach"/> 
            <next value="GP_HashMD5_38C02DEF43CB3F1DF2439B636D35DECF"/> 
        </xnode> 
        <xnode> 
            <key value="GP_HashMD5_6DE8C6F18EFDE6E34EFB76088E491FAE"/> 
            <event value="train.approach"/> 
            <next value="GP_HashMD5_FC88A835E3B68365FBB2962D4F61AA2A"/> 
        </xnode> 
        <xnode> 
            <key value="GP_HashMD5_6DE8C6F18EFDE6E34EFB76088E491FAE"/> 
            <event value="gate.lower"/> 
            <next value="GP_HashMD5_A084ABACC3142463CD5676DC3391A575"/> 
        </xnode> 
        <xnode> 
            <key value="GP_HashMD5_6F141C2DE17B1E12404764AA41069B8A"/> 
            <event value="train.leave"/> 
            <next value="GP_HashMD5_FECE1710D2C1EA520CAD819D1726F373"/> 
        </xnode> 
        <xnode> 
            <key value="GP_HashMD5_6F141C2DE17B1E12404764AA41069B8A"/> 
            <event value="gate.raise"/> 
            <next value="GP_HashMD5_DCE3EC2FFE7CDB38BA28F7DF2ED057BE"/> 
        </xnode> 
        <xnode> 
            <key value="GP_HashMD5_72BF5BC6414CC5E395825CE06E56B29F"/> 
            <event value="car.approach"/> 
            <next value="GP_HashMD5_E6EAC650060544E71403B6A46DF39150"/> 
        </xnode> 
        <xnode> 
            <key value="GP_HashMD5_72BF5BC6414CC5E395825CE06E56B29F"/> 
            <event value="train.approach"/> 
            <next value="GP_HashMD5_61420031F0127FE69DD657F19C5D18C6"/> 
        </xnode> 
        <xnode> 
            <key value="GP_HashMD5_72BF5BC6414CC5E395825CE06E56B29F"/> 
            <event value="gate.lower"/> 
            <next value="GP_HashMD5_BDD983E18EFDE7527D27007414656C0A"/> 
        </xnode> 
        <xnode> 
            <key value="GP_HashMD5_73933DD9F7B4F4AD1D5285EB13568109"/> 
            <event value="train.leave"/> 
            <next value="GP_HashMD5_F75FDF2CD2AAE453E0BA057427A51646"/> 
        </xnode> 
        <xnode> 
            <key value="GP_HashMD5_73933DD9F7B4F4AD1D5285EB13568109"/> 
            <event value="gate.lower"/> 
            <next value="GP_HashMD5_E22D4B3F593FE540CACB8A2D1E28A2A6"/> 
        </xnode> 
        <xnode> 
            <key value="GP_HashMD5_73933DD9F7B4F4AD1D5285EB13568109"/> 
            <event value="car.leave"/> 
            <next value="GP_HashMD5_3F6BD3D7C21EF8029D3A9F314A98D0E6"/> 
        </xnode> 
        <xnode> 
            <key value="GP_HashMD5_7987CE634B9F8CCB77882EFB86C591B5"/> 
            <event value="car.approach"/> 
            <next value="GP_HashMD5_91E8492E8D5E7B6718A17287EE73BAD5"/> 
        </xnode> 
        <xnode> 
            <key value="GP_HashMD5_7987CE634B9F8CCB77882EFB86C591B5"/> 
            <event value="train.enter"/> 
            <next value="GP_HashMD5_FF766EEB9A99814D9782F15F4F284B6A"/> 
        </xnode> 
        <xnode> 
            <key value="GP_HashMD5_7987CE634B9F8CCB77882EFB86C591B5"/> 
            <event value="train.approach"/> 
            <next value="GP_HashMD5_0BB6D3DE5559FB8316E0FC5E90733C1B"/> 
        </xnode> 
        <xnode> 
            <key value="GP_HashMD5_7987CE634B9F8CCB77882EFB86C591B5"/> 
            <event value="gate.raise"/> 
            <next value="GP_HashMD5_8A7D30E492A900489FE8B5B1D3A4F8BD"/> 
        </xnode> 
        <xnode> 
            <key value="GP_HashMD5_7ACAB2244010C6182837D99CFD555AB3"/> 
            <event value="car.approach"/> 
            <next value="GP_HashMD5_EFA923537CD80CFFD9EF0CEAFA90C6D1"/> 
        </xnode> 
        <xnode> 
            <key value="GP_HashMD5_7ACAB2244010C6182837D99CFD555AB3"/> 
            <event value="train.approach"/> 
            <next value="GP_HashMD5_FC88A835E3B68365FBB2962D4F61AA2A"/> 
        </xnode> 
        <xnode> 
            <key value="GP_HashMD5_7ACAB2244010C6182837D99CFD555AB3"/> 
            <event value="gate.lower"/> 
            <next value="GP_HashMD5_BAD855D8110D7D4BE3AABA7D9602BEEA"/> 
        </xnode> 
        <xnode> 
            <key value="GP_HashMD5_7D9118BD97E5DC69F0E3A09176C906B4"/> 
            <event value="train.leave"/> 
            <next value="GP_HashMD5_CB675A8960DBFC2B5B0245E7924432DD"/> 
        </xnode> 
        <xnode> 
            <key value="GP_HashMD5_7D9118BD97E5DC69F0E3A09176C906B4"/> 
            <event value="gate.raise"/> 
            <next value="GP_HashMD5_DCE3EC2FFE7CDB38BA28F7DF2ED057BE"/> 
        </xnode> 
        <xnode> 
            <key value="GP_HashMD5_7E50F9505DD8530912F50A1B22DE9407"/> 
            <event value="car.approach"/> 
            <next value="GP_HashMD5_E56883F8FA19E4BB540708122BC52B95"/> 
        </xnode> 
        <xnode> 
            <key value="GP_HashMD5_7E50F9505DD8530912F50A1B22DE9407"/> 
            <event value="train.enter"/> 
            <next value="GP_HashMD5_3542E334EC5602CB03B113A9648202F2"/> 
        </xnode> 
        <xnode> 
            <key value="GP_HashMD5_7E50F9505DD8530912F50A1B22DE9407"/> 
            <event value="train.approach"/> 
            <next value="GP_HashMD5_950B56A8AB82AFB74505B0B216A44836"/> 
        </xnode> 
        <xnode> 
            <key value="GP_HashMD5_7E50F9505DD8530912F50A1B22DE9407"/> 
            <event value="gate.down"/> 
            <next value="GP_HashMD5_7987CE634B9F8CCB77882EFB86C591B5"/> 
        </xnode> 
        <xnode> 
            <key value="GP_HashMD5_83E985EEB7BD3C7BF8119B335436BEA4"/> 
            <event value="car.approach"/> 
            <next value="GP_HashMD5_43C8F8EC0A50B84274CE44F3B69634D2"/> 
        </xnode> 
        <xnode> 
            <key value="GP_HashMD5_83E985EEB7BD3C7BF8119B335436BEA4"/> 
            <event value="train.enter"/> 
            <next value="GP_HashMD5_A853F578982666D8976BDFE5251819BD"/> 
        </xnode> 
        <xnode> 
            <key value="GP_HashMD5_83E985EEB7BD3C7BF8119B335436BEA4"/> 
            <event value="train.leave"/> 
            <next value="GP_HashMD5_46DCC5C663A64236094B86CAA057DB7A"/> 
        </xnode> 
        <xnode> 
            <key value="GP_HashMD5_83E985EEB7BD3C7BF8119B335436BEA4"/> 
            <event value="gate.lower"/> 
            <next value="GP_HashMD5_20828E70005284E82AEADED1DC78609E"/> 
        </xnode> 
        <xnode> 
            <key value="GP_HashMD5_85F147DF5F329182982491C71D21DE73"/> 
            <event value="train.enter"/> 
            <next value="GP_HashMD5_9CB314419970DC7BB9F626339658871B"/> 
        </xnode> 
        <xnode> 
            <key value="GP_HashMD5_85F147DF5F329182982491C71D21DE73"/> 
            <event value="train.approach"/> 
            <next value="GP_HashMD5_103C1F14AA65D17084DC0E29FC711783"/> 
        </xnode> 
        <xnode> 
            <key value="GP_HashMD5_85F147DF5F329182982491C71D21DE73"/> 
            <event value="car.leave"/> 
            <next value="GP_HashMD5_7E50F9505DD8530912F50A1B22DE9407"/> 
        </xnode> 
        <xnode> 
            <key value="GP_HashMD5_8A7D30E492A900489FE8B5B1D3A4F8BD"/> 
            <event value="car.approach"/> 
            <next value="GP_HashMD5_BC3F4F15912BC7C15C38158286D8D527"/> 
        </xnode> 
        <xnode> 
            <key value="GP_HashMD5_8A7D30E492A900489FE8B5B1D3A4F8BD"/> 
            <event value="train.enter"/> 
            <next value="GP_HashMD5_F6374B154F0BF4C355479344D7B0C1ED"/> 
        </xnode> 
        <xnode> 
            <key value="GP_HashMD5_8A7D30E492A900489FE8B5B1D3A4F8BD"/> 
            <event value="train.approach"/> 
            <next value="GP_HashMD5_5E3D338FFEFC7258A0E9838E34FF1120"/> 
        </xnode> 
        <xnode> 
            <key value="GP_HashMD5_8A7D30E492A900489FE8B5B1D3A4F8BD"/> 
            <event value="gate.lower"/> 
            <next value="GP_HashMD5_6013C4A6DBE1E6969443365CC74D95B2"/> 
        </xnode> 
        <xnode> 
            <key value="GP_HashMD5_8DD32566C207C0ADB72738DD33191FB0"/> 
            <event value="train.leave"/> 
            <next value="GP_HashMD5_912C888CE06DA9335AB697D9CBFEA7B3"/> 
        </xnode> 
        <xnode> 
            <key value="GP_HashMD5_8DD32566C207C0ADB72738DD33191FB0"/> 
            <event value="gate.lower"/> 
            <next value="GP_HashMD5_E22D4B3F593FE540CACB8A2D1E28A2A6"/> 
        </xnode> 
        <xnode> 
            <key value="GP_HashMD5_8DD32566C207C0ADB72738DD33191FB0"/> 
            <event value="car.leave"/> 
            <next value="GP_HashMD5_40CABCC94C9049398EADBE57211EC0B4"/> 
        </xnode> 
        <xnode> 
            <key value="GP_HashMD5_9041F860197B59B72D0434EA3A363B44"/> 
            <event value="car.approach"/> 
            <next value="GP_HashMD5_140CAC37C90FCCA25C14D2D3EB2074C3"/> 
        </xnode> 
        <xnode> 
            <key value="GP_HashMD5_9041F860197B59B72D0434EA3A363B44"/> 
            <event value="train.approach"/> 
            <next value="GP_HashMD5_7987CE634B9F8CCB77882EFB86C591B5"/> 
        </xnode> 
        <xnode> 
            <key value="GP_HashMD5_9041F860197B59B72D0434EA3A363B44"/> 
            <event value="gate.raise"/> 
            <next value="GP_HashMD5_BC768AB46B83724471155311EA472E67"/> 
        </xnode> 
        <xnode> 
            <key value="GP_HashMD5_912C888CE06DA9335AB697D9CBFEA7B3"/> 
            <event value="train.leave"/> 
            <next value="GP_HashMD5_D209EFC5DF9850EF5E37100444CFD05F"/> 
        </xnode> 
        <xnode> 
            <key value="GP_HashMD5_912C888CE06DA9335AB697D9CBFEA7B3"/> 
            <event value="train.approach"/> 
            <next value="GP_HashMD5_EE2718C6A526E5E969A0842705B4D4C8"/> 
        </xnode> 
        <xnode> 
            <key value="GP_HashMD5_912C888CE06DA9335AB697D9CBFEA7B3"/> 
            <event value="gate.lower"/> 
            <next value="GP_HashMD5_9CB314419970DC7BB9F626339658871B"/> 
        </xnode> 
        <xnode> 
            <key value="GP_HashMD5_912C888CE06DA9335AB697D9CBFEA7B3"/> 
            <event value="car.leave"/> 
            <next value="GP_HashMD5_F6374B154F0BF4C355479344D7B0C1ED"/> 
        </xnode> 
        <xnode> 
            <key value="GP_HashMD5_91E8492E8D5E7B6718A17287EE73BAD5"/> 
            <event value="train.enter"/> 
            <next value="GP_HashMD5_FECE1710D2C1EA520CAD819D1726F373"/> 
        </xnode> 
        <xnode> 
            <key value="GP_HashMD5_91E8492E8D5E7B6718A17287EE73BAD5"/> 
            <event value="train.approach"/> 
            <next value="GP_HashMD5_574F2A5BF700A3AF0E3AE8F768772C0A"/> 
        </xnode> 
        <xnode> 
            <key value="GP_HashMD5_91E8492E8D5E7B6718A17287EE73BAD5"/> 
            <event value="gate.raise"/> 
            <next value="GP_HashMD5_BC3F4F15912BC7C15C38158286D8D527"/> 
        </xnode> 
        <xnode> 
            <key value="GP_HashMD5_930BB5B9BE20101A42AFFCA1D738F6FA"/> 
            <event value="car.approach"/> 
            <next value="GP_HashMD5_B662B27D3A2BCB16696DAD1092B877CA"/> 
        </xnode> 
        <xnode> 
            <key value="GP_HashMD5_930BB5B9BE20101A42AFFCA1D738F6FA"/> 
            <event value="train.leave"/> 
            <next value="GP_HashMD5_C0AFEF9034742FEC51503DF0B4602F75"/> 
        </xnode> 
        <xnode> 
            <key value="GP_HashMD5_930BB5B9BE20101A42AFFCA1D738F6FA"/> 
            <event value="gate.down"/> 
            <next value="GP_HashMD5_012F098915B1FBC865114E09D84B2B5B"/> 
        </xnode> 
        <xnode> 
            <key value="GP_HashMD5_950B56A8AB82AFB74505B0B216A44836"/> 
            <event value="car.approach"/> 
            <next value="GP_HashMD5_2BC3A199C51ACC2960CCA6061F855AA0"/> 
        </xnode> 
        <xnode> 
            <key value="GP_HashMD5_950B56A8AB82AFB74505B0B216A44836"/> 
            <event value="train.enter"/> 
            <next value="GP_HashMD5_0D2D71D2C2A89E35AE0CCBE8BFC3FC16"/> 
        </xnode> 
        <xnode> 
            <key value="GP_HashMD5_950B56A8AB82AFB74505B0B216A44836"/> 
            <event value="gate.down"/> 
            <next value="GP_HashMD5_0BB6D3DE5559FB8316E0FC5E90733C1B"/> 
        </xnode> 
        <xnode> 
            <key value="GP_HashMD5_971EAFF3BC8C7909FEEEDB0D2F853727"/> 
            <event value="train.approach"/> 
            <next value="GP_HashMD5_6D684A027FCFE657DC17A87042227801"/> 
        </xnode> 
        <xnode> 
            <key value="GP_HashMD5_971EAFF3BC8C7909FEEEDB0D2F853727"/> 
            <event value="gate.lower"/> 
            <next value="GP_HashMD5_5397C4A42A1A257533CB25950BD95F5F"/> 
        </xnode> 
        <xnode> 
            <key value="GP_HashMD5_971EAFF3BC8C7909FEEEDB0D2F853727"/> 
            <event value="car.leave"/> 
            <next value="GP_HashMD5_3FBA180CA81A4BF1283A503E8E26ADAA"/> 
        </xnode> 
        <xnode> 
            <key value="GP_HashMD5_9B1A9206600E2B2F2962C2E2548DDB6D"/> 
            <event value="train.enter"/> 
            <next value="GP_HashMD5_EE2718C6A526E5E969A0842705B4D4C8"/> 
        </xnode> 
        <xnode> 
            <key value="GP_HashMD5_9B1A9206600E2B2F2962C2E2548DDB6D"/> 
            <event value="gate.lower"/> 
            <next value="GP_HashMD5_103C1F14AA65D17084DC0E29FC711783"/> 
        </xnode> 
        <xnode> 
            <key value="GP_HashMD5_9B1A9206600E2B2F2962C2E2548DDB6D"/> 
            <event value="car.leave"/> 
            <next value="GP_HashMD5_5E3D338FFEFC7258A0E9838E34FF1120"/> 
        </xnode> 
        <xnode> 
            <key value="GP_HashMD5_9C0390A41B4CD4E3BF298E4A6FCF9BD0"/> 
            <event value="car.approach"/> 
            <next value="GP_HashMD5_BC8DDC4B7FE1DD4A5BBAD34F29D3DA5B"/> 
        </xnode> 
        <xnode> 
            <key value="GP_HashMD5_9C0390A41B4CD4E3BF298E4A6FCF9BD0"/> 
            <event value="train.leave"/> 
            <next value="GP_HashMD5_18A81D20B0E65E6FAD71208903E3CD5F"/> 
        </xnode> 
        <xnode> 
            <key value="GP_HashMD5_9C0390A41B4CD4E3BF298E4A6FCF9BD0"/> 
            <event value="train.approach"/> 
            <next value="GP_HashMD5_83E985EEB7BD3C7BF8119B335436BEA4"/> 
        </xnode> 
        <xnode> 
            <key value="GP_HashMD5_9C0390A41B4CD4E3BF298E4A6FCF9BD0"/> 
            <event value="gate.lower"/> 
            <next value="GP_HashMD5_C29D87272881305BC9D6C30948C4884C"/> 
        </xnode> 
        <xnode> 
            <key value="GP_HashMD5_9CB314419970DC7BB9F626339658871B"/> 
            <event value="train.leave"/> 
            <next value="GP_HashMD5_ABF188AD6F711858A67CB8914AD25361"/> 
        </xnode> 
        <xnode> 
            <key value="GP_HashMD5_9CB314419970DC7BB9F626339658871B"/> 
            <event value="train.approach"/> 
            <next value="GP_HashMD5_D29E1E2875D374CBF6CDC4D7596A606B"/> 
        </xnode> 
        <xnode> 
            <key value="GP_HashMD5_9CB314419970DC7BB9F626339658871B"/> 
            <event value="car.leave"/> 
            <next value="GP_HashMD5_3542E334EC5602CB03B113A9648202F2"/> 
        </xnode> 
        <xnode> 
            <key value="GP_HashMD5_9CF13AAD51EF02367A1AD24B82779379"/> 
            <event value="car.approach"/> 
            <next value="GP_HashMD5_5735B6CB701CA8C043A257FD058739F7"/> 
        </xnode> 
        <xnode> 
            <key value="GP_HashMD5_9CF13AAD51EF02367A1AD24B82779379"/> 
            <event value="train.enter"/> 
            <next value="GP_HashMD5_B2CAD6BA7FA722D872C2177E756AB4CE"/> 
        </xnode> 
        <xnode> 
            <key value="GP_HashMD5_9CF13AAD51EF02367A1AD24B82779379"/> 
            <event value="train.leave"/> 
            <next value="GP_HashMD5_B6FE5C5E168A7199BAD69D9FEF9B35A5"/> 
        </xnode> 
        <xnode> 
            <key value="GP_HashMD5_9CF13AAD51EF02367A1AD24B82779379"/> 
            <event value="gate.raise"/> 
            <next value="GP_HashMD5_5869AB242ECD9293EB4F2DB2F1308708"/> 
        </xnode> 
        <xnode> 
            <key value="GP_HashMD5_A084ABACC3142463CD5676DC3391A575"/> 
            <event value="car.approach"/> 
            <next value="GP_HashMD5_21F05D6E5834C726D1113E44152C209D"/> 
        </xnode> 
        <xnode> 
            <key value="GP_HashMD5_A084ABACC3142463CD5676DC3391A575"/> 
            <event value="train.approach"/> 
            <next value="GP_HashMD5_6013C4A6DBE1E6969443365CC74D95B2"/> 
        </xnode> 
        <xnode> 
            <key value="GP_HashMD5_A084ABACC3142463CD5676DC3391A575"/> 
            <event value="gate.down"/> 
            <next value="GP_HashMD5_26F260A2D68D3D360297D2A4CCEE69BF"/> 
        </xnode> 
        <xnode> 
            <key value="GP_HashMD5_A4C9A6F56912DDBB994044D796D09D47"/> 
            <event value="train.enter"/> 
            <next value="GP_HashMD5_CB675A8960DBFC2B5B0245E7924432DD"/> 
        </xnode> 
        <xnode> 
            <key value="GP_HashMD5_A4C9A6F56912DDBB994044D796D09D47"/> 
            <event value="train.approach"/> 
            <next value="GP_HashMD5_D75CF1E265A75584C0FA0629A934421D"/> 
        </xnode> 
        <xnode> 
            <key value="GP_HashMD5_A4C9A6F56912DDBB994044D796D09D47"/> 
            <event value="gate.raise"/> 
            <next value="GP_HashMD5_BC3F4F15912BC7C15C38158286D8D527"/> 
        </xnode> 
        <xnode> 
            <key value="GP_HashMD5_A7C02ACDE179BC568D68BA9CDFD43EA8"/> 
            <event value="train.leave"/> 
            <next value="GP_HashMD5_21F05D6E5834C726D1113E44152C209D"/> 
        </xnode> 
        <xnode> 
            <key value="GP_HashMD5_A7C02ACDE179BC568D68BA9CDFD43EA8"/> 
            <event value="train.approach"/> 
            <next value="GP_HashMD5_F5010C7D52C7874FB8B064313006F1EE"/> 
        </xnode> 
        <xnode> 
            <key value="GP_HashMD5_A7C02ACDE179BC568D68BA9CDFD43EA8"/> 
            <event value="gate.down"/> 
            <next value="GP_HashMD5_CB675A8960DBFC2B5B0245E7924432DD"/> 
        </xnode> 
        <xnode> 
            <key value="GP_HashMD5_A853F578982666D8976BDFE5251819BD"/> 
            <event value="car.approach"/> 
            <next value="GP_HashMD5_B890ABAFF1193A92984196F6190F5CEA"/> 
        </xnode> 
        <xnode> 
            <key value="GP_HashMD5_A853F578982666D8976BDFE5251819BD"/> 
            <event value="train.leave"/> 
            <next value="GP_HashMD5_9C0390A41B4CD4E3BF298E4A6FCF9BD0"/> 
        </xnode> 
        <xnode> 
            <key value="GP_HashMD5_A853F578982666D8976BDFE5251819BD"/> 
            <event value="gate.lower"/> 
            <next value="GP_HashMD5_C038565C0C36A34DC706B5EF1ED01D19"/> 
        </xnode> 
        <xnode> 
            <key value="GP_HashMD5_A990AEFA48512DBCBFE5C2DCA4DA3214"/> 
            <event value="train.leave"/> 
            <next value="GP_HashMD5_0A3BB5727FB95592C3EB2F72614546EF"/> 
        </xnode> 
        <xnode> 
            <key value="GP_HashMD5_A990AEFA48512DBCBFE5C2DCA4DA3214"/> 
            <event value="gate.down"/> 
            <next value="GP_HashMD5_6F141C2DE17B1E12404764AA41069B8A"/> 
        </xnode> 
        <xnode> 
            <key value="GP_HashMD5_AB52173EFC470A8E08D3770CD9389E95"/> 
            <event value="train.enter"/> 
            <next value="GP_HashMD5_3924B6969464F21965071E83230DC66A"/> 
        </xnode> 
        <xnode> 
            <key value="GP_HashMD5_AB52173EFC470A8E08D3770CD9389E95"/> 
            <event value="gate.lower"/> 
            <next value="GP_HashMD5_103C1F14AA65D17084DC0E29FC711783"/> 
        </xnode> 
        <xnode> 
            <key value="GP_HashMD5_AB52173EFC470A8E08D3770CD9389E95"/> 
            <event value="car.leave"/> 
            <next value="GP_HashMD5_F906D22E75B86D548C0A7080595BCE6A"/> 
        </xnode> 
        <xnode> 
            <key value="GP_HashMD5_ABF188AD6F711858A67CB8914AD25361"/> 
            <event value="train.approach"/> 
            <next value="GP_HashMD5_85F147DF5F329182982491C71D21DE73"/> 
        </xnode> 
        <xnode> 
            <key value="GP_HashMD5_ABF188AD6F711858A67CB8914AD25361"/> 
            <event value="car.leave"/> 
            <next value="GP_HashMD5_1CB9C5D080C1F6F8192D340D02EBBF32"/> 
        </xnode> 
        <xnode> 
            <key value="GP_HashMD5_AD167D85F9A4D9DA401A468471FD9CF2"/> 
            <event value="car.approach"/> 
            <next value="GP_HashMD5_E38B4800B206BC3CAC231CEBADB15939"/> 
        </xnode> 
        <xnode> 
            <key value="GP_HashMD5_AD167D85F9A4D9DA401A468471FD9CF2"/> 
            <event value="train.approach"/> 
            <next value="GP_HashMD5_7987CE634B9F8CCB77882EFB86C591B5"/> 
        </xnode> 
        <xnode> 
            <key value="GP_HashMD5_AD167D85F9A4D9DA401A468471FD9CF2"/> 
            <event value="gate.raise"/> 
            <next value="GP_HashMD5_3FBA180CA81A4BF1283A503E8E26ADAA"/> 
        </xnode> 
        <xnode> 
            <key value="GP_HashMD5_AFDBC03361B03E88A954136B506A38BA"/> 
            <event value="train.enter"/> 
            <next value="GP_HashMD5_6F141C2DE17B1E12404764AA41069B8A"/> 
        </xnode> 
        <xnode> 
            <key value="GP_HashMD5_AFDBC03361B03E88A954136B506A38BA"/> 
            <event value="train.leave"/> 
            <next value="GP_HashMD5_91E8492E8D5E7B6718A17287EE73BAD5"/> 
        </xnode> 
        <xnode> 
            <key value="GP_HashMD5_AFDBC03361B03E88A954136B506A38BA"/> 
            <event value="gate.raise"/> 
            <next value="GP_HashMD5_45A9F42C32DF4D56C70FA4F64B4391BD"/> 
        </xnode> 
        <xnode> 
            <key value="GP_HashMD5_B2783581E98FFB8D08C84038B1431AD6"/> 
            <event value="train.enter"/> 
            <next value="GP_HashMD5_CE0B1C7FB68BE1BD1F4D925E9C6E410D"/> 
        </xnode> 
        <xnode> 
            <key value="GP_HashMD5_B2783581E98FFB8D08C84038B1431AD6"/> 
            <event value="train.leave"/> 
            <next value="GP_HashMD5_BEFAAEA3058B612A52EB9A5B4B1DDBD3"/> 
        </xnode> 
        <xnode> 
            <key value="GP_HashMD5_B2783581E98FFB8D08C84038B1431AD6"/> 
            <event value="gate.lower"/> 
            <next value="GP_HashMD5_F5010C7D52C7874FB8B064313006F1EE"/> 
        </xnode> 
        <xnode> 
            <key value="GP_HashMD5_B2783581E98FFB8D08C84038B1431AD6"/> 
            <event value="car.enter"/> 
            <next value="GP_HashMD5_3924B6969464F21965071E83230DC66A"/> 
        </xnode> 
        <xnode> 
            <key value="GP_HashMD5_B2CAD6BA7FA722D872C2177E756AB4CE"/> 
            <event value="car.approach"/> 
            <next value="GP_HashMD5_7D9118BD97E5DC69F0E3A09176C906B4"/> 
        </xnode> 
        <xnode> 
            <key value="GP_HashMD5_B2CAD6BA7FA722D872C2177E756AB4CE"/> 
            <event value="train.leave"/> 
            <next value="GP_HashMD5_6ADB156E1388CEE988C8A16086E54D38"/> 
        </xnode> 
        <xnode> 
            <key value="GP_HashMD5_B2CAD6BA7FA722D872C2177E756AB4CE"/> 
            <event value="gate.raise"/> 
            <next value="GP_HashMD5_3BB40DCC9C3A5862952BEC917C6D0FDB"/> 
        </xnode> 
        <xnode> 
            <key value="GP_HashMD5_B4ED7ECEB4E61C5AA2B14D7BAAB2154D"/> 
            <event value="train.approach"/> 
            <next value="GP_HashMD5_3DCF6350814D46A0BFB96144180B56D9"/> 
        </xnode> 
        <xnode> 
            <key value="GP_HashMD5_B4ED7ECEB4E61C5AA2B14D7BAAB2154D"/> 
            <event value="gate.lower"/> 
            <next value="GP_HashMD5_67A06CA635C6A69C71D18AA3C05B901B"/> 
        </xnode> 
        <xnode> 
            <key value="GP_HashMD5_B4ED7ECEB4E61C5AA2B14D7BAAB2154D"/> 
            <event value="car.enter"/> 
            <next value="GP_HashMD5_2A456D350CCDC9A56DACF2A7E632FE08"/> 
        </xnode> 
        <xnode> 
            <key value="GP_HashMD5_B564F5AF150454313624DA08E1DA4624"/> 
            <event value="train.approach"/> 
            <next value="GP_HashMD5_E56883F8FA19E4BB540708122BC52B95"/> 
        </xnode> 
        <xnode> 
            <key value="GP_HashMD5_B564F5AF150454313624DA08E1DA4624"/> 
            <event value="gate.down"/> 
            <next value="GP_HashMD5_E38B4800B206BC3CAC231CEBADB15939"/> 
        </xnode> 
        <xnode> 
            <key value="GP_HashMD5_B5F505D53CD1091064008AF946BF592B"/> 
            <event value="car.approach"/> 
            <next value="GP_HashMD5_408415484274F5AB615CF48D867E2FB5"/> 
        </xnode> 
        <xnode> 
            <key value="GP_HashMD5_B5F505D53CD1091064008AF946BF592B"/> 
            <event value="train.approach"/> 
            <next value="GP_HashMD5_61420031F0127FE69DD657F19C5D18C6"/> 
        </xnode> 
        <xnode> 
            <key value="GP_HashMD5_B5F505D53CD1091064008AF946BF592B"/> 
            <event value="gate.lower"/> 
            <next value="GP_HashMD5_19F580C79B968509ED89549C524BFAC0"/> 
        </xnode> 
        <xnode> 
            <key value="GP_HashMD5_B662B27D3A2BCB16696DAD1092B877CA"/> 
            <event value="train.leave"/> 
            <next value="GP_HashMD5_A7C02ACDE179BC568D68BA9CDFD43EA8"/> 
        </xnode> 
        <xnode> 
            <key value="GP_HashMD5_B662B27D3A2BCB16696DAD1092B877CA"/> 
            <event value="gate.down"/> 
            <next value="GP_HashMD5_7D9118BD97E5DC69F0E3A09176C906B4"/> 
        </xnode> 
        <xnode> 
            <key value="GP_HashMD5_B6FE5C5E168A7199BAD69D9FEF9B35A5"/> 
            <event value="car.approach"/> 
            <next value="GP_HashMD5_A4C9A6F56912DDBB994044D796D09D47"/> 
        </xnode> 
        <xnode> 
            <key value="GP_HashMD5_B6FE5C5E168A7199BAD69D9FEF9B35A5"/> 
            <event value="train.enter"/> 
            <next value="GP_HashMD5_6ADB156E1388CEE988C8A16086E54D38"/> 
        </xnode> 
        <xnode> 
            <key value="GP_HashMD5_B6FE5C5E168A7199BAD69D9FEF9B35A5"/> 
            <event value="train.approach"/> 
            <next value="GP_HashMD5_17CB50DF85E370385D33FBA58B745D6C"/> 
        </xnode> 
        <xnode> 
            <key value="GP_HashMD5_B6FE5C5E168A7199BAD69D9FEF9B35A5"/> 
            <event value="gate.raise"/> 
            <next value="GP_HashMD5_61420031F0127FE69DD657F19C5D18C6"/> 
        </xnode> 
        <xnode> 
            <key value="GP_HashMD5_B890ABAFF1193A92984196F6190F5CEA"/> 
            <event value="train.leave"/> 
            <next value="GP_HashMD5_BC8DDC4B7FE1DD4A5BBAD34F29D3DA5B"/> 
        </xnode> 
        <xnode> 
            <key value="GP_HashMD5_B890ABAFF1193A92984196F6190F5CEA"/> 
            <event value="gate.lower"/> 
            <next value="GP_HashMD5_B662B27D3A2BCB16696DAD1092B877CA"/> 
        </xnode> 
        <xnode> 
            <key value="GP_HashMD5_B890ABAFF1193A92984196F6190F5CEA"/> 
            <event value="car.enter"/> 
            <next value="GP_HashMD5_73933DD9F7B4F4AD1D5285EB13568109"/> 
        </xnode> 
        <xnode> 
            <key value="GP_HashMD5_BA428E99570D59CAC2B643F1AA54FE42"/> 
            <event value="train.approach"/> 
            <next value="GP_HashMD5_E56883F8FA19E4BB540708122BC52B95"/> 
        </xnode> 
        <xnode> 
            <key value="GP_HashMD5_BA428E99570D59CAC2B643F1AA54FE42"/> 
            <event value="gate.down"/> 
            <next value="GP_HashMD5_140CAC37C90FCCA25C14D2D3EB2074C3"/> 
        </xnode> 
        <xnode> 
            <key value="GP_HashMD5_BA91E2A64672A741280965B12AEC4E8B"/> 
            <event value="car.approach"/> 
            <next value="GP_HashMD5_45A9F42C32DF4D56C70FA4F64B4391BD"/> 
        </xnode> 
        <xnode> 
            <key value="GP_HashMD5_BA91E2A64672A741280965B12AEC4E8B"/> 
            <event value="train.enter"/> 
            <next value="GP_HashMD5_40CABCC94C9049398EADBE57211EC0B4"/> 
        </xnode> 
        <xnode> 
            <key value="GP_HashMD5_BA91E2A64672A741280965B12AEC4E8B"/> 
            <event value="train.leave"/> 
            <next value="GP_HashMD5_8A7D30E492A900489FE8B5B1D3A4F8BD"/> 
        </xnode> 
        <xnode> 
            <key value="GP_HashMD5_BA91E2A64672A741280965B12AEC4E8B"/> 
            <event value="gate.lower"/> 
            <next value="GP_HashMD5_CA4563F6AA0154FE4CEBAD6CA44F50C3"/> 
        </xnode> 
        <xnode> 
            <key value="GP_HashMD5_BAD855D8110D7D4BE3AABA7D9602BEEA"/> 
            <event value="car.approach"/> 
            <next value="GP_HashMD5_67A06CA635C6A69C71D18AA3C05B901B"/> 
        </xnode> 
        <xnode> 
            <key value="GP_HashMD5_BAD855D8110D7D4BE3AABA7D9602BEEA"/> 
            <event value="train.approach"/> 
            <next value="GP_HashMD5_6013C4A6DBE1E6969443365CC74D95B2"/> 
        </xnode> 
        <xnode> 
            <key value="GP_HashMD5_BAD855D8110D7D4BE3AABA7D9602BEEA"/> 
            <event value="gate.down"/> 
            <next value="GP_HashMD5_2AC15B7B0EFA8315FFA241C79139308C"/> 
        </xnode> 
        <xnode> 
            <key value="GP_HashMD5_BC3F4F15912BC7C15C38158286D8D527"/> 
            <event value="train.enter"/> 
            <next value="GP_HashMD5_D5EC2D81F851013C775AD2367F5003F2"/> 
        </xnode> 
        <xnode> 
            <key value="GP_HashMD5_BC3F4F15912BC7C15C38158286D8D527"/> 
            <event value="train.approach"/> 
            <next value="GP_HashMD5_3E74CBEDEC75EBF82947D9DDFDD94FF7"/> 
        </xnode> 
        <xnode> 
            <key value="GP_HashMD5_BC3F4F15912BC7C15C38158286D8D527"/> 
            <event value="gate.lower"/> 
            <next value="GP_HashMD5_BEE8C52B4BBA041BBCBF67AF930A39F9"/> 
        </xnode> 
        <xnode> 
            <key value="GP_HashMD5_BC3F4F15912BC7C15C38158286D8D527"/> 
            <event value="car.enter"/> 
            <next value="GP_HashMD5_6D684A027FCFE657DC17A87042227801"/> 
        </xnode> 
        <xnode> 
            <key value="GP_HashMD5_BC768AB46B83724471155311EA472E67"/> 
            <event value="car.approach"/> 
            <next value="GP_HashMD5_408415484274F5AB615CF48D867E2FB5"/> 
        </xnode> 
        <xnode> 
            <key value="GP_HashMD5_BC768AB46B83724471155311EA472E67"/> 
            <event value="train.approach"/> 
            <next value="GP_HashMD5_8A7D30E492A900489FE8B5B1D3A4F8BD"/> 
        </xnode> 
        <xnode> 
            <key value="GP_HashMD5_BC768AB46B83724471155311EA472E67"/> 
            <event value="gate.lower"/> 
            <next value="GP_HashMD5_A084ABACC3142463CD5676DC3391A575"/> 
        </xnode> 
        <xnode> 
            <key value="GP_HashMD5_BC8DDC4B7FE1DD4A5BBAD34F29D3DA5B"/> 
            <event value="train.leave"/> 
            <next value="GP_HashMD5_460E0A21FE749ACB826807CCBE280E38"/> 
        </xnode> 
        <xnode> 
            <key value="GP_HashMD5_BC8DDC4B7FE1DD4A5BBAD34F29D3DA5B"/> 
            <event value="train.approach"/> 
            <next value="GP_HashMD5_43C8F8EC0A50B84274CE44F3B69634D2"/> 
        </xnode> 
        <xnode> 
            <key value="GP_HashMD5_BC8DDC4B7FE1DD4A5BBAD34F29D3DA5B"/> 
            <event value="gate.lower"/> 
            <next value="GP_HashMD5_A7C02ACDE179BC568D68BA9CDFD43EA8"/> 
        </xnode> 
        <xnode> 
            <key value="GP_HashMD5_BC8DDC4B7FE1DD4A5BBAD34F29D3DA5B"/> 
            <event value="car.enter"/> 
            <next value="GP_HashMD5_F75FDF2CD2AAE453E0BA057427A51646"/> 
        </xnode> 
        <xnode> 
            <key value="GP_HashMD5_BDD983E18EFDE7527D27007414656C0A"/> 
            <event value="car.approach"/> 
            <next value="GP_HashMD5_67A06CA635C6A69C71D18AA3C05B901B"/> 
        </xnode> 
        <xnode> 
            <key value="GP_HashMD5_BDD983E18EFDE7527D27007414656C0A"/> 
            <event value="train.approach"/> 
            <next value="GP_HashMD5_CF91F0A5B4AB4CC57A6ACB6B939A07EF"/> 
        </xnode> 
        <xnode> 
            <key value="GP_HashMD5_BDD983E18EFDE7527D27007414656C0A"/> 
            <event value="gate.down"/> 
            <next value="GP_HashMD5_FAA8F41FA4DAB22E29C83EDEB47561A7"/> 
        </xnode> 
        <xnode> 
            <key value="GP_HashMD5_BEB679683318E92CCEEC6A7A85137BBA"/> 
            <event value="car.approach"/> 
            <next value="GP_HashMD5_AFDBC03361B03E88A954136B506A38BA"/> 
        </xnode> 
        <xnode> 
            <key value="GP_HashMD5_BEB679683318E92CCEEC6A7A85137BBA"/> 
            <event value="train.enter"/> 
            <next value="GP_HashMD5_2735DE345E97A60B2413796DC13BA21B"/> 
        </xnode> 
        <xnode> 
            <key value="GP_HashMD5_BEB679683318E92CCEEC6A7A85137BBA"/> 
            <event value="train.leave"/> 
            <next value="GP_HashMD5_7987CE634B9F8CCB77882EFB86C591B5"/> 
        </xnode> 
        <xnode> 
            <key value="GP_HashMD5_BEB679683318E92CCEEC6A7A85137BBA"/> 
            <event value="gate.raise"/> 
            <next value="GP_HashMD5_BA91E2A64672A741280965B12AEC4E8B"/> 
        </xnode> 
        <xnode> 
            <key value="GP_HashMD5_BEE8C52B4BBA041BBCBF67AF930A39F9"/> 
            <event value="train.enter"/> 
            <next value="GP_HashMD5_A7C02ACDE179BC568D68BA9CDFD43EA8"/> 
        </xnode> 
        <xnode> 
            <key value="GP_HashMD5_BEE8C52B4BBA041BBCBF67AF930A39F9"/> 
            <event value="train.approach"/> 
            <next value="GP_HashMD5_4653D8C360C138EC6DC5C62C6D47DB91"/> 
        </xnode> 
        <xnode> 
            <key value="GP_HashMD5_BEE8C52B4BBA041BBCBF67AF930A39F9"/> 
            <event value="gate.down"/> 
            <next value="GP_HashMD5_A4C9A6F56912DDBB994044D796D09D47"/> 
        </xnode> 
        <xnode> 
            <key value="GP_HashMD5_BEFAAEA3058B612A52EB9A5B4B1DDBD3"/> 
            <event value="train.enter"/> 
            <next value="GP_HashMD5_62579E4D78CB7145ED7AADC7492FF225"/> 
        </xnode> 
        <xnode> 
            <key value="GP_HashMD5_BEFAAEA3058B612A52EB9A5B4B1DDBD3"/> 
            <event value="train.approach"/> 
            <next value="GP_HashMD5_CBA16125B2A0618FF3D709BB8A3F7294"/> 
        </xnode> 
        <xnode> 
            <key value="GP_HashMD5_BEFAAEA3058B612A52EB9A5B4B1DDBD3"/> 
            <event value="gate.lower"/> 
            <next value="GP_HashMD5_BEE8C52B4BBA041BBCBF67AF930A39F9"/> 
        </xnode> 
        <xnode> 
            <key value="GP_HashMD5_BEFAAEA3058B612A52EB9A5B4B1DDBD3"/> 
            <event value="car.enter"/> 
            <next value="GP_HashMD5_C926C11E6E26FE1FFDE5BE308422375A"/> 
        </xnode> 
        <xnode> 
            <key value="GP_HashMD5_C038565C0C36A34DC706B5EF1ED01D19"/> 
            <event value="car.approach"/> 
            <next value="GP_HashMD5_B662B27D3A2BCB16696DAD1092B877CA"/> 
        </xnode> 
        <xnode> 
            <key value="GP_HashMD5_C038565C0C36A34DC706B5EF1ED01D19"/> 
            <event value="train.leave"/> 
            <next value="GP_HashMD5_C29D87272881305BC9D6C30948C4884C"/> 
        </xnode> 
        <xnode> 
            <key value="GP_HashMD5_C038565C0C36A34DC706B5EF1ED01D19"/> 
            <event value="gate.down"/> 
            <next value="GP_HashMD5_B2CAD6BA7FA722D872C2177E756AB4CE"/> 
        </xnode> 
        <xnode> 
            <key value="GP_HashMD5_C0AFEF9034742FEC51503DF0B4602F75"/> 
            <event value="car.approach"/> 
            <next value="GP_HashMD5_A7C02ACDE179BC568D68BA9CDFD43EA8"/> 
        </xnode> 
        <xnode> 
            <key value="GP_HashMD5_C0AFEF9034742FEC51503DF0B4602F75"/> 
            <event value="train.leave"/> 
            <next value="GP_HashMD5_A084ABACC3142463CD5676DC3391A575"/> 
        </xnode> 
        <xnode> 
            <key value="GP_HashMD5_C0AFEF9034742FEC51503DF0B4602F75"/> 
            <event value="train.approach"/> 
            <next value="GP_HashMD5_CA4563F6AA0154FE4CEBAD6CA44F50C3"/> 
        </xnode> 
        <xnode> 
            <key value="GP_HashMD5_C0AFEF9034742FEC51503DF0B4602F75"/> 
            <event value="gate.down"/> 
            <next value="GP_HashMD5_E0997BB67623AC689586E023902FEE39"/> 
        </xnode> 
        <xnode> 
            <key value="GP_HashMD5_C29D87272881305BC9D6C30948C4884C"/> 
            <event value="car.approach"/> 
            <next value="GP_HashMD5_A7C02ACDE179BC568D68BA9CDFD43EA8"/> 
        </xnode> 
        <xnode> 
            <key value="GP_HashMD5_C29D87272881305BC9D6C30948C4884C"/> 
            <event value="train.leave"/> 
            <next value="GP_HashMD5_19F580C79B968509ED89549C524BFAC0"/> 
        </xnode> 
        <xnode> 
            <key value="GP_HashMD5_C29D87272881305BC9D6C30948C4884C"/> 
            <event value="train.approach"/> 
            <next value="GP_HashMD5_20828E70005284E82AEADED1DC78609E"/> 
        </xnode> 
        <xnode> 
            <key value="GP_HashMD5_C29D87272881305BC9D6C30948C4884C"/> 
            <event value="gate.down"/> 
            <next value="GP_HashMD5_6ADB156E1388CEE988C8A16086E54D38"/> 
        </xnode> 
        <xnode> 
            <key value="GP_HashMD5_C926C11E6E26FE1FFDE5BE308422375A"/> 
            <event value="train.enter"/> 
            <next value="GP_HashMD5_F75FDF2CD2AAE453E0BA057427A51646"/> 
        </xnode> 
        <xnode> 
            <key value="GP_HashMD5_C926C11E6E26FE1FFDE5BE308422375A"/> 
            <event value="train.approach"/> 
            <next value="GP_HashMD5_AB52173EFC470A8E08D3770CD9389E95"/> 
        </xnode> 
        <xnode> 
            <key value="GP_HashMD5_C926C11E6E26FE1FFDE5BE308422375A"/> 
            <event value="gate.lower"/> 
            <next value="GP_HashMD5_85F147DF5F329182982491C71D21DE73"/> 
        </xnode> 
        <xnode> 
            <key value="GP_HashMD5_C926C11E6E26FE1FFDE5BE308422375A"/> 
            <event value="car.leave"/> 
            <next value="GP_HashMD5_FC88A835E3B68365FBB2962D4F61AA2A"/> 
        </xnode> 
        <xnode> 
            <key value="GP_HashMD5_CA4563F6AA0154FE4CEBAD6CA44F50C3"/> 
            <event value="car.approach"/> 
            <next value="GP_HashMD5_F5010C7D52C7874FB8B064313006F1EE"/> 
        </xnode> 
        <xnode> 
            <key value="GP_HashMD5_CA4563F6AA0154FE4CEBAD6CA44F50C3"/> 
            <event value="train.enter"/> 
            <next value="GP_HashMD5_930BB5B9BE20101A42AFFCA1D738F6FA"/> 
        </xnode> 
        <xnode> 
            <key value="GP_HashMD5_CA4563F6AA0154FE4CEBAD6CA44F50C3"/> 
            <event value="train.leave"/> 
            <next value="GP_HashMD5_6013C4A6DBE1E6969443365CC74D95B2"/> 
        </xnode> 
        <xnode> 
            <key value="GP_HashMD5_CA4563F6AA0154FE4CEBAD6CA44F50C3"/> 
            <event value="gate.down"/> 
            <next value="GP_HashMD5_F275582C51506343D34C9947F5143CC0"/> 
        </xnode> 
        <xnode> 
            <key value="GP_HashMD5_CB675A8960DBFC2B5B0245E7924432DD"/> 
            <event value="train.leave"/> 
            <next value="GP_HashMD5_6808ABB35F756E2961E22A20EFE5806E"/> 
        </xnode> 
        <xnode> 
            <key value="GP_HashMD5_CB675A8960DBFC2B5B0245E7924432DD"/> 
            <event value="train.approach"/> 
            <next value="GP_HashMD5_5735B6CB701CA8C043A257FD058739F7"/> 
        </xnode> 
        <xnode> 
            <key value="GP_HashMD5_CB675A8960DBFC2B5B0245E7924432DD"/> 
            <event value="gate.raise"/> 
            <next value="GP_HashMD5_D5EC2D81F851013C775AD2367F5003F2"/> 
        </xnode> 
        <xnode> 
            <key value="GP_HashMD5_CBA16125B2A0618FF3D709BB8A3F7294"/> 
            <event value="train.enter"/> 
            <next value="GP_HashMD5_B2783581E98FFB8D08C84038B1431AD6"/> 
        </xnode> 
        <xnode> 
            <key value="GP_HashMD5_CBA16125B2A0618FF3D709BB8A3F7294"/> 
            <event value="gate.lower"/> 
            <next value="GP_HashMD5_4653D8C360C138EC6DC5C62C6D47DB91"/> 
        </xnode> 
        <xnode> 
            <key value="GP_HashMD5_CBA16125B2A0618FF3D709BB8A3F7294"/> 
            <event value="car.enter"/> 
            <next value="GP_HashMD5_AB52173EFC470A8E08D3770CD9389E95"/> 
        </xnode> 
        <xnode> 
            <key value="GP_HashMD5_CE0B1C7FB68BE1BD1F4D925E9C6E410D"/> 
            <event value="train.leave"/> 
            <next value="GP_HashMD5_62579E4D78CB7145ED7AADC7492FF225"/> 
        </xnode> 
        <xnode> 
            <key value="GP_HashMD5_CE0B1C7FB68BE1BD1F4D925E9C6E410D"/> 
            <event value="gate.lower"/> 
            <next value="GP_HashMD5_B662B27D3A2BCB16696DAD1092B877CA"/> 
        </xnode> 
        <xnode> 
            <key value="GP_HashMD5_CE0B1C7FB68BE1BD1F4D925E9C6E410D"/> 
            <event value="car.enter"/> 
            <next value="GP_HashMD5_73933DD9F7B4F4AD1D5285EB13568109"/> 
        </xnode> 
        <xnode> 
            <key value="GP_HashMD5_CE6D188F295D453E2EFACBB0E645A0FB"/> 
            <event value="car.approach"/> 
            <next value="GP_HashMD5_D75CF1E265A75584C0FA0629A934421D"/> 
        </xnode> 
        <xnode> 
            <key value="GP_HashMD5_CE6D188F295D453E2EFACBB0E645A0FB"/> 
            <event value="train.enter"/> 
            <next value="GP_HashMD5_F275582C51506343D34C9947F5143CC0"/> 
        </xnode> 
        <xnode> 
            <key value="GP_HashMD5_CE6D188F295D453E2EFACBB0E645A0FB"/> 
            <event value="gate.raise"/> 
            <next value="GP_HashMD5_5E3D338FFEFC7258A0E9838E34FF1120"/> 
        </xnode> 
        <xnode> 
            <key value="GP_HashMD5_CF91F0A5B4AB4CC57A6ACB6B939A07EF"/> 
            <event value="car.approach"/> 
            <next value="GP_HashMD5_BEE8C52B4BBA041BBCBF67AF930A39F9"/> 
        </xnode> 
        <xnode> 
            <key value="GP_HashMD5_CF91F0A5B4AB4CC57A6ACB6B939A07EF"/> 
            <event value="train.enter"/> 
            <next value="GP_HashMD5_C29D87272881305BC9D6C30948C4884C"/> 
        </xnode> 
        <xnode> 
            <key value="GP_HashMD5_CF91F0A5B4AB4CC57A6ACB6B939A07EF"/> 
            <event value="train.approach"/> 
            <next value="GP_HashMD5_5F6BBA038CD4753D648CE021CB4333BF"/> 
        </xnode> 
        <xnode> 
            <key value="GP_HashMD5_CF91F0A5B4AB4CC57A6ACB6B939A07EF"/> 
            <event value="gate.down"/> 
            <next value="GP_HashMD5_B6FE5C5E168A7199BAD69D9FEF9B35A5"/> 
        </xnode> 
        <xnode> 
            <key value="GP_HashMD5_D125E05A8537555C499AB0A08E4A4635"/> 
            <event value="car.approach"/> 
            <next value="GP_HashMD5_B2783581E98FFB8D08C84038B1431AD6"/> 
        </xnode> 
        <xnode> 
            <key value="GP_HashMD5_D125E05A8537555C499AB0A08E4A4635"/> 
            <event value="train.enter"/> 
            <next value="GP_HashMD5_3F6BD3D7C21EF8029D3A9F314A98D0E6"/> 
        </xnode> 
        <xnode> 
            <key value="GP_HashMD5_D125E05A8537555C499AB0A08E4A4635"/> 
            <event value="train.leave"/> 
            <next value="GP_HashMD5_FC88A835E3B68365FBB2962D4F61AA2A"/> 
        </xnode> 
        <xnode> 
            <key value="GP_HashMD5_D125E05A8537555C499AB0A08E4A4635"/> 
            <event value="gate.lower"/> 
            <next value="GP_HashMD5_CA4563F6AA0154FE4CEBAD6CA44F50C3"/> 
        </xnode> 
        <xnode> 
            <key value="GP_HashMD5_D209EFC5DF9850EF5E37100444CFD05F"/> 
            <event value="train.approach"/> 
            <next value="GP_HashMD5_6D684A027FCFE657DC17A87042227801"/> 
        </xnode> 
        <xnode> 
            <key value="GP_HashMD5_D209EFC5DF9850EF5E37100444CFD05F"/> 
            <event value="gate.lower"/> 
            <next value="GP_HashMD5_ABF188AD6F711858A67CB8914AD25361"/> 
        </xnode> 
        <xnode> 
            <key value="GP_HashMD5_D209EFC5DF9850EF5E37100444CFD05F"/> 
            <event value="car.leave"/> 
            <next value="GP_HashMD5_BC768AB46B83724471155311EA472E67"/> 
        </xnode> 
        <xnode> 
            <key value="GP_HashMD5_D29E1E2875D374CBF6CDC4D7596A606B"/> 
            <event value="train.enter"/> 
            <next value="GP_HashMD5_E22D4B3F593FE540CACB8A2D1E28A2A6"/> 
        </xnode> 
        <xnode> 
            <key value="GP_HashMD5_D29E1E2875D374CBF6CDC4D7596A606B"/> 
            <event value="train.leave"/> 
            <next value="GP_HashMD5_85F147DF5F329182982491C71D21DE73"/> 
        </xnode> 
        <xnode> 
            <key value="GP_HashMD5_D29E1E2875D374CBF6CDC4D7596A606B"/> 
            <event value="car.leave"/> 
            <next value="GP_HashMD5_0D2D71D2C2A89E35AE0CCBE8BFC3FC16"/> 
        </xnode> 
        <xnode> 
            <key value="GP_HashMD5_D5EC2D81F851013C775AD2367F5003F2"/> 
            <event value="train.leave"/> 
            <next value="GP_HashMD5_408415484274F5AB615CF48D867E2FB5"/> 
        </xnode> 
        <xnode> 
            <key value="GP_HashMD5_D5EC2D81F851013C775AD2367F5003F2"/> 
            <event value="train.approach"/> 
            <next value="GP_HashMD5_45A9F42C32DF4D56C70FA4F64B4391BD"/> 
        </xnode> 
        <xnode> 
            <key value="GP_HashMD5_D5EC2D81F851013C775AD2367F5003F2"/> 
            <event value="gate.lower"/> 
            <next value="GP_HashMD5_A7C02ACDE179BC568D68BA9CDFD43EA8"/> 
        </xnode> 
        <xnode> 
            <key value="GP_HashMD5_D5EC2D81F851013C775AD2367F5003F2"/> 
            <event value="car.enter"/> 
            <next value="GP_HashMD5_912C888CE06DA9335AB697D9CBFEA7B3"/> 
        </xnode> 
        <xnode> 
            <key value="GP_HashMD5_D75CF1E265A75584C0FA0629A934421D"/> 
            <event value="train.enter"/> 
            <next value="GP_HashMD5_5735B6CB701CA8C043A257FD058739F7"/> 
        </xnode> 
        <xnode> 
            <key value="GP_HashMD5_D75CF1E265A75584C0FA0629A934421D"/> 
            <event value="gate.raise"/> 
            <next value="GP_HashMD5_3E74CBEDEC75EBF82947D9DDFDD94FF7"/> 
        </xnode> 
        <xnode> 
            <key value="GP_HashMD5_DCE3EC2FFE7CDB38BA28F7DF2ED057BE"/> 
            <event value="train.leave"/> 
            <next value="GP_HashMD5_D5EC2D81F851013C775AD2367F5003F2"/> 
        </xnode> 
        <xnode> 
            <key value="GP_HashMD5_DCE3EC2FFE7CDB38BA28F7DF2ED057BE"/> 
            <event value="gate.lower"/> 
            <next value="GP_HashMD5_B662B27D3A2BCB16696DAD1092B877CA"/> 
        </xnode> 
        <xnode> 
            <key value="GP_HashMD5_DCE3EC2FFE7CDB38BA28F7DF2ED057BE"/> 
            <event value="car.enter"/> 
            <next value="GP_HashMD5_8DD32566C207C0ADB72738DD33191FB0"/> 
        </xnode> 
        <xnode> 
            <key value="GP_HashMD5_E0997BB67623AC689586E023902FEE39"/> 
            <event value="car.approach"/> 
            <next value="GP_HashMD5_CB675A8960DBFC2B5B0245E7924432DD"/> 
        </xnode> 
        <xnode> 
            <key value="GP_HashMD5_E0997BB67623AC689586E023902FEE39"/> 
            <event value="train.leave"/> 
            <next value="GP_HashMD5_26F260A2D68D3D360297D2A4CCEE69BF"/> 
        </xnode> 
        <xnode> 
            <key value="GP_HashMD5_E0997BB67623AC689586E023902FEE39"/> 
            <event value="train.approach"/> 
            <next value="GP_HashMD5_F275582C51506343D34C9947F5143CC0"/> 
        </xnode> 
        <xnode> 
            <key value="GP_HashMD5_E0997BB67623AC689586E023902FEE39"/> 
            <event value="gate.raise"/> 
            <next value="GP_HashMD5_F6374B154F0BF4C355479344D7B0C1ED"/> 
        </xnode> 
        <xnode> 
            <key value="GP_HashMD5_E22D4B3F593FE540CACB8A2D1E28A2A6"/> 
            <event value="train.leave"/> 
            <next value="GP_HashMD5_9CB314419970DC7BB9F626339658871B"/> 
        </xnode> 
        <xnode> 
            <key value="GP_HashMD5_E22D4B3F593FE540CACB8A2D1E28A2A6"/> 
            <event value="car.leave"/> 
            <next value="GP_HashMD5_68B1425477C8349391A04F571AAE595A"/> 
        </xnode> 
        <xnode> 
            <key value="GP_HashMD5_E38B4800B206BC3CAC231CEBADB15939"/> 
            <event value="train.approach"/> 
            <next value="GP_HashMD5_91E8492E8D5E7B6718A17287EE73BAD5"/> 
        </xnode> 
        <xnode> 
            <key value="GP_HashMD5_E38B4800B206BC3CAC231CEBADB15939"/> 
            <event value="gate.raise"/> 
            <next value="GP_HashMD5_E6EAC650060544E71403B6A46DF39150"/> 
        </xnode> 
        <xnode> 
            <key value="GP_HashMD5_E56883F8FA19E4BB540708122BC52B95"/> 
            <event value="train.enter"/> 
            <next value="GP_HashMD5_0A3BB5727FB95592C3EB2F72614546EF"/> 
        </xnode> 
        <xnode> 
            <key value="GP_HashMD5_E56883F8FA19E4BB540708122BC52B95"/> 
            <event value="train.approach"/> 
            <next value="GP_HashMD5_2BC3A199C51ACC2960CCA6061F855AA0"/> 
        </xnode> 
        <xnode> 
            <key value="GP_HashMD5_E56883F8FA19E4BB540708122BC52B95"/> 
            <event value="gate.down"/> 
            <next value="GP_HashMD5_91E8492E8D5E7B6718A17287EE73BAD5"/> 
        </xnode> 
        <xnode> 
            <key value="GP_HashMD5_E6EAC650060544E71403B6A46DF39150"/> 
            <event value="train.approach"/> 
            <next value="GP_HashMD5_BC3F4F15912BC7C15C38158286D8D527"/> 
        </xnode> 
        <xnode> 
            <key value="GP_HashMD5_E6EAC650060544E71403B6A46DF39150"/> 
            <event value="gate.lower"/> 
            <next value="GP_HashMD5_67A06CA635C6A69C71D18AA3C05B901B"/> 
        </xnode> 
        <xnode> 
            <key value="GP_HashMD5_E6EAC650060544E71403B6A46DF39150"/> 
            <event value="car.enter"/> 
            <next value="GP_HashMD5_971EAFF3BC8C7909FEEEDB0D2F853727"/> 
        </xnode> 
        <xnode> 
            <key value="GP_HashMD5_EE2718C6A526E5E969A0842705B4D4C8"/> 
            <event value="train.enter"/> 
            <next value="GP_HashMD5_8DD32566C207C0ADB72738DD33191FB0"/> 
        </xnode> 
        <xnode> 
            <key value="GP_HashMD5_EE2718C6A526E5E969A0842705B4D4C8"/> 
            <event value="train.leave"/> 
            <next value="GP_HashMD5_6D684A027FCFE657DC17A87042227801"/> 
        </xnode> 
        <xnode> 
            <key value="GP_HashMD5_EE2718C6A526E5E969A0842705B4D4C8"/> 
            <event value="gate.lower"/> 
            <next value="GP_HashMD5_D29E1E2875D374CBF6CDC4D7596A606B"/> 
        </xnode> 
        <xnode> 
            <key value="GP_HashMD5_EE2718C6A526E5E969A0842705B4D4C8"/> 
            <event value="car.leave"/> 
            <next value="GP_HashMD5_BA91E2A64672A741280965B12AEC4E8B"/> 
        </xnode> 
        <xnode> 
            <key value="GP_HashMD5_EFA923537CD80CFFD9EF0CEAFA90C6D1"/> 
            <event value="train.approach"/> 
            <next value="GP_HashMD5_BEFAAEA3058B612A52EB9A5B4B1DDBD3"/> 
        </xnode> 
        <xnode> 
            <key value="GP_HashMD5_EFA923537CD80CFFD9EF0CEAFA90C6D1"/> 
            <event value="gate.lower"/> 
            <next value="GP_HashMD5_67A06CA635C6A69C71D18AA3C05B901B"/> 
        </xnode> 
        <xnode> 
            <key value="GP_HashMD5_EFA923537CD80CFFD9EF0CEAFA90C6D1"/> 
            <event value="car.enter"/> 
            <next value="GP_HashMD5_2A456D350CCDC9A56DACF2A7E632FE08"/> 
        </xnode> 
        <xnode> 
            <key value="GP_HashMD5_F275582C51506343D34C9947F5143CC0"/> 
            <event value="car.approach"/> 
            <next value="GP_HashMD5_5735B6CB701CA8C043A257FD058739F7"/> 
        </xnode> 
        <xnode> 
            <key value="GP_HashMD5_F275582C51506343D34C9947F5143CC0"/> 
            <event value="train.enter"/> 
            <next value="GP_HashMD5_012F098915B1FBC865114E09D84B2B5B"/> 
        </xnode> 
        <xnode> 
            <key value="GP_HashMD5_F275582C51506343D34C9947F5143CC0"/> 
            <event value="train.leave"/> 
            <next value="GP_HashMD5_FC30A2B17AAC3A77107BE8C8F30ED895"/> 
        </xnode> 
        <xnode> 
            <key value="GP_HashMD5_F275582C51506343D34C9947F5143CC0"/> 
            <event value="gate.raise"/> 
            <next value="GP_HashMD5_BA91E2A64672A741280965B12AEC4E8B"/> 
        </xnode> 
        <xnode> 
            <key value="GP_HashMD5_F5010C7D52C7874FB8B064313006F1EE"/> 
            <event value="train.enter"/> 
            <next value="GP_HashMD5_B662B27D3A2BCB16696DAD1092B877CA"/> 
        </xnode> 
        <xnode> 
            <key value="GP_HashMD5_F5010C7D52C7874FB8B064313006F1EE"/> 
            <event value="train.leave"/> 
            <next value="GP_HashMD5_BEE8C52B4BBA041BBCBF67AF930A39F9"/> 
        </xnode> 
        <xnode> 
            <key value="GP_HashMD5_F5010C7D52C7874FB8B064313006F1EE"/> 
            <event value="gate.down"/> 
            <next value="GP_HashMD5_5735B6CB701CA8C043A257FD058739F7"/> 
        </xnode> 
        <xnode> 
            <key value="GP_HashMD5_F6374B154F0BF4C355479344D7B0C1ED"/> 
            <event value="car.approach"/> 
            <next value="GP_HashMD5_D5EC2D81F851013C775AD2367F5003F2"/> 
        </xnode> 
        <xnode> 
            <key value="GP_HashMD5_F6374B154F0BF4C355479344D7B0C1ED"/> 
            <event value="train.leave"/> 
            <next value="GP_HashMD5_BC768AB46B83724471155311EA472E67"/> 
        </xnode> 
        <xnode> 
            <key value="GP_HashMD5_F6374B154F0BF4C355479344D7B0C1ED"/> 
            <event value="train.approach"/> 
            <next value="GP_HashMD5_BA91E2A64672A741280965B12AEC4E8B"/> 
        </xnode> 
        <xnode> 
            <key value="GP_HashMD5_F6374B154F0BF4C355479344D7B0C1ED"/> 
            <event value="gate.lower"/> 
            <next value="GP_HashMD5_C0AFEF9034742FEC51503DF0B4602F75"/> 
        </xnode> 
        <xnode> 
            <key value="GP_HashMD5_F75FDF2CD2AAE453E0BA057427A51646"/> 
            <event value="train.leave"/> 
            <next value="GP_HashMD5_6967D8396C6132F53EEA7FAFF2D0A0D3"/> 
        </xnode> 
        <xnode> 
            <key value="GP_HashMD5_F75FDF2CD2AAE453E0BA057427A51646"/> 
            <event value="train.approach"/> 
            <next value="GP_HashMD5_3924B6969464F21965071E83230DC66A"/> 
        </xnode> 
        <xnode> 
            <key value="GP_HashMD5_F75FDF2CD2AAE453E0BA057427A51646"/> 
            <event value="gate.lower"/> 
            <next value="GP_HashMD5_9CB314419970DC7BB9F626339658871B"/> 
        </xnode> 
        <xnode> 
            <key value="GP_HashMD5_F75FDF2CD2AAE453E0BA057427A51646"/> 
            <event value="car.leave"/> 
            <next value="GP_HashMD5_06A28C526A01B5E2805D6A1AF7067C84"/> 
        </xnode> 
        <xnode> 
            <key value="GP_HashMD5_F906D22E75B86D548C0A7080595BCE6A"/> 
            <event value="car.approach"/> 
            <next value="GP_HashMD5_CBA16125B2A0618FF3D709BB8A3F7294"/> 
        </xnode> 
        <xnode> 
            <key value="GP_HashMD5_F906D22E75B86D548C0A7080595BCE6A"/> 
            <event value="train.enter"/> 
            <next value="GP_HashMD5_D125E05A8537555C499AB0A08E4A4635"/> 
        </xnode> 
        <xnode> 
            <key value="GP_HashMD5_F906D22E75B86D548C0A7080595BCE6A"/> 
            <event value="gate.lower"/> 
            <next value="GP_HashMD5_0B0C807AA5DBF41E8C95745DCFCCD23D"/> 
        </xnode> 
        <xnode> 
            <key value="GP_HashMD5_FAA8F41FA4DAB22E29C83EDEB47561A7"/> 
            <event value="car.approach"/> 
            <next value="GP_HashMD5_52731448C07C64CCC9BB218819980C65"/> 
        </xnode> 
        <xnode> 
            <key value="GP_HashMD5_FAA8F41FA4DAB22E29C83EDEB47561A7"/> 
            <event value="train.approach"/> 
            <next value="GP_HashMD5_B6FE5C5E168A7199BAD69D9FEF9B35A5"/> 
        </xnode> 
        <xnode> 
            <key value="GP_HashMD5_FAA8F41FA4DAB22E29C83EDEB47561A7"/> 
            <event value="gate.raise"/> 
            <next value="GP_HashMD5_72BF5BC6414CC5E395825CE06E56B29F"/> 
        </xnode> 
        <xnode> 
            <key value="GP_HashMD5_FC30A2B17AAC3A77107BE8C8F30ED895"/> 
            <event value="car.approach"/> 
            <next value="GP_HashMD5_A4C9A6F56912DDBB994044D796D09D47"/> 
        </xnode> 
        <xnode> 
            <key value="GP_HashMD5_FC30A2B17AAC3A77107BE8C8F30ED895"/> 
            <event value="train.enter"/> 
            <next value="GP_HashMD5_E0997BB67623AC689586E023902FEE39"/> 
        </xnode> 
        <xnode> 
            <key value="GP_HashMD5_FC30A2B17AAC3A77107BE8C8F30ED895"/> 
            <event value="train.approach"/> 
            <next value="GP_HashMD5_CE6D188F295D453E2EFACBB0E645A0FB"/> 
        </xnode> 
        <xnode> 
            <key value="GP_HashMD5_FC30A2B17AAC3A77107BE8C8F30ED895"/> 
            <event value="gate.raise"/> 
            <next value="GP_HashMD5_8A7D30E492A900489FE8B5B1D3A4F8BD"/> 
        </xnode> 
        <xnode> 
            <key value="GP_HashMD5_FC88A835E3B68365FBB2962D4F61AA2A"/> 
            <event value="car.approach"/> 
            <next value="GP_HashMD5_BEFAAEA3058B612A52EB9A5B4B1DDBD3"/> 
        </xnode> 
        <xnode> 
            <key value="GP_HashMD5_FC88A835E3B68365FBB2962D4F61AA2A"/> 
            <event value="train.enter"/> 
            <next value="GP_HashMD5_06A28C526A01B5E2805D6A1AF7067C84"/> 
        </xnode> 
        <xnode> 
            <key value="GP_HashMD5_FC88A835E3B68365FBB2962D4F61AA2A"/> 
            <event value="train.approach"/> 
            <next value="GP_HashMD5_F906D22E75B86D548C0A7080595BCE6A"/> 
        </xnode> 
        <xnode> 
            <key value="GP_HashMD5_FC88A835E3B68365FBB2962D4F61AA2A"/> 
            <event value="gate.lower"/> 
            <next value="GP_HashMD5_6013C4A6DBE1E6969443365CC74D95B2"/> 
        </xnode> 
        <xnode> 
            <key value="GP_HashMD5_FECE1710D2C1EA520CAD819D1726F373"/> 
            <event value="train.leave"/> 
            <next value="GP_HashMD5_140CAC37C90FCCA25C14D2D3EB2074C3"/> 
        </xnode> 
        <xnode> 
            <key value="GP_HashMD5_FECE1710D2C1EA520CAD819D1726F373"/> 
            <event value="train.approach"/> 
            <next value="GP_HashMD5_AFDBC03361B03E88A954136B506A38BA"/> 
        </xnode> 
        <xnode> 
            <key value="GP_HashMD5_FECE1710D2C1EA520CAD819D1726F373"/> 
            <event value="gate.raise"/> 
            <next value="GP_HashMD5_D5EC2D81F851013C775AD2367F5003F2"/> 
        </xnode> 
        <xnode> 
            <key value="GP_HashMD5_FF766EEB9A99814D9782F15F4F284B6A"/> 
            <event value="car.approach"/> 
            <next value="GP_HashMD5_FECE1710D2C1EA520CAD819D1726F373"/> 
        </xnode> 
        <xnode> 
            <key value="GP_HashMD5_FF766EEB9A99814D9782F15F4F284B6A"/> 
            <event value="train.leave"/> 
            <next value="GP_HashMD5_9041F860197B59B72D0434EA3A363B44"/> 
        </xnode> 
        <xnode> 
            <key value="GP_HashMD5_FF766EEB9A99814D9782F15F4F284B6A"/> 
            <event value="train.approach"/> 
            <next value="GP_HashMD5_BEB679683318E92CCEEC6A7A85137BBA"/> 
        </xnode> 
        <xnode> 
            <key value="GP_HashMD5_FF766EEB9A99814D9782F15F4F284B6A"/> 
            <event value="gate.raise"/> 
            <next value="GP_HashMD5_F6374B154F0BF4C355479344D7B0C1ED"/> 
        </xnode> 
    </xnodes> 
</specification>