<specification name="birthdayBook.tex">
    <initialXNodes> 
        <initialXNode> 
            <ikey value="0"/> 
        </initialNNode> 
        <initialXNode> 
            <ikey value="0"/> 
        </initialNNode> 
        <initialXNode> 
            <ikey value="0"/> 
        </initialNNode> 
        <initialXNode> 
            <ikey value="0"/> 
        </initialNNode> 
    </initialXnodes> 

    <xnodes> 
        <xnode> 
            <key value="0"/> 
            <event value="$initialise_machine"/> 
            <next value="12"/> 
        </xnode> 
        <xnode> 
            <key value="0"/> 
            <event value="$initialise_machine"/> 
            <next value="13"/> 
        </xnode> 
        <xnode> 
            <key value="0"/> 
            <event value="$initialise_machine"/> 
            <next value="4"/> 
        </xnode> 
        <xnode> 
            <key value="3"/> 
            <event value="$initialise_machine"/> 
            <next value="4"/> 
        </xnode> 
        <xnode> 
            <key value="0"/> 
            <event value="$initialise_machine"/> 
            <next value="5"/> 
        </xnode> 
        <xnode> 
            <key value="4"/> 
            <event value="AddBirthday(DATE1,NAME1)"/> 
            <next value="6"/> 
        </xnode> 
        <xnode> 
            <key value="4"/> 
            <event value="AddBirthday(DATE2,NAME1)"/> 
            <next value="7"/> 
        </xnode> 
        <xnode> 
            <key value="4"/> 
            <event value="AddBirthday(DATE1,NAME2)"/> 
            <next value="8"/> 
        </xnode> 
        <xnode> 
            <key value="4"/> 
            <event value="AddBirthday(DATE2,NAME2)"/> 
            <next value="9"/> 
        </xnode> 
        <xnode> 
            <key value="9"/> 
            <event value="AddBirthday(DATE1,NAME1)"/> 
            <next value="10"/> 
        </xnode> 
        <xnode> 
            <key value="9"/> 
            <event value="AddBirthday(DATE2,NAME1)"/> 
            <next value="11"/> 
        </xnode> 
        <xnode> 
            <key value="1"/> 
            <event value="$initialise_machine"/> 
            <next value="12"/> 
        </xnode> 
        <xnode> 
            <key value="2"/> 
            <event value="$initialise_machine"/> 
            <next value="13"/> 
        </xnode> 
        <xnode> 
            <key value="8"/> 
            <event value="AddBirthday(DATE1,NAME1)"/> 
            <next value="14"/> 
        </xnode> 
        <xnode> 
            <key value="8"/> 
            <event value="AddBirthday(DATE2,NAME1)"/> 
            <next value="15"/> 
        </xnode> 
        <xnode> 
            <key value="6"/> 
            <event value="AddBirthday(DATE1,NAME2)"/> 
            <next value="14"/> 
        </xnode> 
        <xnode> 
            <key value="6"/> 
            <event value="AddBirthday(DATE2,NAME2)"/> 
            <next value="10"/> 
        </xnode> 
        <xnode> 
            <key value="7"/> 
            <event value="AddBirthday(DATE1,NAME2)"/> 
            <next value="15"/> 
        </xnode> 
        <xnode> 
            <key value="7"/> 
            <event value="AddBirthday(DATE2,NAME2)"/> 
            <next value="11"/> 
        </xnode> 
        <xnode> 
            <key value="12"/> 
            <event value="AddBirthday(DATE1,NAME1)"/> 
            <next value="16"/> 
        </xnode> 
        <xnode> 
            <key value="12"/> 
            <event value="AddBirthday(DATE2,NAME1)"/> 
            <next value="17"/> 
        </xnode> 
        <xnode> 
            <key value="12"/> 
            <event value="AddBirthday(DATE1,NAME2)"/> 
            <next value="18"/> 
        </xnode> 
        <xnode> 
            <key value="12"/> 
            <event value="AddBirthday(DATE2,NAME2)"/> 
            <next value="19"/> 
        </xnode> 
        <xnode> 
            <key value="13"/> 
            <event value="AddBirthday(DATE1,NAME1)"/> 
            <next value="20"/> 
        </xnode> 
        <xnode> 
            <key value="13"/> 
            <event value="AddBirthday(DATE2,NAME1)"/> 
            <next value="21"/> 
        </xnode> 
        <xnode> 
            <key value="13"/> 
            <event value="AddBirthday(DATE1,NAME2)"/> 
            <next value="22"/> 
        </xnode> 
        <xnode> 
            <key value="13"/> 
            <event value="AddBirthday(DATE2,NAME2)"/> 
            <next value="23"/> 
        </xnode> 
        <xnode> 
            <key value="20"/> 
            <event value="AddBirthday(DATE1,NAME2)"/> 
            <next value="24"/> 
        </xnode> 
        <xnode> 
            <key value="20"/> 
            <event value="AddBirthday(DATE2,NAME2)"/> 
            <next value="25"/> 
        </xnode> 
        <xnode> 
            <key value="21"/> 
            <event value="AddBirthday(DATE1,NAME2)"/> 
            <next value="26"/> 
        </xnode> 
        <xnode> 
            <key value="21"/> 
            <event value="AddBirthday(DATE2,NAME2)"/> 
            <next value="27"/> 
        </xnode> 
        <xnode> 
            <key value="22"/> 
            <event value="AddBirthday(DATE1,NAME1)"/> 
            <next value="24"/> 
        </xnode> 
        <xnode> 
            <key value="22"/> 
            <event value="AddBirthday(DATE2,NAME1)"/> 
            <next value="26"/> 
        </xnode> 
        <xnode> 
            <key value="23"/> 
            <event value="AddBirthday(DATE1,NAME1)"/> 
            <next value="25"/> 
        </xnode> 
        <xnode> 
            <key value="23"/> 
            <event value="AddBirthday(DATE2,NAME1)"/> 
            <next value="27"/> 
        </xnode> 
    </xnodes> 
</specification>