<specification name="dining.tex">
    <initialXNodes> 
        <initialXNode> 
            <ikey value="0"/> 
        </initialNNode> 
        <initialXNode> 
            <ikey value="0"/> 
        </initialNNode> 
        <initialXNode> 
            <ikey value="0"/> 
        </initialNNode> 
        <initialXNode> 
            <ikey value="0"/> 
        </initialNNode> 
    </initialXnodes> 

    <xnodes> 
        <xnode> 
            <key value="0"/> 
            <event value="$initialise_machine"/> 
            <next value="18"/> 
        </xnode> 
        <xnode> 
            <key value="0"/> 
            <event value="$initialise_machine"/> 
            <next value="20"/> 
        </xnode> 
        <xnode> 
            <key value="0"/> 
            <event value="$initialise_machine"/> 
            <next value="4"/> 
        </xnode> 
        <xnode> 
            <key value="3"/> 
            <event value="$initialise_machine"/> 
            <next value="4"/> 
        </xnode> 
        <xnode> 
            <key value="0"/> 
            <event value="$initialise_machine"/> 
            <next value="5"/> 
        </xnode> 
        <xnode> 
            <key value="4"/> 
            <event value="TakeLeftFork(f1,p1)"/> 
            <next value="6"/> 
        </xnode> 
        <xnode> 
            <key value="4"/> 
            <event value="TakeLeftFork(f2,p3)"/> 
            <next value="7"/> 
        </xnode> 
        <xnode> 
            <key value="4"/> 
            <event value="TakeLeftFork(f3,p2)"/> 
            <next value="8"/> 
        </xnode> 
        <xnode> 
            <key value="4"/> 
            <event value="TakeRightFork(f1,p3)"/> 
            <next value="9"/> 
        </xnode> 
        <xnode> 
            <key value="4"/> 
            <event value="TakeRightFork(f2,p2)"/> 
            <next value="10"/> 
        </xnode> 
        <xnode> 
            <key value="4"/> 
            <event value="TakeRightFork(f3,p1)"/> 
            <next value="11"/> 
        </xnode> 
        <xnode> 
            <key value="11"/> 
            <event value="TakeLeftFork(f1,p1)"/> 
            <next value="12"/> 
        </xnode> 
        <xnode> 
            <key value="11"/> 
            <event value="TakeLeftFork(f2,p3)"/> 
            <next value="13"/> 
        </xnode> 
        <xnode> 
            <key value="11"/> 
            <event value="TakeRightFork(f1,p3)"/> 
            <next value="14"/> 
        </xnode> 
        <xnode> 
            <key value="11"/> 
            <event value="TakeRightFork(f2,p2)"/> 
            <next value="15"/> 
        </xnode> 
        <xnode> 
            <key value="11"/> 
            <event value="DropFork(f3,p1)"/> 
            <next value="4"/> 
        </xnode> 
        <xnode> 
            <key value="15"/> 
            <event value="TakeLeftFork(f1,p1)"/> 
            <next value="16"/> 
        </xnode> 
        <xnode> 
            <key value="15"/> 
            <event value="TakeRightFork(f1,p3)"/> 
            <next value="17"/> 
        </xnode> 
        <xnode> 
            <key value="15"/> 
            <event value="DropFork(f2,p2)"/> 
            <next value="11"/> 
        </xnode> 
        <xnode> 
            <key value="15"/> 
            <event value="DropFork(f3,p1)"/> 
            <next value="10"/> 
        </xnode> 
        <xnode> 
            <key value="1"/> 
            <event value="$initialise_machine"/> 
            <next value="18"/> 
        </xnode> 
        <xnode> 
            <key value="17"/> 
            <event value="DropFork(f1,p3)"/> 
            <next value="15"/> 
        </xnode> 
        <xnode> 
            <key value="17"/> 
            <event value="DropFork(f2,p2)"/> 
            <next value="14"/> 
        </xnode> 
        <xnode> 
            <key value="17"/> 
            <event value="DropFork(f3,p1)"/> 
            <next value="19"/> 
        </xnode> 
        <xnode> 
            <key value="2"/> 
            <event value="$initialise_machine"/> 
            <next value="20"/> 
        </xnode> 
        <xnode> 
            <key value="5"/> 
            <event value="TakeLeftFork(f1,p1)"/> 
            <next value="21"/> 
        </xnode> 
        <xnode> 
            <key value="5"/> 
            <event value="TakeLeftFork(f2,p3)"/> 
            <next value="22"/> 
        </xnode> 
        <xnode> 
            <key value="5"/> 
            <event value="TakeLeftFork(f3,p2)"/> 
            <next value="23"/> 
        </xnode> 
        <xnode> 
            <key value="5"/> 
            <event value="TakeRightFork(f1,p2)"/> 
            <next value="24"/> 
        </xnode> 
        <xnode> 
            <key value="5"/> 
            <event value="TakeRightFork(f2,p1)"/> 
            <next value="25"/> 
        </xnode> 
        <xnode> 
            <key value="5"/> 
            <event value="TakeRightFork(f3,p3)"/> 
            <next value="26"/> 
        </xnode> 
        <xnode> 
            <key value="23"/> 
            <event value="TakeLeftFork(f1,p1)"/> 
            <next value="27"/> 
        </xnode> 
        <xnode> 
            <key value="23"/> 
            <event value="TakeLeftFork(f2,p3)"/> 
            <next value="28"/> 
        </xnode> 
        <xnode> 
            <key value="23"/> 
            <event value="TakeRightFork(f1,p2)"/> 
            <next value="29"/> 
        </xnode> 
        <xnode> 
            <key value="23"/> 
            <event value="TakeRightFork(f2,p1)"/> 
            <next value="30"/> 
        </xnode> 
        <xnode> 
            <key value="23"/> 
            <event value="DropFork(f3,p2)"/> 
            <next value="5"/> 
        </xnode> 
        <xnode> 
            <key value="6"/> 
            <event value="TakeLeftFork(f2,p3)"/> 
            <next value="31"/> 
        </xnode> 
        <xnode> 
            <key value="6"/> 
            <event value="TakeLeftFork(f3,p2)"/> 
            <next value="32"/> 
        </xnode> 
        <xnode> 
            <key value="6"/> 
            <event value="TakeRightFork(f2,p2)"/> 
            <next value="33"/> 
        </xnode> 
        <xnode> 
            <key value="6"/> 
            <event value="TakeRightFork(f3,p1)"/> 
            <next value="12"/> 
        </xnode> 
        <xnode> 
            <key value="6"/> 
            <event value="DropFork(f1,p1)"/> 
            <next value="4"/> 
        </xnode> 
        <xnode> 
            <key value="7"/> 
            <event value="TakeLeftFork(f1,p1)"/> 
            <next value="31"/> 
        </xnode> 
        <xnode> 
            <key value="7"/> 
            <event value="TakeLeftFork(f3,p2)"/> 
            <next value="34"/> 
        </xnode> 
        <xnode> 
            <key value="7"/> 
            <event value="TakeRightFork(f1,p3)"/> 
            <next value="35"/> 
        </xnode> 
        <xnode> 
            <key value="7"/> 
            <event value="TakeRightFork(f3,p1)"/> 
            <next value="13"/> 
        </xnode> 
        <xnode> 
            <key value="7"/> 
            <event value="DropFork(f2,p3)"/> 
            <next value="4"/> 
        </xnode> 
        <xnode> 
            <key value="8"/> 
            <event value="TakeLeftFork(f1,p1)"/> 
            <next value="32"/> 
        </xnode> 
        <xnode> 
            <key value="8"/> 
            <event value="TakeLeftFork(f2,p3)"/> 
            <next value="34"/> 
        </xnode> 
        <xnode> 
            <key value="8"/> 
            <event value="TakeRightFork(f1,p3)"/> 
            <next value="36"/> 
        </xnode> 
        <xnode> 
            <key value="8"/> 
            <event value="TakeRightFork(f2,p2)"/> 
            <next value="37"/> 
        </xnode> 
        <xnode> 
            <key value="8"/> 
            <event value="DropFork(f3,p2)"/> 
            <next value="4"/> 
        </xnode> 
        <xnode> 
            <key value="30"/> 
            <event value="TakeLeftFork(f1,p1)"/> 
            <next value="38"/> 
        </xnode> 
        <xnode> 
            <key value="30"/> 
            <event value="TakeRightFork(f1,p2)"/> 
            <next value="39"/> 
        </xnode> 
        <xnode> 
            <key value="30"/> 
            <event value="DropFork(f2,p1)"/> 
            <next value="23"/> 
        </xnode> 
        <xnode> 
            <key value="30"/> 
            <event value="DropFork(f3,p2)"/> 
            <next value="25"/> 
        </xnode> 
        <xnode> 
            <key value="39"/> 
            <event value="DropFork(f1,p2)"/> 
            <next value="30"/> 
        </xnode> 
        <xnode> 
            <key value="39"/> 
            <event value="DropFork(f2,p1)"/> 
            <next value="29"/> 
        </xnode> 
        <xnode> 
            <key value="39"/> 
            <event value="DropFork(f3,p2)"/> 
            <next value="40"/> 
        </xnode> 
        <xnode> 
            <key value="9"/> 
            <event value="TakeLeftFork(f2,p3)"/> 
            <next value="35"/> 
        </xnode> 
        <xnode> 
            <key value="9"/> 
            <event value="TakeLeftFork(f3,p2)"/> 
            <next value="36"/> 
        </xnode> 
        <xnode> 
            <key value="9"/> 
            <event value="TakeRightFork(f2,p2)"/> 
            <next value="19"/> 
        </xnode> 
        <xnode> 
            <key value="9"/> 
            <event value="TakeRightFork(f3,p1)"/> 
            <next value="14"/> 
        </xnode> 
        <xnode> 
            <key value="9"/> 
            <event value="DropFork(f1,p3)"/> 
            <next value="4"/> 
        </xnode> 
        <xnode> 
            <key value="40"/> 
            <event value="TakeLeftFork(f3,p2)"/> 
            <next value="39"/> 
        </xnode> 
        <xnode> 
            <key value="40"/> 
            <event value="TakeRightFork(f3,p3)"/> 
            <next value="41"/> 
        </xnode> 
        <xnode> 
            <key value="40"/> 
            <event value="DropFork(f1,p2)"/> 
            <next value="25"/> 
        </xnode> 
        <xnode> 
            <key value="40"/> 
            <event value="DropFork(f2,p1)"/> 
            <next value="24"/> 
        </xnode> 
        <xnode> 
            <key value="41"/> 
            <event value="DropFork(f1,p2)"/> 
            <next value="42"/> 
        </xnode> 
        <xnode> 
            <key value="41"/> 
            <event value="DropFork(f2,p1)"/> 
            <next value="43"/> 
        </xnode> 
        <xnode> 
            <key value="41"/> 
            <event value="DropFork(f3,p3)"/> 
            <next value="40"/> 
        </xnode> 
        <xnode> 
            <key value="10"/> 
            <event value="TakeLeftFork(f1,p1)"/> 
            <next value="33"/> 
        </xnode> 
        <xnode> 
            <key value="10"/> 
            <event value="TakeLeftFork(f3,p2)"/> 
            <next value="37"/> 
        </xnode> 
        <xnode> 
            <key value="10"/> 
            <event value="TakeRightFork(f1,p3)"/> 
            <next value="19"/> 
        </xnode> 
        <xnode> 
            <key value="10"/> 
            <event value="TakeRightFork(f3,p1)"/> 
            <next value="15"/> 
        </xnode> 
        <xnode> 
            <key value="10"/> 
            <event value="DropFork(f2,p2)"/> 
            <next value="4"/> 
        </xnode> 
        <xnode> 
            <key value="43"/> 
            <event value="TakeLeftFork(f2,p3)"/> 
            <next value="44"/> 
        </xnode> 
        <xnode> 
            <key value="43"/> 
            <event value="TakeRightFork(f2,p1)"/> 
            <next value="41"/> 
        </xnode> 
        <xnode> 
            <key value="43"/> 
            <event value="DropFork(f1,p2)"/> 
            <next value="26"/> 
        </xnode> 
        <xnode> 
            <key value="43"/> 
            <event value="DropFork(f3,p3)"/> 
            <next value="24"/> 
        </xnode> 
        <xnode> 
            <key value="12"/> 
            <event value="TakeLeftFork(f2,p3)"/> 
            <next value="45"/> 
        </xnode> 
        <xnode> 
            <key value="12"/> 
            <event value="TakeRightFork(f2,p2)"/> 
            <next value="16"/> 
        </xnode> 
        <xnode> 
            <key value="12"/> 
            <event value="DropFork(f1,p1)"/> 
            <next value="11"/> 
        </xnode> 
        <xnode> 
            <key value="12"/> 
            <event value="DropFork(f3,p1)"/> 
            <next value="6"/> 
        </xnode> 
        <xnode> 
            <key value="44"/> 
            <event value="DropFork(f1,p2)"/> 
            <next value="46"/> 
        </xnode> 
        <xnode> 
            <key value="44"/> 
            <event value="DropFork(f2,p3)"/> 
            <next value="43"/> 
        </xnode> 
        <xnode> 
            <key value="44"/> 
            <event value="DropFork(f3,p3)"/> 
            <next value="47"/> 
        </xnode> 
        <xnode> 
            <key value="13"/> 
            <event value="TakeLeftFork(f1,p1)"/> 
            <next value="45"/> 
        </xnode> 
        <xnode> 
            <key value="13"/> 
            <event value="TakeRightFork(f1,p3)"/> 
            <next value="48"/> 
        </xnode> 
        <xnode> 
            <key value="13"/> 
            <event value="DropFork(f2,p3)"/> 
            <next value="11"/> 
        </xnode> 
        <xnode> 
            <key value="13"/> 
            <event value="DropFork(f3,p1)"/> 
            <next value="7"/> 
        </xnode> 
        <xnode> 
            <key value="14"/> 
            <event value="TakeLeftFork(f2,p3)"/> 
            <next value="48"/> 
        </xnode> 
        <xnode> 
            <key value="14"/> 
            <event value="TakeRightFork(f2,p2)"/> 
            <next value="17"/> 
        </xnode> 
        <xnode> 
            <key value="14"/> 
            <event value="DropFork(f1,p3)"/> 
            <next value="11"/> 
        </xnode> 
        <xnode> 
            <key value="14"/> 
            <event value="DropFork(f3,p1)"/> 
            <next value="9"/> 
        </xnode> 
        <xnode> 
            <key value="47"/> 
            <event value="TakeLeftFork(f3,p2)"/> 
            <next value="49"/> 
        </xnode> 
        <xnode> 
            <key value="47"/> 
            <event value="TakeRightFork(f3,p3)"/> 
            <next value="44"/> 
        </xnode> 
        <xnode> 
            <key value="47"/> 
            <event value="DropFork(f1,p2)"/> 
            <next value="22"/> 
        </xnode> 
        <xnode> 
            <key value="47"/> 
            <event value="DropFork(f2,p3)"/> 
            <next value="24"/> 
        </xnode> 
        <xnode> 
            <key value="49"/> 
            <event value="DropFork(f1,p2)"/> 
            <next value="28"/> 
        </xnode> 
        <xnode> 
            <key value="49"/> 
            <event value="DropFork(f2,p3)"/> 
            <next value="29"/> 
        </xnode> 
        <xnode> 
            <key value="49"/> 
            <event value="DropFork(f3,p2)"/> 
            <next value="47"/> 
        </xnode> 
        <xnode> 
            <key value="46"/> 
            <event value="TakeLeftFork(f1,p1)"/> 
            <next value="50"/> 
        </xnode> 
        <xnode> 
            <key value="46"/> 
            <event value="TakeRightFork(f1,p2)"/> 
            <next value="44"/> 
        </xnode> 
        <xnode> 
            <key value="46"/> 
            <event value="DropFork(f2,p3)"/> 
            <next value="26"/> 
        </xnode> 
        <xnode> 
            <key value="46"/> 
            <event value="DropFork(f3,p3)"/> 
            <next value="22"/> 
        </xnode> 
        <xnode> 
            <key value="50"/> 
            <event value="DropFork(f1,p1)"/> 
            <next value="46"/> 
        </xnode> 
        <xnode> 
            <key value="50"/> 
            <event value="DropFork(f2,p3)"/> 
            <next value="51"/> 
        </xnode> 
        <xnode> 
            <key value="50"/> 
            <event value="DropFork(f3,p3)"/> 
            <next value="52"/> 
        </xnode> 
        <xnode> 
            <key value="52"/> 
            <event value="TakeLeftFork(f3,p2)"/> 
            <next value="53"/> 
        </xnode> 
        <xnode> 
            <key value="52"/> 
            <event value="TakeRightFork(f3,p3)"/> 
            <next value="50"/> 
        </xnode> 
        <xnode> 
            <key value="52"/> 
            <event value="DropFork(f1,p1)"/> 
            <next value="22"/> 
        </xnode> 
        <xnode> 
            <key value="52"/> 
            <event value="DropFork(f2,p3)"/> 
            <next value="21"/> 
        </xnode> 
        <xnode> 
            <key value="53"/> 
            <event value="DropFork(f1,p1)"/> 
            <next value="28"/> 
        </xnode> 
        <xnode> 
            <key value="53"/> 
            <event value="DropFork(f2,p3)"/> 
            <next value="27"/> 
        </xnode> 
        <xnode> 
            <key value="53"/> 
            <event value="DropFork(f3,p2)"/> 
            <next value="52"/> 
        </xnode> 
        <xnode> 
            <key value="16"/> 
            <event value="DropFork(f1,p1)"/> 
            <next value="15"/> 
        </xnode> 
        <xnode> 
            <key value="16"/> 
            <event value="DropFork(f2,p2)"/> 
            <next value="12"/> 
        </xnode> 
        <xnode> 
            <key value="16"/> 
            <event value="DropFork(f3,p1)"/> 
            <next value="33"/> 
        </xnode> 
        <xnode> 
            <key value="51"/> 
            <event value="TakeLeftFork(f2,p3)"/> 
            <next value="50"/> 
        </xnode> 
        <xnode> 
            <key value="51"/> 
            <event value="TakeRightFork(f2,p1)"/> 
            <next value="54"/> 
        </xnode> 
        <xnode> 
            <key value="51"/> 
            <event value="DropFork(f1,p1)"/> 
            <next value="26"/> 
        </xnode> 
        <xnode> 
            <key value="51"/> 
            <event value="DropFork(f3,p3)"/> 
            <next value="21"/> 
        </xnode> 
        <xnode> 
            <key value="54"/> 
            <event value="DropFork(f1,p1)"/> 
            <next value="42"/> 
        </xnode> 
        <xnode> 
            <key value="54"/> 
            <event value="DropFork(f2,p1)"/> 
            <next value="51"/> 
        </xnode> 
        <xnode> 
            <key value="54"/> 
            <event value="DropFork(f3,p3)"/> 
            <next value="55"/> 
        </xnode> 
        <xnode> 
            <key value="18"/> 
            <event value="TakeLeftFork(f1,p1)"/> 
            <next value="56"/> 
        </xnode> 
        <xnode> 
            <key value="18"/> 
            <event value="TakeLeftFork(f2,p2)"/> 
            <next value="57"/> 
        </xnode> 
        <xnode> 
            <key value="18"/> 
            <event value="TakeLeftFork(f3,p3)"/> 
            <next value="58"/> 
        </xnode> 
        <xnode> 
            <key value="18"/> 
            <event value="TakeRightFork(f1,p3)"/> 
            <next value="59"/> 
        </xnode> 
        <xnode> 
            <key value="18"/> 
            <event value="TakeRightFork(f2,p1)"/> 
            <next value="60"/> 
        </xnode> 
        <xnode> 
            <key value="18"/> 
            <event value="TakeRightFork(f3,p2)"/> 
            <next value="61"/> 
        </xnode> 
        <xnode> 
            <key value="55"/> 
            <event value="TakeLeftFork(f3,p2)"/> 
            <next value="38"/> 
        </xnode> 
        <xnode> 
            <key value="55"/> 
            <event value="TakeRightFork(f3,p3)"/> 
            <next value="54"/> 
        </xnode> 
        <xnode> 
            <key value="55"/> 
            <event value="DropFork(f1,p1)"/> 
            <next value="25"/> 
        </xnode> 
        <xnode> 
            <key value="55"/> 
            <event value="DropFork(f2,p1)"/> 
            <next value="21"/> 
        </xnode> 
        <xnode> 
            <key value="42"/> 
            <event value="TakeLeftFork(f1,p1)"/> 
            <next value="54"/> 
        </xnode> 
        <xnode> 
            <key value="42"/> 
            <event value="TakeRightFork(f1,p2)"/> 
            <next value="41"/> 
        </xnode> 
        <xnode> 
            <key value="42"/> 
            <event value="DropFork(f2,p1)"/> 
            <next value="26"/> 
        </xnode> 
        <xnode> 
            <key value="42"/> 
            <event value="DropFork(f3,p3)"/> 
            <next value="25"/> 
        </xnode> 
        <xnode> 
            <key value="38"/> 
            <event value="DropFork(f1,p1)"/> 
            <next value="30"/> 
        </xnode> 
        <xnode> 
            <key value="38"/> 
            <event value="DropFork(f2,p1)"/> 
            <next value="27"/> 
        </xnode> 
        <xnode> 
            <key value="38"/> 
            <event value="DropFork(f3,p2)"/> 
            <next value="55"/> 
        </xnode> 
        <xnode> 
            <key value="29"/> 
            <event value="TakeLeftFork(f2,p3)"/> 
            <next value="49"/> 
        </xnode> 
        <xnode> 
            <key value="29"/> 
            <event value="TakeRightFork(f2,p1)"/> 
            <next value="39"/> 
        </xnode> 
        <xnode> 
            <key value="29"/> 
            <event value="DropFork(f1,p2)"/> 
            <next value="23"/> 
        </xnode> 
        <xnode> 
            <key value="29"/> 
            <event value="DropFork(f3,p2)"/> 
            <next value="24"/> 
        </xnode> 
        <xnode> 
            <key value="28"/> 
            <event value="TakeLeftFork(f1,p1)"/> 
            <next value="53"/> 
        </xnode> 
        <xnode> 
            <key value="28"/> 
            <event value="TakeRightFork(f1,p2)"/> 
            <next value="49"/> 
        </xnode> 
        <xnode> 
            <key value="28"/> 
            <event value="DropFork(f2,p3)"/> 
            <next value="23"/> 
        </xnode> 
        <xnode> 
            <key value="28"/> 
            <event value="DropFork(f3,p2)"/> 
            <next value="22"/> 
        </xnode> 
        <xnode> 
            <key value="27"/> 
            <event value="TakeLeftFork(f2,p3)"/> 
            <next value="53"/> 
        </xnode> 
        <xnode> 
            <key value="27"/> 
            <event value="TakeRightFork(f2,p1)"/> 
            <next value="38"/> 
        </xnode> 
        <xnode> 
            <key value="27"/> 
            <event value="DropFork(f1,p1)"/> 
            <next value="23"/> 
        </xnode> 
        <xnode> 
            <key value="27"/> 
            <event value="DropFork(f3,p2)"/> 
            <next value="21"/> 
        </xnode> 
        <xnode> 
            <key value="19"/> 
            <event value="TakeLeftFork(f3,p2)"/> 
            <next value="62"/> 
        </xnode> 
        <xnode> 
            <key value="19"/> 
            <event value="TakeRightFork(f3,p1)"/> 
            <next value="17"/> 
        </xnode> 
        <xnode> 
            <key value="19"/> 
            <event value="DropFork(f1,p3)"/> 
            <next value="10"/> 
        </xnode> 
        <xnode> 
            <key value="19"/> 
            <event value="DropFork(f2,p2)"/> 
            <next value="9"/> 
        </xnode> 
        <xnode> 
            <key value="20"/> 
            <event value="TakeLeftFork(f1,p1)"/> 
            <next value="63"/> 
        </xnode> 
        <xnode> 
            <key value="20"/> 
            <event value="TakeLeftFork(f2,p2)"/> 
            <next value="64"/> 
        </xnode> 
        <xnode> 
            <key value="20"/> 
            <event value="TakeLeftFork(f3,p3)"/> 
            <next value="65"/> 
        </xnode> 
        <xnode> 
            <key value="20"/> 
            <event value="TakeRightFork(f1,p2)"/> 
            <next value="66"/> 
        </xnode> 
        <xnode> 
            <key value="20"/> 
            <event value="TakeRightFork(f2,p3)"/> 
            <next value="67"/> 
        </xnode> 
        <xnode> 
            <key value="20"/> 
            <event value="TakeRightFork(f3,p1)"/> 
            <next value="68"/> 
        </xnode> 
        <xnode> 
            <key value="21"/> 
            <event value="TakeLeftFork(f2,p3)"/> 
            <next value="52"/> 
        </xnode> 
        <xnode> 
            <key value="21"/> 
            <event value="TakeLeftFork(f3,p2)"/> 
            <next value="27"/> 
        </xnode> 
        <xnode> 
            <key value="21"/> 
            <event value="TakeRightFork(f2,p1)"/> 
            <next value="55"/> 
        </xnode> 
        <xnode> 
            <key value="21"/> 
            <event value="TakeRightFork(f3,p3)"/> 
            <next value="51"/> 
        </xnode> 
        <xnode> 
            <key value="21"/> 
            <event value="DropFork(f1,p1)"/> 
            <next value="5"/> 
        </xnode> 
        <xnode> 
            <key value="22"/> 
            <event value="TakeLeftFork(f1,p1)"/> 
            <next value="52"/> 
        </xnode> 
        <xnode> 
            <key value="22"/> 
            <event value="TakeLeftFork(f3,p2)"/> 
            <next value="28"/> 
        </xnode> 
        <xnode> 
            <key value="22"/> 
            <event value="TakeRightFork(f1,p2)"/> 
            <next value="47"/> 
        </xnode> 
        <xnode> 
            <key value="22"/> 
            <event value="TakeRightFork(f3,p3)"/> 
            <next value="46"/> 
        </xnode> 
        <xnode> 
            <key value="22"/> 
            <event value="DropFork(f2,p3)"/> 
            <next value="5"/> 
        </xnode> 
        <xnode> 
            <key value="68"/> 
            <event value="TakeLeftFork(f1,p1)"/> 
            <next value="69"/> 
        </xnode> 
        <xnode> 
            <key value="68"/> 
            <event value="TakeLeftFork(f2,p2)"/> 
            <next value="70"/> 
        </xnode> 
        <xnode> 
            <key value="68"/> 
            <event value="TakeRightFork(f1,p2)"/> 
            <next value="71"/> 
        </xnode> 
        <xnode> 
            <key value="68"/> 
            <event value="TakeRightFork(f2,p3)"/> 
            <next value="72"/> 
        </xnode> 
        <xnode> 
            <key value="68"/> 
            <event value="DropFork(f3,p1)"/> 
            <next value="20"/> 
        </xnode> 
        <xnode> 
            <key value="72"/> 
            <event value="TakeLeftFork(f1,p1)"/> 
            <next value="73"/> 
        </xnode> 
        <xnode> 
            <key value="72"/> 
            <event value="TakeRightFork(f1,p2)"/> 
            <next value="74"/> 
        </xnode> 
        <xnode> 
            <key value="72"/> 
            <event value="DropFork(f2,p3)"/> 
            <next value="68"/> 
        </xnode> 
        <xnode> 
            <key value="72"/> 
            <event value="DropFork(f3,p1)"/> 
            <next value="67"/> 
        </xnode> 
        <xnode> 
            <key value="24"/> 
            <event value="TakeLeftFork(f2,p3)"/> 
            <next value="47"/> 
        </xnode> 
        <xnode> 
            <key value="24"/> 
            <event value="TakeLeftFork(f3,p2)"/> 
            <next value="29"/> 
        </xnode> 
        <xnode> 
            <key value="24"/> 
            <event value="TakeRightFork(f2,p1)"/> 
            <next value="40"/> 
        </xnode> 
        <xnode> 
            <key value="24"/> 
            <event value="TakeRightFork(f3,p3)"/> 
            <next value="43"/> 
        </xnode> 
        <xnode> 
            <key value="24"/> 
            <event value="DropFork(f1,p2)"/> 
            <next value="5"/> 
        </xnode> 
        <xnode> 
            <key value="74"/> 
            <event value="DropFork(f1,p2)"/> 
            <next value="72"/> 
        </xnode> 
        <xnode> 
            <key value="74"/> 
            <event value="DropFork(f2,p3)"/> 
            <next value="71"/> 
        </xnode> 
        <xnode> 
            <key value="74"/> 
            <event value="DropFork(f3,p1)"/> 
            <next value="75"/> 
        </xnode> 
        <xnode> 
            <key value="75"/> 
            <event value="TakeLeftFork(f3,p3)"/> 
            <next value="76"/> 
        </xnode> 
        <xnode> 
            <key value="75"/> 
            <event value="TakeRightFork(f3,p1)"/> 
            <next value="74"/> 
        </xnode> 
        <xnode> 
            <key value="75"/> 
            <event value="DropFork(f1,p2)"/> 
            <next value="67"/> 
        </xnode> 
        <xnode> 
            <key value="75"/> 
            <event value="DropFork(f2,p3)"/> 
            <next value="66"/> 
        </xnode> 
        <xnode> 
            <key value="25"/> 
            <event value="TakeLeftFork(f1,p1)"/> 
            <next value="55"/> 
        </xnode> 
        <xnode> 
            <key value="25"/> 
            <event value="TakeLeftFork(f3,p2)"/> 
            <next value="30"/> 
        </xnode> 
        <xnode> 
            <key value="25"/> 
            <event value="TakeRightFork(f1,p2)"/> 
            <next value="40"/> 
        </xnode> 
        <xnode> 
            <key value="25"/> 
            <event value="TakeRightFork(f3,p3)"/> 
            <next value="42"/> 
        </xnode> 
        <xnode> 
            <key value="25"/> 
            <event value="DropFork(f2,p1)"/> 
            <next value="5"/> 
        </xnode> 
        <xnode> 
            <key value="26"/> 
            <event value="TakeLeftFork(f1,p1)"/> 
            <next value="51"/> 
        </xnode> 
        <xnode> 
            <key value="26"/> 
            <event value="TakeLeftFork(f2,p3)"/> 
            <next value="46"/> 
        </xnode> 
        <xnode> 
            <key value="26"/> 
            <event value="TakeRightFork(f1,p2)"/> 
            <next value="43"/> 
        </xnode> 
        <xnode> 
            <key value="26"/> 
            <event value="TakeRightFork(f2,p1)"/> 
            <next value="42"/> 
        </xnode> 
        <xnode> 
            <key value="26"/> 
            <event value="DropFork(f3,p3)"/> 
            <next value="5"/> 
        </xnode> 
        <xnode> 
            <key value="31"/> 
            <event value="TakeLeftFork(f3,p2)"/> 
            <next value="77"/> 
        </xnode> 
        <xnode> 
            <key value="31"/> 
            <event value="TakeRightFork(f3,p1)"/> 
            <next value="45"/> 
        </xnode> 
        <xnode> 
            <key value="31"/> 
            <event value="DropFork(f1,p1)"/> 
            <next value="7"/> 
        </xnode> 
        <xnode> 
            <key value="31"/> 
            <event value="DropFork(f2,p3)"/> 
            <next value="6"/> 
        </xnode> 
        <xnode> 
            <key value="76"/> 
            <event value="DropFork(f1,p2)"/> 
            <next value="78"/> 
        </xnode> 
        <xnode> 
            <key value="76"/> 
            <event value="DropFork(f2,p3)"/> 
            <next value="79"/> 
        </xnode> 
        <xnode> 
            <key value="76"/> 
            <event value="DropFork(f3,p3)"/> 
            <next value="75"/> 
        </xnode> 
        <xnode> 
            <key value="32"/> 
            <event value="TakeLeftFork(f2,p3)"/> 
            <next value="77"/> 
        </xnode> 
        <xnode> 
            <key value="32"/> 
            <event value="TakeRightFork(f2,p2)"/> 
            <next value="80"/> 
        </xnode> 
        <xnode> 
            <key value="32"/> 
            <event value="DropFork(f1,p1)"/> 
            <next value="8"/> 
        </xnode> 
        <xnode> 
            <key value="32"/> 
            <event value="DropFork(f3,p2)"/> 
            <next value="6"/> 
        </xnode> 
        <xnode> 
            <key value="79"/> 
            <event value="TakeLeftFork(f2,p2)"/> 
            <next value="81"/> 
        </xnode> 
        <xnode> 
            <key value="79"/> 
            <event value="TakeRightFork(f2,p3)"/> 
            <next value="76"/> 
        </xnode> 
        <xnode> 
            <key value="79"/> 
            <event value="DropFork(f1,p2)"/> 
            <next value="65"/> 
        </xnode> 
        <xnode> 
            <key value="79"/> 
            <event value="DropFork(f3,p3)"/> 
            <next value="66"/> 
        </xnode> 
        <xnode> 
            <key value="33"/> 
            <event value="TakeLeftFork(f3,p2)"/> 
            <next value="80"/> 
        </xnode> 
        <xnode> 
            <key value="33"/> 
            <event value="TakeRightFork(f3,p1)"/> 
            <next value="16"/> 
        </xnode> 
        <xnode> 
            <key value="33"/> 
            <event value="DropFork(f1,p1)"/> 
            <next value="10"/> 
        </xnode> 
        <xnode> 
            <key value="33"/> 
            <event value="DropFork(f2,p2)"/> 
            <next value="6"/> 
        </xnode> 
        <xnode> 
            <key value="81"/> 
            <event value="DropFork(f1,p2)"/> 
            <next value="82"/> 
        </xnode> 
        <xnode> 
            <key value="81"/> 
            <event value="DropFork(f2,p2)"/> 
            <next value="79"/> 
        </xnode> 
        <xnode> 
            <key value="81"/> 
            <event value="DropFork(f3,p3)"/> 
            <next value="83"/> 
        </xnode> 
        <xnode> 
            <key value="34"/> 
            <event value="TakeLeftFork(f1,p1)"/> 
            <next value="77"/> 
        </xnode> 
        <xnode> 
            <key value="34"/> 
            <event value="TakeRightFork(f1,p3)"/> 
            <next value="84"/> 
        </xnode> 
        <xnode> 
            <key value="34"/> 
            <event value="DropFork(f2,p3)"/> 
            <next value="8"/> 
        </xnode> 
        <xnode> 
            <key value="34"/> 
            <event value="DropFork(f3,p2)"/> 
            <next value="7"/> 
        </xnode> 
        <xnode> 
            <key value="83"/> 
            <event value="TakeLeftFork(f3,p3)"/> 
            <next value="81"/> 
        </xnode> 
        <xnode> 
            <key value="83"/> 
            <event value="TakeRightFork(f3,p1)"/> 
            <next value="85"/> 
        </xnode> 
        <xnode> 
            <key value="83"/> 
            <event value="DropFork(f1,p2)"/> 
            <next value="64"/> 
        </xnode> 
        <xnode> 
            <key value="83"/> 
            <event value="DropFork(f2,p2)"/> 
            <next value="66"/> 
        </xnode> 
        <xnode> 
            <key value="35"/> 
            <event value="TakeLeftFork(f3,p2)"/> 
            <next value="84"/> 
        </xnode> 
        <xnode> 
            <key value="35"/> 
            <event value="TakeRightFork(f3,p1)"/> 
            <next value="48"/> 
        </xnode> 
        <xnode> 
            <key value="35"/> 
            <event value="DropFork(f1,p3)"/> 
            <next value="7"/> 
        </xnode> 
        <xnode> 
            <key value="35"/> 
            <event value="DropFork(f2,p3)"/> 
            <next value="9"/> 
        </xnode> 
        <xnode> 
            <key value="36"/> 
            <event value="TakeLeftFork(f2,p3)"/> 
            <next value="84"/> 
        </xnode> 
        <xnode> 
            <key value="36"/> 
            <event value="TakeRightFork(f2,p2)"/> 
            <next value="62"/> 
        </xnode> 
        <xnode> 
            <key value="36"/> 
            <event value="DropFork(f1,p3)"/> 
            <next value="8"/> 
        </xnode> 
        <xnode> 
            <key value="36"/> 
            <event value="DropFork(f3,p2)"/> 
            <next value="9"/> 
        </xnode> 
        <xnode> 
            <key value="37"/> 
            <event value="TakeLeftFork(f1,p1)"/> 
            <next value="80"/> 
        </xnode> 
        <xnode> 
            <key value="37"/> 
            <event value="TakeRightFork(f1,p3)"/> 
            <next value="62"/> 
        </xnode> 
        <xnode> 
            <key value="37"/> 
            <event value="DropFork(f2,p2)"/> 
            <next value="8"/> 
        </xnode> 
        <xnode> 
            <key value="37"/> 
            <event value="DropFork(f3,p2)"/> 
            <next value="10"/> 
        </xnode> 
        <xnode> 
            <key value="45"/> 
            <event value="DropFork(f1,p1)"/> 
            <next value="13"/> 
        </xnode> 
        <xnode> 
            <key value="45"/> 
            <event value="DropFork(f2,p3)"/> 
            <next value="12"/> 
        </xnode> 
        <xnode> 
            <key value="45"/> 
            <event value="DropFork(f3,p1)"/> 
            <next value="31"/> 
        </xnode> 
        <xnode> 
            <key value="48"/> 
            <event value="DropFork(f1,p3)"/> 
            <next value="13"/> 
        </xnode> 
        <xnode> 
            <key value="48"/> 
            <event value="DropFork(f2,p3)"/> 
            <next value="14"/> 
        </xnode> 
        <xnode> 
            <key value="48"/> 
            <event value="DropFork(f3,p1)"/> 
            <next value="35"/> 
        </xnode> 
        <xnode> 
            <key value="56"/> 
            <event value="TakeLeftFork(f2,p2)"/> 
            <next value="86"/> 
        </xnode> 
        <xnode> 
            <key value="56"/> 
            <event value="TakeLeftFork(f3,p3)"/> 
            <next value="87"/> 
        </xnode> 
        <xnode> 
            <key value="56"/> 
            <event value="TakeRightFork(f2,p1)"/> 
            <next value="88"/> 
        </xnode> 
        <xnode> 
            <key value="56"/> 
            <event value="TakeRightFork(f3,p2)"/> 
            <next value="89"/> 
        </xnode> 
        <xnode> 
            <key value="56"/> 
            <event value="DropFork(f1,p1)"/> 
            <next value="18"/> 
        </xnode> 
        <xnode> 
            <key value="57"/> 
            <event value="TakeLeftFork(f1,p1)"/> 
            <next value="86"/> 
        </xnode> 
        <xnode> 
            <key value="57"/> 
            <event value="TakeLeftFork(f3,p3)"/> 
            <next value="90"/> 
        </xnode> 
        <xnode> 
            <key value="57"/> 
            <event value="TakeRightFork(f1,p3)"/> 
            <next value="91"/> 
        </xnode> 
        <xnode> 
            <key value="57"/> 
            <event value="TakeRightFork(f3,p2)"/> 
            <next value="92"/> 
        </xnode> 
        <xnode> 
            <key value="57"/> 
            <event value="DropFork(f2,p2)"/> 
            <next value="18"/> 
        </xnode> 
        <xnode> 
            <key value="58"/> 
            <event value="TakeLeftFork(f1,p1)"/> 
            <next value="87"/> 
        </xnode> 
        <xnode> 
            <key value="58"/> 
            <event value="TakeLeftFork(f2,p2)"/> 
            <next value="90"/> 
        </xnode> 
        <xnode> 
            <key value="58"/> 
            <event value="TakeRightFork(f1,p3)"/> 
            <next value="93"/> 
        </xnode> 
        <xnode> 
            <key value="58"/> 
            <event value="TakeRightFork(f2,p1)"/> 
            <next value="94"/> 
        </xnode> 
        <xnode> 
            <key value="58"/> 
            <event value="DropFork(f3,p3)"/> 
            <next value="18"/> 
        </xnode> 
        <xnode> 
            <key value="85"/> 
            <event value="DropFork(f1,p2)"/> 
            <next value="70"/> 
        </xnode> 
        <xnode> 
            <key value="85"/> 
            <event value="DropFork(f2,p2)"/> 
            <next value="71"/> 
        </xnode> 
        <xnode> 
            <key value="85"/> 
            <event value="DropFork(f3,p1)"/> 
            <next value="83"/> 
        </xnode> 
        <xnode> 
            <key value="59"/> 
            <event value="TakeLeftFork(f2,p2)"/> 
            <next value="91"/> 
        </xnode> 
        <xnode> 
            <key value="59"/> 
            <event value="TakeLeftFork(f3,p3)"/> 
            <next value="93"/> 
        </xnode> 
        <xnode> 
            <key value="59"/> 
            <event value="TakeRightFork(f2,p1)"/> 
            <next value="95"/> 
        </xnode> 
        <xnode> 
            <key value="59"/> 
            <event value="TakeRightFork(f3,p2)"/> 
            <next value="96"/> 
        </xnode> 
        <xnode> 
            <key value="59"/> 
            <event value="DropFork(f1,p3)"/> 
            <next value="18"/> 
        </xnode> 
        <xnode> 
            <key value="82"/> 
            <event value="TakeLeftFork(f1,p1)"/> 
            <next value="97"/> 
        </xnode> 
        <xnode> 
            <key value="82"/> 
            <event value="TakeRightFork(f1,p2)"/> 
            <next value="81"/> 
        </xnode> 
        <xnode> 
            <key value="82"/> 
            <event value="DropFork(f2,p2)"/> 
            <next value="65"/> 
        </xnode> 
        <xnode> 
            <key value="82"/> 
            <event value="DropFork(f3,p3)"/> 
            <next value="64"/> 
        </xnode> 
        <xnode> 
            <key value="60"/> 
            <event value="TakeLeftFork(f1,p1)"/> 
            <next value="88"/> 
        </xnode> 
        <xnode> 
            <key value="60"/> 
            <event value="TakeLeftFork(f3,p3)"/> 
            <next value="94"/> 
        </xnode> 
        <xnode> 
            <key value="60"/> 
            <event value="TakeRightFork(f1,p3)"/> 
            <next value="95"/> 
        </xnode> 
        <xnode> 
            <key value="60"/> 
            <event value="TakeRightFork(f3,p2)"/> 
            <next value="98"/> 
        </xnode> 
        <xnode> 
            <key value="60"/> 
            <event value="DropFork(f2,p1)"/> 
            <next value="18"/> 
        </xnode> 
        <xnode> 
            <key value="61"/> 
            <event value="TakeLeftFork(f1,p1)"/> 
            <next value="89"/> 
        </xnode> 
        <xnode> 
            <key value="61"/> 
            <event value="TakeLeftFork(f2,p2)"/> 
            <next value="92"/> 
        </xnode> 
        <xnode> 
            <key value="61"/> 
            <event value="TakeRightFork(f1,p3)"/> 
            <next value="96"/> 
        </xnode> 
        <xnode> 
            <key value="61"/> 
            <event value="TakeRightFork(f2,p1)"/> 
            <next value="98"/> 
        </xnode> 
        <xnode> 
            <key value="61"/> 
            <event value="DropFork(f3,p2)"/> 
            <next value="18"/> 
        </xnode> 
        <xnode> 
            <key value="62"/> 
            <event value="DropFork(f1,p3)"/> 
            <next value="37"/> 
        </xnode> 
        <xnode> 
            <key value="62"/> 
            <event value="DropFork(f2,p2)"/> 
            <next value="36"/> 
        </xnode> 
        <xnode> 
            <key value="62"/> 
            <event value="DropFork(f3,p2)"/> 
            <next value="19"/> 
        </xnode> 
        <xnode> 
            <key value="97"/> 
            <event value="DropFork(f1,p1)"/> 
            <next value="82"/> 
        </xnode> 
        <xnode> 
            <key value="97"/> 
            <event value="DropFork(f2,p2)"/> 
            <next value="99"/> 
        </xnode> 
        <xnode> 
            <key value="97"/> 
            <event value="DropFork(f3,p3)"/> 
            <next value="100"/> 
        </xnode> 
        <xnode> 
            <key value="100"/> 
            <event value="TakeLeftFork(f3,p3)"/> 
            <next value="97"/> 
        </xnode> 
        <xnode> 
            <key value="100"/> 
            <event value="TakeRightFork(f3,p1)"/> 
            <next value="101"/> 
        </xnode> 
        <xnode> 
            <key value="100"/> 
            <event value="DropFork(f1,p1)"/> 
            <next value="64"/> 
        </xnode> 
        <xnode> 
            <key value="100"/> 
            <event value="DropFork(f2,p2)"/> 
            <next value="63"/> 
        </xnode> 
        <xnode> 
            <key value="101"/> 
            <event value="DropFork(f1,p1)"/> 
            <next value="70"/> 
        </xnode> 
        <xnode> 
            <key value="101"/> 
            <event value="DropFork(f2,p2)"/> 
            <next value="69"/> 
        </xnode> 
        <xnode> 
            <key value="101"/> 
            <event value="DropFork(f3,p1)"/> 
            <next value="100"/> 
        </xnode> 
        <xnode> 
            <key value="99"/> 
            <event value="TakeLeftFork(f2,p2)"/> 
            <next value="97"/> 
        </xnode> 
        <xnode> 
            <key value="99"/> 
            <event value="TakeRightFork(f2,p3)"/> 
            <next value="102"/> 
        </xnode> 
        <xnode> 
            <key value="99"/> 
            <event value="DropFork(f1,p1)"/> 
            <next value="65"/> 
        </xnode> 
        <xnode> 
            <key value="99"/> 
            <event value="DropFork(f3,p3)"/> 
            <next value="63"/> 
        </xnode> 
        <xnode> 
            <key value="63"/> 
            <event value="TakeLeftFork(f2,p2)"/> 
            <next value="100"/> 
        </xnode> 
        <xnode> 
            <key value="63"/> 
            <event value="TakeLeftFork(f3,p3)"/> 
            <next value="99"/> 
        </xnode> 
        <xnode> 
            <key value="63"/> 
            <event value="TakeRightFork(f2,p3)"/> 
            <next value="103"/> 
        </xnode> 
        <xnode> 
            <key value="63"/> 
            <event value="TakeRightFork(f3,p1)"/> 
            <next value="69"/> 
        </xnode> 
        <xnode> 
            <key value="63"/> 
            <event value="DropFork(f1,p1)"/> 
            <next value="20"/> 
        </xnode> 
        <xnode> 
            <key value="102"/> 
            <event value="DropFork(f1,p1)"/> 
            <next value="78"/> 
        </xnode> 
        <xnode> 
            <key value="102"/> 
            <event value="DropFork(f2,p3)"/> 
            <next value="99"/> 
        </xnode> 
        <xnode> 
            <key value="102"/> 
            <event value="DropFork(f3,p3)"/> 
            <next value="103"/> 
        </xnode> 
        <xnode> 
            <key value="64"/> 
            <event value="TakeLeftFork(f1,p1)"/> 
            <next value="100"/> 
        </xnode> 
        <xnode> 
            <key value="64"/> 
            <event value="TakeLeftFork(f3,p3)"/> 
            <next value="82"/> 
        </xnode> 
        <xnode> 
            <key value="64"/> 
            <event value="TakeRightFork(f1,p2)"/> 
            <next value="83"/> 
        </xnode> 
        <xnode> 
            <key value="64"/> 
            <event value="TakeRightFork(f3,p1)"/> 
            <next value="70"/> 
        </xnode> 
        <xnode> 
            <key value="64"/> 
            <event value="DropFork(f2,p2)"/> 
            <next value="20"/> 
        </xnode> 
        <xnode> 
            <key value="78"/> 
            <event value="TakeLeftFork(f1,p1)"/> 
            <next value="102"/> 
        </xnode> 
        <xnode> 
            <key value="78"/> 
            <event value="TakeRightFork(f1,p2)"/> 
            <next value="76"/> 
        </xnode> 
        <xnode> 
            <key value="78"/> 
            <event value="DropFork(f2,p3)"/> 
            <next value="65"/> 
        </xnode> 
        <xnode> 
            <key value="78"/> 
            <event value="DropFork(f3,p3)"/> 
            <next value="67"/> 
        </xnode> 
        <xnode> 
            <key value="73"/> 
            <event value="DropFork(f1,p1)"/> 
            <next value="72"/> 
        </xnode> 
        <xnode> 
            <key value="73"/> 
            <event value="DropFork(f2,p3)"/> 
            <next value="69"/> 
        </xnode> 
        <xnode> 
            <key value="73"/> 
            <event value="DropFork(f3,p1)"/> 
            <next value="103"/> 
        </xnode> 
        <xnode> 
            <key value="65"/> 
            <event value="TakeLeftFork(f1,p1)"/> 
            <next value="99"/> 
        </xnode> 
        <xnode> 
            <key value="65"/> 
            <event value="TakeLeftFork(f2,p2)"/> 
            <next value="82"/> 
        </xnode> 
        <xnode> 
            <key value="65"/> 
            <event value="TakeRightFork(f1,p2)"/> 
            <next value="79"/> 
        </xnode> 
        <xnode> 
            <key value="65"/> 
            <event value="TakeRightFork(f2,p3)"/> 
            <next value="78"/> 
        </xnode> 
        <xnode> 
            <key value="65"/> 
            <event value="DropFork(f3,p3)"/> 
            <next value="20"/> 
        </xnode> 
        <xnode> 
            <key value="66"/> 
            <event value="TakeLeftFork(f2,p2)"/> 
            <next value="83"/> 
        </xnode> 
        <xnode> 
            <key value="66"/> 
            <event value="TakeLeftFork(f3,p3)"/> 
            <next value="79"/> 
        </xnode> 
        <xnode> 
            <key value="66"/> 
            <event value="TakeRightFork(f2,p3)"/> 
            <next value="75"/> 
        </xnode> 
        <xnode> 
            <key value="66"/> 
            <event value="TakeRightFork(f3,p1)"/> 
            <next value="71"/> 
        </xnode> 
        <xnode> 
            <key value="66"/> 
            <event value="DropFork(f1,p2)"/> 
            <next value="20"/> 
        </xnode> 
        <xnode> 
            <key value="71"/> 
            <event value="TakeLeftFork(f2,p2)"/> 
            <next value="85"/> 
        </xnode> 
        <xnode> 
            <key value="71"/> 
            <event value="TakeRightFork(f2,p3)"/> 
            <next value="74"/> 
        </xnode> 
        <xnode> 
            <key value="71"/> 
            <event value="DropFork(f1,p2)"/> 
            <next value="68"/> 
        </xnode> 
        <xnode> 
            <key value="71"/> 
            <event value="DropFork(f3,p1)"/> 
            <next value="66"/> 
        </xnode> 
        <xnode> 
            <key value="67"/> 
            <event value="TakeLeftFork(f1,p1)"/> 
            <next value="103"/> 
        </xnode> 
        <xnode> 
            <key value="67"/> 
            <event value="TakeLeftFork(f3,p3)"/> 
            <next value="78"/> 
        </xnode> 
        <xnode> 
            <key value="67"/> 
            <event value="TakeRightFork(f1,p2)"/> 
            <next value="75"/> 
        </xnode> 
        <xnode> 
            <key value="67"/> 
            <event value="TakeRightFork(f3,p1)"/> 
            <next value="72"/> 
        </xnode> 
        <xnode> 
            <key value="67"/> 
            <event value="DropFork(f2,p3)"/> 
            <next value="20"/> 
        </xnode> 
        <xnode> 
            <key value="69"/> 
            <event value="TakeLeftFork(f2,p2)"/> 
            <next value="101"/> 
        </xnode> 
        <xnode> 
            <key value="69"/> 
            <event value="TakeRightFork(f2,p3)"/> 
            <next value="73"/> 
        </xnode> 
        <xnode> 
            <key value="69"/> 
            <event value="DropFork(f1,p1)"/> 
            <next value="68"/> 
        </xnode> 
        <xnode> 
            <key value="69"/> 
            <event value="DropFork(f3,p1)"/> 
            <next value="63"/> 
        </xnode> 
        <xnode> 
            <key value="70"/> 
            <event value="TakeLeftFork(f1,p1)"/> 
            <next value="101"/> 
        </xnode> 
        <xnode> 
            <key value="70"/> 
            <event value="TakeRightFork(f1,p2)"/> 
            <next value="85"/> 
        </xnode> 
        <xnode> 
            <key value="70"/> 
            <event value="DropFork(f2,p2)"/> 
            <next value="68"/> 
        </xnode> 
        <xnode> 
            <key value="70"/> 
            <event value="DropFork(f3,p1)"/> 
            <next value="64"/> 
        </xnode> 
        <xnode> 
            <key value="77"/> 
            <event value="DropFork(f1,p1)"/> 
            <next value="34"/> 
        </xnode> 
        <xnode> 
            <key value="77"/> 
            <event value="DropFork(f2,p3)"/> 
            <next value="32"/> 
        </xnode> 
        <xnode> 
            <key value="77"/> 
            <event value="DropFork(f3,p2)"/> 
            <next value="31"/> 
        </xnode> 
        <xnode> 
            <key value="80"/> 
            <event value="DropFork(f1,p1)"/> 
            <next value="37"/> 
        </xnode> 
        <xnode> 
            <key value="80"/> 
            <event value="DropFork(f2,p2)"/> 
            <next value="32"/> 
        </xnode> 
        <xnode> 
            <key value="80"/> 
            <event value="DropFork(f3,p2)"/> 
            <next value="33"/> 
        </xnode> 
        <xnode> 
            <key value="84"/> 
            <event value="DropFork(f1,p3)"/> 
            <next value="34"/> 
        </xnode> 
        <xnode> 
            <key value="84"/> 
            <event value="DropFork(f2,p3)"/> 
            <next value="36"/> 
        </xnode> 
        <xnode> 
            <key value="84"/> 
            <event value="DropFork(f3,p2)"/> 
            <next value="35"/> 
        </xnode> 
        <xnode> 
            <key value="86"/> 
            <event value="TakeLeftFork(f3,p3)"/> 
            <next value="104"/> 
        </xnode> 
        <xnode> 
            <key value="86"/> 
            <event value="TakeRightFork(f3,p2)"/> 
            <next value="105"/> 
        </xnode> 
        <xnode> 
            <key value="86"/> 
            <event value="DropFork(f1,p1)"/> 
            <next value="57"/> 
        </xnode> 
        <xnode> 
            <key value="86"/> 
            <event value="DropFork(f2,p2)"/> 
            <next value="56"/> 
        </xnode> 
        <xnode> 
            <key value="87"/> 
            <event value="TakeLeftFork(f2,p2)"/> 
            <next value="104"/> 
        </xnode> 
        <xnode> 
            <key value="87"/> 
            <event value="TakeRightFork(f2,p1)"/> 
            <next value="106"/> 
        </xnode> 
        <xnode> 
            <key value="87"/> 
            <event value="DropFork(f1,p1)"/> 
            <next value="58"/> 
        </xnode> 
        <xnode> 
            <key value="87"/> 
            <event value="DropFork(f3,p3)"/> 
            <next value="56"/> 
        </xnode> 
        <xnode> 
            <key value="88"/> 
            <event value="TakeLeftFork(f3,p3)"/> 
            <next value="106"/> 
        </xnode> 
        <xnode> 
            <key value="88"/> 
            <event value="TakeRightFork(f3,p2)"/> 
            <next value="107"/> 
        </xnode> 
        <xnode> 
            <key value="88"/> 
            <event value="DropFork(f1,p1)"/> 
            <next value="60"/> 
        </xnode> 
        <xnode> 
            <key value="88"/> 
            <event value="DropFork(f2,p1)"/> 
            <next value="56"/> 
        </xnode> 
        <xnode> 
            <key value="89"/> 
            <event value="TakeLeftFork(f2,p2)"/> 
            <next value="105"/> 
        </xnode> 
        <xnode> 
            <key value="89"/> 
            <event value="TakeRightFork(f2,p1)"/> 
            <next value="107"/> 
        </xnode> 
        <xnode> 
            <key value="89"/> 
            <event value="DropFork(f1,p1)"/> 
            <next value="61"/> 
        </xnode> 
        <xnode> 
            <key value="89"/> 
            <event value="DropFork(f3,p2)"/> 
            <next value="56"/> 
        </xnode> 
        <xnode> 
            <key value="106"/> 
            <event value="DropFork(f1,p1)"/> 
            <next value="94"/> 
        </xnode> 
        <xnode> 
            <key value="106"/> 
            <event value="DropFork(f2,p1)"/> 
            <next value="87"/> 
        </xnode> 
        <xnode> 
            <key value="106"/> 
            <event value="DropFork(f3,p3)"/> 
            <next value="88"/> 
        </xnode> 
        <xnode> 
            <key value="90"/> 
            <event value="TakeLeftFork(f1,p1)"/> 
            <next value="104"/> 
        </xnode> 
        <xnode> 
            <key value="90"/> 
            <event value="TakeRightFork(f1,p3)"/> 
            <next value="108"/> 
        </xnode> 
        <xnode> 
            <key value="90"/> 
            <event value="DropFork(f2,p2)"/> 
            <next value="58"/> 
        </xnode> 
        <xnode> 
            <key value="90"/> 
            <event value="DropFork(f3,p3)"/> 
            <next value="57"/> 
        </xnode> 
        <xnode> 
            <key value="91"/> 
            <event value="TakeLeftFork(f3,p3)"/> 
            <next value="108"/> 
        </xnode> 
        <xnode> 
            <key value="91"/> 
            <event value="TakeRightFork(f3,p2)"/> 
            <next value="109"/> 
        </xnode> 
        <xnode> 
            <key value="91"/> 
            <event value="DropFork(f1,p3)"/> 
            <next value="57"/> 
        </xnode> 
        <xnode> 
            <key value="91"/> 
            <event value="DropFork(f2,p2)"/> 
            <next value="59"/> 
        </xnode> 
        <xnode> 
            <key value="92"/> 
            <event value="TakeLeftFork(f1,p1)"/> 
            <next value="105"/> 
        </xnode> 
        <xnode> 
            <key value="92"/> 
            <event value="TakeRightFork(f1,p3)"/> 
            <next value="109"/> 
        </xnode> 
        <xnode> 
            <key value="92"/> 
            <event value="DropFork(f2,p2)"/> 
            <next value="61"/> 
        </xnode> 
        <xnode> 
            <key value="92"/> 
            <event value="DropFork(f3,p2)"/> 
            <next value="57"/> 
        </xnode> 
        <xnode> 
            <key value="93"/> 
            <event value="TakeLeftFork(f2,p2)"/> 
            <next value="108"/> 
        </xnode> 
        <xnode> 
            <key value="93"/> 
            <event value="TakeRightFork(f2,p1)"/> 
            <next value="110"/> 
        </xnode> 
        <xnode> 
            <key value="93"/> 
            <event value="DropFork(f1,p3)"/> 
            <next value="58"/> 
        </xnode> 
        <xnode> 
            <key value="93"/> 
            <event value="DropFork(f3,p3)"/> 
            <next value="59"/> 
        </xnode> 
        <xnode> 
            <key value="108"/> 
            <event value="DropFork(f1,p3)"/> 
            <next value="90"/> 
        </xnode> 
        <xnode> 
            <key value="108"/> 
            <event value="DropFork(f2,p2)"/> 
            <next value="93"/> 
        </xnode> 
        <xnode> 
            <key value="108"/> 
            <event value="DropFork(f3,p3)"/> 
            <next value="91"/> 
        </xnode> 
        <xnode> 
            <key value="94"/> 
            <event value="TakeLeftFork(f1,p1)"/> 
            <next value="106"/> 
        </xnode> 
        <xnode> 
            <key value="94"/> 
            <event value="TakeRightFork(f1,p3)"/> 
            <next value="110"/> 
        </xnode> 
        <xnode> 
            <key value="94"/> 
            <event value="DropFork(f2,p1)"/> 
            <next value="58"/> 
        </xnode> 
        <xnode> 
            <key value="94"/> 
            <event value="DropFork(f3,p3)"/> 
            <next value="60"/> 
        </xnode> 
        <xnode> 
            <key value="95"/> 
            <event value="TakeLeftFork(f3,p3)"/> 
            <next value="110"/> 
        </xnode> 
        <xnode> 
            <key value="95"/> 
            <event value="TakeRightFork(f3,p2)"/> 
            <next value="111"/> 
        </xnode> 
        <xnode> 
            <key value="95"/> 
            <event value="DropFork(f1,p3)"/> 
            <next value="60"/> 
        </xnode> 
        <xnode> 
            <key value="95"/> 
            <event value="DropFork(f2,p1)"/> 
            <next value="59"/> 
        </xnode> 
        <xnode> 
            <key value="96"/> 
            <event value="TakeLeftFork(f2,p2)"/> 
            <next value="109"/> 
        </xnode> 
        <xnode> 
            <key value="96"/> 
            <event value="TakeRightFork(f2,p1)"/> 
            <next value="111"/> 
        </xnode> 
        <xnode> 
            <key value="96"/> 
            <event value="DropFork(f1,p3)"/> 
            <next value="61"/> 
        </xnode> 
        <xnode> 
            <key value="96"/> 
            <event value="DropFork(f3,p2)"/> 
            <next value="59"/> 
        </xnode> 
        <xnode> 
            <key value="98"/> 
            <event value="TakeLeftFork(f1,p1)"/> 
            <next value="107"/> 
        </xnode> 
        <xnode> 
            <key value="98"/> 
            <event value="TakeRightFork(f1,p3)"/> 
            <next value="111"/> 
        </xnode> 
        <xnode> 
            <key value="98"/> 
            <event value="DropFork(f2,p1)"/> 
            <next value="61"/> 
        </xnode> 
        <xnode> 
            <key value="98"/> 
            <event value="DropFork(f3,p2)"/> 
            <next value="60"/> 
        </xnode> 
        <xnode> 
            <key value="103"/> 
            <event value="TakeLeftFork(f3,p3)"/> 
            <next value="102"/> 
        </xnode> 
        <xnode> 
            <key value="103"/> 
            <event value="TakeRightFork(f3,p1)"/> 
            <next value="73"/> 
        </xnode> 
        <xnode> 
            <key value="103"/> 
            <event value="DropFork(f1,p1)"/> 
            <next value="67"/> 
        </xnode> 
        <xnode> 
            <key value="103"/> 
            <event value="DropFork(f2,p3)"/> 
            <next value="63"/> 
        </xnode> 
        <xnode> 
            <key value="104"/> 
            <event value="DropFork(f1,p1)"/> 
            <next value="90"/> 
        </xnode> 
        <xnode> 
            <key value="104"/> 
            <event value="DropFork(f2,p2)"/> 
            <next value="87"/> 
        </xnode> 
        <xnode> 
            <key value="104"/> 
            <event value="DropFork(f3,p3)"/> 
            <next value="86"/> 
        </xnode> 
        <xnode> 
            <key value="105"/> 
            <event value="DropFork(f1,p1)"/> 
            <next value="92"/> 
        </xnode> 
        <xnode> 
            <key value="105"/> 
            <event value="DropFork(f2,p2)"/> 
            <next value="89"/> 
        </xnode> 
        <xnode> 
            <key value="105"/> 
            <event value="DropFork(f3,p2)"/> 
            <next value="86"/> 
        </xnode> 
        <xnode> 
            <key value="107"/> 
            <event value="DropFork(f1,p1)"/> 
            <next value="98"/> 
        </xnode> 
        <xnode> 
            <key value="107"/> 
            <event value="DropFork(f2,p1)"/> 
            <next value="89"/> 
        </xnode> 
        <xnode> 
            <key value="107"/> 
            <event value="DropFork(f3,p2)"/> 
            <next value="88"/> 
        </xnode> 
        <xnode> 
            <key value="109"/> 
            <event value="DropFork(f1,p3)"/> 
            <next value="92"/> 
        </xnode> 
        <xnode> 
            <key value="109"/> 
            <event value="DropFork(f2,p2)"/> 
            <next value="96"/> 
        </xnode> 
        <xnode> 
            <key value="109"/> 
            <event value="DropFork(f3,p2)"/> 
            <next value="91"/> 
        </xnode> 
        <xnode> 
            <key value="110"/> 
            <event value="DropFork(f1,p3)"/> 
            <next value="94"/> 
        </xnode> 
        <xnode> 
            <key value="110"/> 
            <event value="DropFork(f2,p1)"/> 
            <next value="93"/> 
        </xnode> 
        <xnode> 
            <key value="110"/> 
            <event value="DropFork(f3,p3)"/> 
            <next value="95"/> 
        </xnode> 
        <xnode> 
            <key value="111"/> 
            <event value="DropFork(f1,p3)"/> 
            <next value="98"/> 
        </xnode> 
        <xnode> 
            <key value="111"/> 
            <event value="DropFork(f2,p1)"/> 
            <next value="96"/> 
        </xnode> 
        <xnode> 
            <key value="111"/> 
            <event value="DropFork(f3,p2)"/> 
            <next value="95"/> 
        </xnode> 
    </xnodes> 
</specification>