<specification name="scheduler.tex">
    <initialXNodes> 
        <initialXNode> 
            <ikey value="0"/> 
        </initialNNode> 
        <initialXNode> 
            <ikey value="0"/> 
        </initialNNode> 
    </initialXnodes> 

    <xnodes> 
        <xnode> 
            <key value="0"/> 
            <event value="New(Proc1)"/> 
            <next value="1"/> 
        </xnode> 
        <xnode> 
            <key value="0"/> 
            <event value="New(Proc2)"/> 
            <next value="2"/> 
        </xnode> 
        <xnode> 
            <key value="1"/> 
            <event value="New(Proc2)"/> 
            <next value="3"/> 
        </xnode> 
        <xnode> 
            <key value="1"/> 
            <event value="Del(Proc1)"/> 
            <next value="0"/> 
        </xnode> 
        <xnode> 
            <key value="1"/> 
            <event value="Ready(Proc1)"/> 
            <next value="4"/> 
        </xnode> 
        <xnode> 
            <key value="2"/> 
            <event value="New(Proc1)"/> 
            <next value="3"/> 
        </xnode> 
        <xnode> 
            <key value="2"/> 
            <event value="Del(Proc2)"/> 
            <next value="0"/> 
        </xnode> 
        <xnode> 
            <key value="2"/> 
            <event value="Ready(Proc2)"/> 
            <next value="5"/> 
        </xnode> 
        <xnode> 
            <key value="5"/> 
            <event value="New(Proc1)"/> 
            <next value="6"/> 
        </xnode> 
        <xnode> 
            <key value="5"/> 
            <event value="Enter(Proc2)"/> 
            <next value="7"/> 
        </xnode> 
        <xnode> 
            <key value="3"/> 
            <event value="Del(Proc1)"/> 
            <next value="2"/> 
        </xnode> 
        <xnode> 
            <key value="3"/> 
            <event value="Del(Proc2)"/> 
            <next value="1"/> 
        </xnode> 
        <xnode> 
            <key value="3"/> 
            <event value="Ready(Proc1)"/> 
            <next value="8"/> 
        </xnode> 
        <xnode> 
            <key value="3"/> 
            <event value="Ready(Proc2)"/> 
            <next value="6"/> 
        </xnode> 
        <xnode> 
            <key value="7"/> 
            <event value="New(Proc1)"/> 
            <next value="9"/> 
        </xnode> 
        <xnode> 
            <key value="7"/> 
            <event value="Leave(Proc2)"/> 
            <next value="2"/> 
        </xnode> 
        <xnode> 
            <key value="4"/> 
            <event value="New(Proc2)"/> 
            <next value="8"/> 
        </xnode> 
        <xnode> 
            <key value="4"/> 
            <event value="Enter(Proc1)"/> 
            <next value="10"/> 
        </xnode> 
        <xnode> 
            <key value="6"/> 
            <event value="Del(Proc1)"/> 
            <next value="5"/> 
        </xnode> 
        <xnode> 
            <key value="6"/> 
            <event value="Ready(Proc1)"/> 
            <next value="11"/> 
        </xnode> 
        <xnode> 
            <key value="6"/> 
            <event value="Enter(Proc2)"/> 
            <next value="9"/> 
        </xnode> 
        <xnode> 
            <key value="8"/> 
            <event value="Del(Proc2)"/> 
            <next value="4"/> 
        </xnode> 
        <xnode> 
            <key value="8"/> 
            <event value="Ready(Proc2)"/> 
            <next value="11"/> 
        </xnode> 
        <xnode> 
            <key value="8"/> 
            <event value="Enter(Proc1)"/> 
            <next value="12"/> 
        </xnode> 
        <xnode> 
            <key value="12"/> 
            <event value="Del(Proc2)"/> 
            <next value="10"/> 
        </xnode> 
        <xnode> 
            <key value="12"/> 
            <event value="Ready(Proc2)"/> 
            <next value="13"/> 
        </xnode> 
        <xnode> 
            <key value="12"/> 
            <event value="Leave(Proc1)"/> 
            <next value="3"/> 
        </xnode> 
        <xnode> 
            <key value="9"/> 
            <event value="Del(Proc1)"/> 
            <next value="7"/> 
        </xnode> 
        <xnode> 
            <key value="9"/> 
            <event value="Ready(Proc1)"/> 
            <next value="14"/> 
        </xnode> 
        <xnode> 
            <key value="9"/> 
            <event value="Leave(Proc2)"/> 
            <next value="3"/> 
        </xnode> 
        <xnode> 
            <key value="13"/> 
            <event value="Leave(Proc1)"/> 
            <next value="6"/> 
        </xnode> 
        <xnode> 
            <key value="10"/> 
            <event value="New(Proc2)"/> 
            <next value="12"/> 
        </xnode> 
        <xnode> 
            <key value="10"/> 
            <event value="Leave(Proc1)"/> 
            <next value="1"/> 
        </xnode> 
        <xnode> 
            <key value="11"/> 
            <event value="Enter(Proc1)"/> 
            <next value="13"/> 
        </xnode> 
        <xnode> 
            <key value="11"/> 
            <event value="Enter(Proc2)"/> 
            <next value="14"/> 
        </xnode> 
        <xnode> 
            <key value="14"/> 
            <event value="Leave(Proc2)"/> 
            <next value="8"/> 
        </xnode> 
    </xnodes> 
</specification>